Current working directory: /data00/chenjiajun/20250711/daily_test/jiangsu_power_cronjob_v1
2026-02-07 08:30:03,708 - INFO - [job] model: xgboost, train: True, labels: ['new_energy_wind', 'new_energy_solar'], date: 2025-10-03~2026-01-31, pipeline: 20260207-083003, meteo_source: HRES
2026-02-07 08:30:03,709 - data.py[line:1416] - INFO: Start to get ahead data.
2026-02-07 08:30:03,709 - INFO - Start to get ahead data.
2026-02-07 08:30:03,709 - data.py[line:1425] - INFO: Finish getting ahead data.
2026-02-07 08:30:03,709 - INFO - Finish getting ahead data.
2026-02-07 08:30:03,709 - data.py[line:1428] - INFO: Start to get realtime data.
2026-02-07 08:30:03,709 - INFO - Start to get realtime data.
2026-02-07 08:30:12,685 - data.py[line:1439] - INFO: Finish getting realtime data.
2026-02-07 08:30:12,685 - INFO - Finish getting realtime data.
2026-02-07 08:30:12,688 - data.py[line:1445] - INFO: Start to get meteo data.
2026-02-07 08:30:12,688 - INFO - Start to get meteo data.
/data00/chenjiajun/20250711/daily_test/jiangsu_power_cronjob_v1/api/io/mysql.py:27: UserWarning: pandas only supports SQLAlchemy connectable (engine/connection) or database string URI or sqlite3 DBAPI2 connection. Other DBAPI2 objects are not tested. Please consider using SQLAlchemy.
  df = pd.read_sql(
2026-02-07 08:30:30,306 - data.py[line:1459] - INFO: Finish getting meteo data.
2026-02-07 08:30:30,306 - INFO - Finish getting meteo data.
2026-02-07 08:30:30,429 - INFO - 样本数量:2877
2026-02-07 08:30:30,429 - INFO - 训练模型: new_energy_wind
2026-02-07 08:30:37,201 - INFO - 保存模型到: /data00/chenjiajun/20250711/daily_test/jiangsu_power_cronjob_v1/local/checkpoints/new_energy_wind-realtime-by_day-noa-unweighted.json
2026-02-07 08:30:37,248 - INFO - 读取模型文件: /data00/chenjiajun/20250711/daily_test/jiangsu_power_cronjob_v1/local/checkpoints/new_energy_wind-realtime-by_day-noa-unweighted.json
2026-02-07 08:30:37,394 - INFO - Finish predicting new_energy_wind
2026-02-07 08:30:37,440 - INFO - 样本数量:2877
2026-02-07 08:30:37,440 - INFO - 训练模型: new_energy_solar
2026-02-07 08:30:38,779 - INFO - 保存模型到: /data00/chenjiajun/20250711/daily_test/jiangsu_power_cronjob_v1/local/checkpoints/new_energy_solar-realtime-by_day-noa-unweighted.json
2026-02-07 08:30:38,806 - INFO - 读取模型文件: /data00/chenjiajun/20250711/daily_test/jiangsu_power_cronjob_v1/local/checkpoints/new_energy_solar-realtime-by_day-noa-unweighted.json
2026-02-07 08:30:38,892 - INFO - Finish predicting new_energy_solar
2026-02-07 08:30:38,923 - INFO - new_energy_wind 预测准确率: 0.9809848066806381
2026-02-07 08:30:38,926 - INFO - new_energy_solar 预测准确率: 0.9895997398177235
2026-02-07 08:30:40,978 - INFO - [job] model: xgboost, train: False, labels: ['new_energy_wind', 'new_energy_solar'], date: 2026-02-06~2026-02-18, pipeline: 20260207-083040, meteo_source: HRES
2026-02-07 08:30:40,979 - data.py[line:1445] - INFO: Start to get meteo data.
2026-02-07 08:30:40,979 - INFO - Start to get meteo data.
/data00/chenjiajun/20250711/daily_test/jiangsu_power_cronjob_v1/api/io/mysql.py:27: UserWarning: pandas only supports SQLAlchemy connectable (engine/connection) or database string URI or sqlite3 DBAPI2 connection. Other DBAPI2 objects are not tested. Please consider using SQLAlchemy.
  df = pd.read_sql(
2026-02-07 08:30:43,552 - data.py[line:1459] - INFO: Finish getting meteo data.
2026-02-07 08:30:43,552 - INFO - Finish getting meteo data.
2026-02-07 08:30:43,565 - INFO - 样本数量:288
2026-02-07 08:30:43,565 - INFO - 读取模型文件: /data00/chenjiajun/20250711/daily_test/jiangsu_power_cronjob_v1/local/checkpoints/new_energy_wind-realtime-by_day-noa-unweighted.json
2026-02-07 08:30:44,656 - INFO - Finish predicting new_energy_wind
/data00/chenjiajun/20250711/daily_test/jiangsu_power_cronjob_v1/df_to_mongo.py:196: FutureWarning: DataFrame.interpolate with object dtype is deprecated and will raise in a future version. Call obj.infer_objects(copy=False) before interpolating instead.
  day_resampled = day_group.resample('15min').interpolate(method='linear')
/data00/chenjiajun/20250711/daily_test/jiangsu_power_cronjob_v1/df_to_mongo.py:200: FutureWarning: DataFrame.fillna with 'method' is deprecated and will raise in a future version. Use obj.ffill() or obj.bfill() instead.
  day_full[numeric_cols] = day_full[numeric_cols].interpolate(method='linear').fillna(method='bfill')
/data00/chenjiajun/20250711/daily_test/jiangsu_power_cronjob_v1/df_to_mongo.py:196: FutureWarning: DataFrame.interpolate with object dtype is deprecated and will raise in a future version. Call obj.infer_objects(copy=False) before interpolating instead.
  day_resampled = day_group.resample('15min').interpolate(method='linear')
/data00/chenjiajun/20250711/daily_test/jiangsu_power_cronjob_v1/df_to_mongo.py:200: FutureWarning: DataFrame.fillna with 'method' is deprecated and will raise in a future version. Use obj.ffill() or obj.bfill() instead.
  day_full[numeric_cols] = day_full[numeric_cols].interpolate(method='linear').fillna(method='bfill')
/data00/chenjiajun/20250711/daily_test/jiangsu_power_cronjob_v1/df_to_mongo.py:196: FutureWarning: DataFrame.interpolate with object dtype is deprecated and will raise in a future version. Call obj.infer_objects(copy=False) before interpolating instead.
  day_resampled = day_group.resample('15min').interpolate(method='linear')
/data00/chenjiajun/20250711/daily_test/jiangsu_power_cronjob_v1/df_to_mongo.py:200: FutureWarning: DataFrame.fillna with 'method' is deprecated and will raise in a future version. Use obj.ffill() or obj.bfill() instead.
  day_full[numeric_cols] = day_full[numeric_cols].interpolate(method='linear').fillna(method='bfill')
/data00/chenjiajun/20250711/daily_test/jiangsu_power_cronjob_v1/df_to_mongo.py:196: FutureWarning: DataFrame.interpolate with object dtype is deprecated and will raise in a future version. Call obj.infer_objects(copy=False) before interpolating instead.
  day_resampled = day_group.resample('15min').interpolate(method='linear')
/data00/chenjiajun/20250711/daily_test/jiangsu_power_cronjob_v1/df_to_mongo.py:200: FutureWarning: DataFrame.fillna with 'method' is deprecated and will raise in a future version. Use obj.ffill() or obj.bfill() instead.
  day_full[numeric_cols] = day_full[numeric_cols].interpolate(method='linear').fillna(method='bfill')
/data00/chenjiajun/20250711/daily_test/jiangsu_power_cronjob_v1/df_to_mongo.py:196: FutureWarning: DataFrame.interpolate with object dtype is deprecated and will raise in a future version. Call obj.infer_objects(copy=False) before interpolating instead.
  day_resampled = day_group.resample('15min').interpolate(method='linear')
/data00/chenjiajun/20250711/daily_test/jiangsu_power_cronjob_v1/df_to_mongo.py:200: FutureWarning: DataFrame.fillna with 'method' is deprecated and will raise in a future version. Use obj.ffill() or obj.bfill() instead.
  day_full[numeric_cols] = day_full[numeric_cols].interpolate(method='linear').fillna(method='bfill')
/data00/chenjiajun/20250711/daily_test/jiangsu_power_cronjob_v1/df_to_mongo.py:196: FutureWarning: DataFrame.interpolate with object dtype is deprecated and will raise in a future version. Call obj.infer_objects(copy=False) before interpolating instead.
  day_resampled = day_group.resample('15min').interpolate(method='linear')
/data00/chenjiajun/20250711/daily_test/jiangsu_power_cronjob_v1/df_to_mongo.py:200: FutureWarning: DataFrame.fillna with 'method' is deprecated and will raise in a future version. Use obj.ffill() or obj.bfill() instead.
  day_full[numeric_cols] = day_full[numeric_cols].interpolate(method='linear').fillna(method='bfill')
/data00/chenjiajun/20250711/daily_test/jiangsu_power_cronjob_v1/df_to_mongo.py:196: FutureWarning: DataFrame.interpolate with object dtype is deprecated and will raise in a future version. Call obj.infer_objects(copy=False) before interpolating instead.
  day_resampled = day_group.resample('15min').interpolate(method='linear')
/data00/chenjiajun/20250711/daily_test/jiangsu_power_cronjob_v1/df_to_mongo.py:200: FutureWarning: DataFrame.fillna with 'method' is deprecated and will raise in a future version. Use obj.ffill() or obj.bfill() instead.
  day_full[numeric_cols] = day_full[numeric_cols].interpolate(method='linear').fillna(method='bfill')
/data00/chenjiajun/20250711/daily_test/jiangsu_power_cronjob_v1/df_to_mongo.py:196: FutureWarning: DataFrame.interpolate with object dtype is deprecated and will raise in a future version. Call obj.infer_objects(copy=False) before interpolating instead.
  day_resampled = day_group.resample('15min').interpolate(method='linear')
/data00/chenjiajun/20250711/daily_test/jiangsu_power_cronjob_v1/df_to_mongo.py:200: FutureWarning: DataFrame.fillna with 'method' is deprecated and will raise in a future version. Use obj.ffill() or obj.bfill() instead.
  day_full[numeric_cols] = day_full[numeric_cols].interpolate(method='linear').fillna(method='bfill')
/data00/chenjiajun/20250711/daily_test/jiangsu_power_cronjob_v1/df_to_mongo.py:196: FutureWarning: DataFrame.interpolate with object dtype is deprecated and will raise in a future version. Call obj.infer_objects(copy=False) before interpolating instead.
  day_resampled = day_group.resample('15min').interpolate(method='linear')
/data00/chenjiajun/20250711/daily_test/jiangsu_power_cronjob_v1/df_to_mongo.py:200: FutureWarning: DataFrame.fillna with 'method' is deprecated and will raise in a future version. Use obj.ffill() or obj.bfill() instead.
  day_full[numeric_cols] = day_full[numeric_cols].interpolate(method='linear').fillna(method='bfill')
/data00/chenjiajun/20250711/daily_test/jiangsu_power_cronjob_v1/df_to_mongo.py:196: FutureWarning: DataFrame.interpolate with object dtype is deprecated and will raise in a future version. Call obj.infer_objects(copy=False) before interpolating instead.
  day_resampled = day_group.resample('15min').interpolate(method='linear')
/data00/chenjiajun/20250711/daily_test/jiangsu_power_cronjob_v1/df_to_mongo.py:200: FutureWarning: DataFrame.fillna with 'method' is deprecated and will raise in a future version. Use obj.ffill() or obj.bfill() instead.
  day_full[numeric_cols] = day_full[numeric_cols].interpolate(method='linear').fillna(method='bfill')
/data00/chenjiajun/20250711/daily_test/jiangsu_power_cronjob_v1/df_to_mongo.py:196: FutureWarning: DataFrame.interpolate with object dtype is deprecated and will raise in a future version. Call obj.infer_objects(copy=False) before interpolating instead.
  day_resampled = day_group.resample('15min').interpolate(method='linear')
/data00/chenjiajun/20250711/daily_test/jiangsu_power_cronjob_v1/df_to_mongo.py:200: FutureWarning: DataFrame.fillna with 'method' is deprecated and will raise in a future version. Use obj.ffill() or obj.bfill() instead.
  day_full[numeric_cols] = day_full[numeric_cols].interpolate(method='linear').fillna(method='bfill')
/data00/chenjiajun/20250711/daily_test/jiangsu_power_cronjob_v1/df_to_mongo.py:196: FutureWarning: DataFrame.interpolate with object dtype is deprecated and will raise in a future version. Call obj.infer_objects(copy=False) before interpolating instead.
  day_resampled = day_group.resample('15min').interpolate(method='linear')
/data00/chenjiajun/20250711/daily_test/jiangsu_power_cronjob_v1/df_to_mongo.py:200: FutureWarning: DataFrame.fillna with 'method' is deprecated and will raise in a future version. Use obj.ffill() or obj.bfill() instead.
  day_full[numeric_cols] = day_full[numeric_cols].interpolate(method='linear').fillna(method='bfill')
2026-02-07 08:30:45,021 - INFO - 所有日期处理完成: 原始288条记录 -> 新1152条记录
2026-02-07 08:30:45,023 - INFO - 样本数量:288
2026-02-07 08:30:45,023 - INFO - 读取模型文件: /data00/chenjiajun/20250711/daily_test/jiangsu_power_cronjob_v1/local/checkpoints/new_energy_solar-realtime-by_day-noa-unweighted.json
2026-02-07 08:30:45,132 - INFO - Finish predicting new_energy_solar
/data00/chenjiajun/20250711/daily_test/jiangsu_power_cronjob_v1/df_to_mongo.py:196: FutureWarning: DataFrame.interpolate with object dtype is deprecated and will raise in a future version. Call obj.infer_objects(copy=False) before interpolating instead.
  day_resampled = day_group.resample('15min').interpolate(method='linear')
/data00/chenjiajun/20250711/daily_test/jiangsu_power_cronjob_v1/df_to_mongo.py:200: FutureWarning: DataFrame.fillna with 'method' is deprecated and will raise in a future version. Use obj.ffill() or obj.bfill() instead.
  day_full[numeric_cols] = day_full[numeric_cols].interpolate(method='linear').fillna(method='bfill')
/data00/chenjiajun/20250711/daily_test/jiangsu_power_cronjob_v1/df_to_mongo.py:196: FutureWarning: DataFrame.interpolate with object dtype is deprecated and will raise in a future version. Call obj.infer_objects(copy=False) before interpolating instead.
  day_resampled = day_group.resample('15min').interpolate(method='linear')
/data00/chenjiajun/20250711/daily_test/jiangsu_power_cronjob_v1/df_to_mongo.py:200: FutureWarning: DataFrame.fillna with 'method' is deprecated and will raise in a future version. Use obj.ffill() or obj.bfill() instead.
  day_full[numeric_cols] = day_full[numeric_cols].interpolate(method='linear').fillna(method='bfill')
/data00/chenjiajun/20250711/daily_test/jiangsu_power_cronjob_v1/df_to_mongo.py:196: FutureWarning: DataFrame.interpolate with object dtype is deprecated and will raise in a future version. Call obj.infer_objects(copy=False) before interpolating instead.
  day_resampled = day_group.resample('15min').interpolate(method='linear')
/data00/chenjiajun/20250711/daily_test/jiangsu_power_cronjob_v1/df_to_mongo.py:200: FutureWarning: DataFrame.fillna with 'method' is deprecated and will raise in a future version. Use obj.ffill() or obj.bfill() instead.
  day_full[numeric_cols] = day_full[numeric_cols].interpolate(method='linear').fillna(method='bfill')
/data00/chenjiajun/20250711/daily_test/jiangsu_power_cronjob_v1/df_to_mongo.py:196: FutureWarning: DataFrame.interpolate with object dtype is deprecated and will raise in a future version. Call obj.infer_objects(copy=False) before interpolating instead.
  day_resampled = day_group.resample('15min').interpolate(method='linear')
/data00/chenjiajun/20250711/daily_test/jiangsu_power_cronjob_v1/df_to_mongo.py:200: FutureWarning: DataFrame.fillna with 'method' is deprecated and will raise in a future version. Use obj.ffill() or obj.bfill() instead.
  day_full[numeric_cols] = day_full[numeric_cols].interpolate(method='linear').fillna(method='bfill')
/data00/chenjiajun/20250711/daily_test/jiangsu_power_cronjob_v1/df_to_mongo.py:196: FutureWarning: DataFrame.interpolate with object dtype is deprecated and will raise in a future version. Call obj.infer_objects(copy=False) before interpolating instead.
  day_resampled = day_group.resample('15min').interpolate(method='linear')
/data00/chenjiajun/20250711/daily_test/jiangsu_power_cronjob_v1/df_to_mongo.py:200: FutureWarning: DataFrame.fillna with 'method' is deprecated and will raise in a future version. Use obj.ffill() or obj.bfill() instead.
  day_full[numeric_cols] = day_full[numeric_cols].interpolate(method='linear').fillna(method='bfill')
/data00/chenjiajun/20250711/daily_test/jiangsu_power_cronjob_v1/df_to_mongo.py:196: FutureWarning: DataFrame.interpolate with object dtype is deprecated and will raise in a future version. Call obj.infer_objects(copy=False) before interpolating instead.
  day_resampled = day_group.resample('15min').interpolate(method='linear')
/data00/chenjiajun/20250711/daily_test/jiangsu_power_cronjob_v1/df_to_mongo.py:200: FutureWarning: DataFrame.fillna with 'method' is deprecated and will raise in a future version. Use obj.ffill() or obj.bfill() instead.
  day_full[numeric_cols] = day_full[numeric_cols].interpolate(method='linear').fillna(method='bfill')
/data00/chenjiajun/20250711/daily_test/jiangsu_power_cronjob_v1/df_to_mongo.py:196: FutureWarning: DataFrame.interpolate with object dtype is deprecated and will raise in a future version. Call obj.infer_objects(copy=False) before interpolating instead.
  day_resampled = day_group.resample('15min').interpolate(method='linear')
/data00/chenjiajun/20250711/daily_test/jiangsu_power_cronjob_v1/df_to_mongo.py:200: FutureWarning: DataFrame.fillna with 'method' is deprecated and will raise in a future version. Use obj.ffill() or obj.bfill() instead.
  day_full[numeric_cols] = day_full[numeric_cols].interpolate(method='linear').fillna(method='bfill')
/data00/chenjiajun/20250711/daily_test/jiangsu_power_cronjob_v1/df_to_mongo.py:196: FutureWarning: DataFrame.interpolate with object dtype is deprecated and will raise in a future version. Call obj.infer_objects(copy=False) before interpolating instead.
  day_resampled = day_group.resample('15min').interpolate(method='linear')
/data00/chenjiajun/20250711/daily_test/jiangsu_power_cronjob_v1/df_to_mongo.py:200: FutureWarning: DataFrame.fillna with 'method' is deprecated and will raise in a future version. Use obj.ffill() or obj.bfill() instead.
  day_full[numeric_cols] = day_full[numeric_cols].interpolate(method='linear').fillna(method='bfill')
/data00/chenjiajun/20250711/daily_test/jiangsu_power_cronjob_v1/df_to_mongo.py:196: FutureWarning: DataFrame.interpolate with object dtype is deprecated and will raise in a future version. Call obj.infer_objects(copy=False) before interpolating instead.
  day_resampled = day_group.resample('15min').interpolate(method='linear')
/data00/chenjiajun/20250711/daily_test/jiangsu_power_cronjob_v1/df_to_mongo.py:200: FutureWarning: DataFrame.fillna with 'method' is deprecated and will raise in a future version. Use obj.ffill() or obj.bfill() instead.
  day_full[numeric_cols] = day_full[numeric_cols].interpolate(method='linear').fillna(method='bfill')
/data00/chenjiajun/20250711/daily_test/jiangsu_power_cronjob_v1/df_to_mongo.py:196: FutureWarning: DataFrame.interpolate with object dtype is deprecated and will raise in a future version. Call obj.infer_objects(copy=False) before interpolating instead.
  day_resampled = day_group.resample('15min').interpolate(method='linear')
/data00/chenjiajun/20250711/daily_test/jiangsu_power_cronjob_v1/df_to_mongo.py:200: FutureWarning: DataFrame.fillna with 'method' is deprecated and will raise in a future version. Use obj.ffill() or obj.bfill() instead.
  day_full[numeric_cols] = day_full[numeric_cols].interpolate(method='linear').fillna(method='bfill')
/data00/chenjiajun/20250711/daily_test/jiangsu_power_cronjob_v1/df_to_mongo.py:196: FutureWarning: DataFrame.interpolate with object dtype is deprecated and will raise in a future version. Call obj.infer_objects(copy=False) before interpolating instead.
  day_resampled = day_group.resample('15min').interpolate(method='linear')
/data00/chenjiajun/20250711/daily_test/jiangsu_power_cronjob_v1/df_to_mongo.py:200: FutureWarning: DataFrame.fillna with 'method' is deprecated and will raise in a future version. Use obj.ffill() or obj.bfill() instead.
  day_full[numeric_cols] = day_full[numeric_cols].interpolate(method='linear').fillna(method='bfill')
/data00/chenjiajun/20250711/daily_test/jiangsu_power_cronjob_v1/df_to_mongo.py:196: FutureWarning: DataFrame.interpolate with object dtype is deprecated and will raise in a future version. Call obj.infer_objects(copy=False) before interpolating instead.
  day_resampled = day_group.resample('15min').interpolate(method='linear')
/data00/chenjiajun/20250711/daily_test/jiangsu_power_cronjob_v1/df_to_mongo.py:200: FutureWarning: DataFrame.fillna with 'method' is deprecated and will raise in a future version. Use obj.ffill() or obj.bfill() instead.
  day_full[numeric_cols] = day_full[numeric_cols].interpolate(method='linear').fillna(method='bfill')
2026-02-07 08:30:45,305 - INFO - 所有日期处理完成: 原始288条记录 -> 新1152条记录
2026-02-07 08:30:45,448 - INFO - 成功连接到MongoDB
2026-02-07 08:34:06,312 - INFO - 处理完成 - 成功: 1056 条, 失败: 0 条
               date_time create_time  ... version_date  version_time
0    2026-02-07 00:00:00  2026-02-07  ...   2026-02-06      20:00:00
1    2026-02-07 00:15:00  2026-02-07  ...   2026-02-06      20:00:00
2    2026-02-07 00:30:00  2026-02-07  ...   2026-02-06      20:00:00
3    2026-02-07 00:45:00  2026-02-07  ...   2026-02-06      20:00:00
4    2026-02-07 01:00:00  2026-02-07  ...   2026-02-06      20:00:00
...                  ...         ...  ...          ...           ...
1051 2026-02-17 22:45:00  2026-02-07  ...   2026-02-06      20:00:00
1052 2026-02-17 23:00:00  2026-02-07  ...   2026-02-06      20:00:00
1053 2026-02-17 23:15:00  2026-02-07  ...   2026-02-06      20:00:00
1054 2026-02-17 23:30:00  2026-02-07  ...   2026-02-06      20:00:00
1055 2026-02-17 23:45:00  2026-02-07  ...   2026-02-06      20:00:00

[1056 rows x 11 columns]
Current working directory: /data00/chenjiajun/20250711/daily_test/jiangsu_power_cronjob_v1
2026-02-08 08:30:03,665 - INFO - [job] model: xgboost, train: True, labels: ['new_energy_wind', 'new_energy_solar'], date: 2025-10-04~2026-02-01, pipeline: 20260208-083003, meteo_source: HRES
2026-02-08 08:30:03,666 - data.py[line:1416] - INFO: Start to get ahead data.
2026-02-08 08:30:03,666 - INFO - Start to get ahead data.
2026-02-08 08:30:03,666 - data.py[line:1425] - INFO: Finish getting ahead data.
2026-02-08 08:30:03,666 - INFO - Finish getting ahead data.
2026-02-08 08:30:03,666 - data.py[line:1428] - INFO: Start to get realtime data.
2026-02-08 08:30:03,666 - INFO - Start to get realtime data.
2026-02-08 08:30:12,193 - data.py[line:1439] - INFO: Finish getting realtime data.
2026-02-08 08:30:12,193 - INFO - Finish getting realtime data.
2026-02-08 08:30:12,195 - data.py[line:1445] - INFO: Start to get meteo data.
2026-02-08 08:30:12,195 - INFO - Start to get meteo data.
/data00/chenjiajun/20250711/daily_test/jiangsu_power_cronjob_v1/api/io/mysql.py:27: UserWarning: pandas only supports SQLAlchemy connectable (engine/connection) or database string URI or sqlite3 DBAPI2 connection. Other DBAPI2 objects are not tested. Please consider using SQLAlchemy.
  df = pd.read_sql(
2026-02-08 08:30:38,602 - data.py[line:1459] - INFO: Finish getting meteo data.
2026-02-08 08:30:38,602 - INFO - Finish getting meteo data.
2026-02-08 08:30:38,704 - INFO - 样本数量:2875
2026-02-08 08:30:38,704 - INFO - 训练模型: new_energy_wind
2026-02-08 08:30:45,498 - INFO - 保存模型到: /data00/chenjiajun/20250711/daily_test/jiangsu_power_cronjob_v1/local/checkpoints/new_energy_wind-realtime-by_day-noa-unweighted.json
2026-02-08 08:30:45,547 - INFO - 读取模型文件: /data00/chenjiajun/20250711/daily_test/jiangsu_power_cronjob_v1/local/checkpoints/new_energy_wind-realtime-by_day-noa-unweighted.json
2026-02-08 08:30:45,701 - INFO - Finish predicting new_energy_wind
2026-02-08 08:30:45,754 - INFO - 样本数量:2875
2026-02-08 08:30:45,754 - INFO - 训练模型: new_energy_solar
2026-02-08 08:30:47,188 - INFO - 保存模型到: /data00/chenjiajun/20250711/daily_test/jiangsu_power_cronjob_v1/local/checkpoints/new_energy_solar-realtime-by_day-noa-unweighted.json
2026-02-08 08:30:47,214 - INFO - 读取模型文件: /data00/chenjiajun/20250711/daily_test/jiangsu_power_cronjob_v1/local/checkpoints/new_energy_solar-realtime-by_day-noa-unweighted.json
2026-02-08 08:30:47,306 - INFO - Finish predicting new_energy_solar
2026-02-08 08:30:47,340 - INFO - new_energy_wind 预测准确率: 0.9813966106043394
2026-02-08 08:30:47,343 - INFO - new_energy_solar 预测准确率: 0.9894478426737636
2026-02-08 08:30:49,526 - INFO - [job] model: xgboost, train: False, labels: ['new_energy_wind', 'new_energy_solar'], date: 2026-02-07~2026-02-19, pipeline: 20260208-083049, meteo_source: HRES
2026-02-08 08:30:49,527 - data.py[line:1445] - INFO: Start to get meteo data.
2026-02-08 08:30:49,527 - INFO - Start to get meteo data.
/data00/chenjiajun/20250711/daily_test/jiangsu_power_cronjob_v1/api/io/mysql.py:27: UserWarning: pandas only supports SQLAlchemy connectable (engine/connection) or database string URI or sqlite3 DBAPI2 connection. Other DBAPI2 objects are not tested. Please consider using SQLAlchemy.
  df = pd.read_sql(
2026-02-08 08:30:52,726 - data.py[line:1459] - INFO: Finish getting meteo data.
2026-02-08 08:30:52,726 - INFO - Finish getting meteo data.
2026-02-08 08:30:52,740 - INFO - 样本数量:288
2026-02-08 08:30:52,740 - INFO - 读取模型文件: /data00/chenjiajun/20250711/daily_test/jiangsu_power_cronjob_v1/local/checkpoints/new_energy_wind-realtime-by_day-noa-unweighted.json
2026-02-08 08:30:53,954 - INFO - Finish predicting new_energy_wind
/data00/chenjiajun/20250711/daily_test/jiangsu_power_cronjob_v1/df_to_mongo.py:196: FutureWarning: DataFrame.interpolate with object dtype is deprecated and will raise in a future version. Call obj.infer_objects(copy=False) before interpolating instead.
  day_resampled = day_group.resample('15min').interpolate(method='linear')
/data00/chenjiajun/20250711/daily_test/jiangsu_power_cronjob_v1/df_to_mongo.py:200: FutureWarning: DataFrame.fillna with 'method' is deprecated and will raise in a future version. Use obj.ffill() or obj.bfill() instead.
  day_full[numeric_cols] = day_full[numeric_cols].interpolate(method='linear').fillna(method='bfill')
/data00/chenjiajun/20250711/daily_test/jiangsu_power_cronjob_v1/df_to_mongo.py:196: FutureWarning: DataFrame.interpolate with object dtype is deprecated and will raise in a future version. Call obj.infer_objects(copy=False) before interpolating instead.
  day_resampled = day_group.resample('15min').interpolate(method='linear')
/data00/chenjiajun/20250711/daily_test/jiangsu_power_cronjob_v1/df_to_mongo.py:200: FutureWarning: DataFrame.fillna with 'method' is deprecated and will raise in a future version. Use obj.ffill() or obj.bfill() instead.
  day_full[numeric_cols] = day_full[numeric_cols].interpolate(method='linear').fillna(method='bfill')
/data00/chenjiajun/20250711/daily_test/jiangsu_power_cronjob_v1/df_to_mongo.py:196: FutureWarning: DataFrame.interpolate with object dtype is deprecated and will raise in a future version. Call obj.infer_objects(copy=False) before interpolating instead.
  day_resampled = day_group.resample('15min').interpolate(method='linear')
/data00/chenjiajun/20250711/daily_test/jiangsu_power_cronjob_v1/df_to_mongo.py:200: FutureWarning: DataFrame.fillna with 'method' is deprecated and will raise in a future version. Use obj.ffill() or obj.bfill() instead.
  day_full[numeric_cols] = day_full[numeric_cols].interpolate(method='linear').fillna(method='bfill')
/data00/chenjiajun/20250711/daily_test/jiangsu_power_cronjob_v1/df_to_mongo.py:196: FutureWarning: DataFrame.interpolate with object dtype is deprecated and will raise in a future version. Call obj.infer_objects(copy=False) before interpolating instead.
  day_resampled = day_group.resample('15min').interpolate(method='linear')
/data00/chenjiajun/20250711/daily_test/jiangsu_power_cronjob_v1/df_to_mongo.py:200: FutureWarning: DataFrame.fillna with 'method' is deprecated and will raise in a future version. Use obj.ffill() or obj.bfill() instead.
  day_full[numeric_cols] = day_full[numeric_cols].interpolate(method='linear').fillna(method='bfill')
/data00/chenjiajun/20250711/daily_test/jiangsu_power_cronjob_v1/df_to_mongo.py:196: FutureWarning: DataFrame.interpolate with object dtype is deprecated and will raise in a future version. Call obj.infer_objects(copy=False) before interpolating instead.
  day_resampled = day_group.resample('15min').interpolate(method='linear')
/data00/chenjiajun/20250711/daily_test/jiangsu_power_cronjob_v1/df_to_mongo.py:200: FutureWarning: DataFrame.fillna with 'method' is deprecated and will raise in a future version. Use obj.ffill() or obj.bfill() instead.
  day_full[numeric_cols] = day_full[numeric_cols].interpolate(method='linear').fillna(method='bfill')
/data00/chenjiajun/20250711/daily_test/jiangsu_power_cronjob_v1/df_to_mongo.py:196: FutureWarning: DataFrame.interpolate with object dtype is deprecated and will raise in a future version. Call obj.infer_objects(copy=False) before interpolating instead.
  day_resampled = day_group.resample('15min').interpolate(method='linear')
/data00/chenjiajun/20250711/daily_test/jiangsu_power_cronjob_v1/df_to_mongo.py:200: FutureWarning: DataFrame.fillna with 'method' is deprecated and will raise in a future version. Use obj.ffill() or obj.bfill() instead.
  day_full[numeric_cols] = day_full[numeric_cols].interpolate(method='linear').fillna(method='bfill')
/data00/chenjiajun/20250711/daily_test/jiangsu_power_cronjob_v1/df_to_mongo.py:196: FutureWarning: DataFrame.interpolate with object dtype is deprecated and will raise in a future version. Call obj.infer_objects(copy=False) before interpolating instead.
  day_resampled = day_group.resample('15min').interpolate(method='linear')
/data00/chenjiajun/20250711/daily_test/jiangsu_power_cronjob_v1/df_to_mongo.py:200: FutureWarning: DataFrame.fillna with 'method' is deprecated and will raise in a future version. Use obj.ffill() or obj.bfill() instead.
  day_full[numeric_cols] = day_full[numeric_cols].interpolate(method='linear').fillna(method='bfill')
/data00/chenjiajun/20250711/daily_test/jiangsu_power_cronjob_v1/df_to_mongo.py:196: FutureWarning: DataFrame.interpolate with object dtype is deprecated and will raise in a future version. Call obj.infer_objects(copy=False) before interpolating instead.
  day_resampled = day_group.resample('15min').interpolate(method='linear')
/data00/chenjiajun/20250711/daily_test/jiangsu_power_cronjob_v1/df_to_mongo.py:200: FutureWarning: DataFrame.fillna with 'method' is deprecated and will raise in a future version. Use obj.ffill() or obj.bfill() instead.
  day_full[numeric_cols] = day_full[numeric_cols].interpolate(method='linear').fillna(method='bfill')
/data00/chenjiajun/20250711/daily_test/jiangsu_power_cronjob_v1/df_to_mongo.py:196: FutureWarning: DataFrame.interpolate with object dtype is deprecated and will raise in a future version. Call obj.infer_objects(copy=False) before interpolating instead.
  day_resampled = day_group.resample('15min').interpolate(method='linear')
/data00/chenjiajun/20250711/daily_test/jiangsu_power_cronjob_v1/df_to_mongo.py:200: FutureWarning: DataFrame.fillna with 'method' is deprecated and will raise in a future version. Use obj.ffill() or obj.bfill() instead.
  day_full[numeric_cols] = day_full[numeric_cols].interpolate(method='linear').fillna(method='bfill')
/data00/chenjiajun/20250711/daily_test/jiangsu_power_cronjob_v1/df_to_mongo.py:196: FutureWarning: DataFrame.interpolate with object dtype is deprecated and will raise in a future version. Call obj.infer_objects(copy=False) before interpolating instead.
  day_resampled = day_group.resample('15min').interpolate(method='linear')
/data00/chenjiajun/20250711/daily_test/jiangsu_power_cronjob_v1/df_to_mongo.py:200: FutureWarning: DataFrame.fillna with 'method' is deprecated and will raise in a future version. Use obj.ffill() or obj.bfill() instead.
  day_full[numeric_cols] = day_full[numeric_cols].interpolate(method='linear').fillna(method='bfill')
/data00/chenjiajun/20250711/daily_test/jiangsu_power_cronjob_v1/df_to_mongo.py:196: FutureWarning: DataFrame.interpolate with object dtype is deprecated and will raise in a future version. Call obj.infer_objects(copy=False) before interpolating instead.
  day_resampled = day_group.resample('15min').interpolate(method='linear')
/data00/chenjiajun/20250711/daily_test/jiangsu_power_cronjob_v1/df_to_mongo.py:200: FutureWarning: DataFrame.fillna with 'method' is deprecated and will raise in a future version. Use obj.ffill() or obj.bfill() instead.
  day_full[numeric_cols] = day_full[numeric_cols].interpolate(method='linear').fillna(method='bfill')
/data00/chenjiajun/20250711/daily_test/jiangsu_power_cronjob_v1/df_to_mongo.py:196: FutureWarning: DataFrame.interpolate with object dtype is deprecated and will raise in a future version. Call obj.infer_objects(copy=False) before interpolating instead.
  day_resampled = day_group.resample('15min').interpolate(method='linear')
/data00/chenjiajun/20250711/daily_test/jiangsu_power_cronjob_v1/df_to_mongo.py:200: FutureWarning: DataFrame.fillna with 'method' is deprecated and will raise in a future version. Use obj.ffill() or obj.bfill() instead.
  day_full[numeric_cols] = day_full[numeric_cols].interpolate(method='linear').fillna(method='bfill')
2026-02-08 08:30:54,381 - INFO - 所有日期处理完成: 原始288条记录 -> 新1152条记录
2026-02-08 08:30:54,384 - INFO - 样本数量:288
2026-02-08 08:30:54,384 - INFO - 读取模型文件: /data00/chenjiajun/20250711/daily_test/jiangsu_power_cronjob_v1/local/checkpoints/new_energy_solar-realtime-by_day-noa-unweighted.json
2026-02-08 08:30:54,485 - INFO - Finish predicting new_energy_solar
/data00/chenjiajun/20250711/daily_test/jiangsu_power_cronjob_v1/df_to_mongo.py:196: FutureWarning: DataFrame.interpolate with object dtype is deprecated and will raise in a future version. Call obj.infer_objects(copy=False) before interpolating instead.
  day_resampled = day_group.resample('15min').interpolate(method='linear')
/data00/chenjiajun/20250711/daily_test/jiangsu_power_cronjob_v1/df_to_mongo.py:200: FutureWarning: DataFrame.fillna with 'method' is deprecated and will raise in a future version. Use obj.ffill() or obj.bfill() instead.
  day_full[numeric_cols] = day_full[numeric_cols].interpolate(method='linear').fillna(method='bfill')
/data00/chenjiajun/20250711/daily_test/jiangsu_power_cronjob_v1/df_to_mongo.py:196: FutureWarning: DataFrame.interpolate with object dtype is deprecated and will raise in a future version. Call obj.infer_objects(copy=False) before interpolating instead.
  day_resampled = day_group.resample('15min').interpolate(method='linear')
/data00/chenjiajun/20250711/daily_test/jiangsu_power_cronjob_v1/df_to_mongo.py:200: FutureWarning: DataFrame.fillna with 'method' is deprecated and will raise in a future version. Use obj.ffill() or obj.bfill() instead.
  day_full[numeric_cols] = day_full[numeric_cols].interpolate(method='linear').fillna(method='bfill')
/data00/chenjiajun/20250711/daily_test/jiangsu_power_cronjob_v1/df_to_mongo.py:196: FutureWarning: DataFrame.interpolate with object dtype is deprecated and will raise in a future version. Call obj.infer_objects(copy=False) before interpolating instead.
  day_resampled = day_group.resample('15min').interpolate(method='linear')
/data00/chenjiajun/20250711/daily_test/jiangsu_power_cronjob_v1/df_to_mongo.py:200: FutureWarning: DataFrame.fillna with 'method' is deprecated and will raise in a future version. Use obj.ffill() or obj.bfill() instead.
  day_full[numeric_cols] = day_full[numeric_cols].interpolate(method='linear').fillna(method='bfill')
/data00/chenjiajun/20250711/daily_test/jiangsu_power_cronjob_v1/df_to_mongo.py:196: FutureWarning: DataFrame.interpolate with object dtype is deprecated and will raise in a future version. Call obj.infer_objects(copy=False) before interpolating instead.
  day_resampled = day_group.resample('15min').interpolate(method='linear')
/data00/chenjiajun/20250711/daily_test/jiangsu_power_cronjob_v1/df_to_mongo.py:200: FutureWarning: DataFrame.fillna with 'method' is deprecated and will raise in a future version. Use obj.ffill() or obj.bfill() instead.
  day_full[numeric_cols] = day_full[numeric_cols].interpolate(method='linear').fillna(method='bfill')
/data00/chenjiajun/20250711/daily_test/jiangsu_power_cronjob_v1/df_to_mongo.py:196: FutureWarning: DataFrame.interpolate with object dtype is deprecated and will raise in a future version. Call obj.infer_objects(copy=False) before interpolating instead.
  day_resampled = day_group.resample('15min').interpolate(method='linear')
/data00/chenjiajun/20250711/daily_test/jiangsu_power_cronjob_v1/df_to_mongo.py:200: FutureWarning: DataFrame.fillna with 'method' is deprecated and will raise in a future version. Use obj.ffill() or obj.bfill() instead.
  day_full[numeric_cols] = day_full[numeric_cols].interpolate(method='linear').fillna(method='bfill')
/data00/chenjiajun/20250711/daily_test/jiangsu_power_cronjob_v1/df_to_mongo.py:196: FutureWarning: DataFrame.interpolate with object dtype is deprecated and will raise in a future version. Call obj.infer_objects(copy=False) before interpolating instead.
  day_resampled = day_group.resample('15min').interpolate(method='linear')
/data00/chenjiajun/20250711/daily_test/jiangsu_power_cronjob_v1/df_to_mongo.py:200: FutureWarning: DataFrame.fillna with 'method' is deprecated and will raise in a future version. Use obj.ffill() or obj.bfill() instead.
  day_full[numeric_cols] = day_full[numeric_cols].interpolate(method='linear').fillna(method='bfill')
/data00/chenjiajun/20250711/daily_test/jiangsu_power_cronjob_v1/df_to_mongo.py:196: FutureWarning: DataFrame.interpolate with object dtype is deprecated and will raise in a future version. Call obj.infer_objects(copy=False) before interpolating instead.
  day_resampled = day_group.resample('15min').interpolate(method='linear')
/data00/chenjiajun/20250711/daily_test/jiangsu_power_cronjob_v1/df_to_mongo.py:200: FutureWarning: DataFrame.fillna with 'method' is deprecated and will raise in a future version. Use obj.ffill() or obj.bfill() instead.
  day_full[numeric_cols] = day_full[numeric_cols].interpolate(method='linear').fillna(method='bfill')
/data00/chenjiajun/20250711/daily_test/jiangsu_power_cronjob_v1/df_to_mongo.py:196: FutureWarning: DataFrame.interpolate with object dtype is deprecated and will raise in a future version. Call obj.infer_objects(copy=False) before interpolating instead.
  day_resampled = day_group.resample('15min').interpolate(method='linear')
/data00/chenjiajun/20250711/daily_test/jiangsu_power_cronjob_v1/df_to_mongo.py:200: FutureWarning: DataFrame.fillna with 'method' is deprecated and will raise in a future version. Use obj.ffill() or obj.bfill() instead.
  day_full[numeric_cols] = day_full[numeric_cols].interpolate(method='linear').fillna(method='bfill')
/data00/chenjiajun/20250711/daily_test/jiangsu_power_cronjob_v1/df_to_mongo.py:196: FutureWarning: DataFrame.interpolate with object dtype is deprecated and will raise in a future version. Call obj.infer_objects(copy=False) before interpolating instead.
  day_resampled = day_group.resample('15min').interpolate(method='linear')
/data00/chenjiajun/20250711/daily_test/jiangsu_power_cronjob_v1/df_to_mongo.py:200: FutureWarning: DataFrame.fillna with 'method' is deprecated and will raise in a future version. Use obj.ffill() or obj.bfill() instead.
  day_full[numeric_cols] = day_full[numeric_cols].interpolate(method='linear').fillna(method='bfill')
/data00/chenjiajun/20250711/daily_test/jiangsu_power_cronjob_v1/df_to_mongo.py:196: FutureWarning: DataFrame.interpolate with object dtype is deprecated and will raise in a future version. Call obj.infer_objects(copy=False) before interpolating instead.
  day_resampled = day_group.resample('15min').interpolate(method='linear')
/data00/chenjiajun/20250711/daily_test/jiangsu_power_cronjob_v1/df_to_mongo.py:200: FutureWarning: DataFrame.fillna with 'method' is deprecated and will raise in a future version. Use obj.ffill() or obj.bfill() instead.
  day_full[numeric_cols] = day_full[numeric_cols].interpolate(method='linear').fillna(method='bfill')
/data00/chenjiajun/20250711/daily_test/jiangsu_power_cronjob_v1/df_to_mongo.py:196: FutureWarning: DataFrame.interpolate with object dtype is deprecated and will raise in a future version. Call obj.infer_objects(copy=False) before interpolating instead.
  day_resampled = day_group.resample('15min').interpolate(method='linear')
/data00/chenjiajun/20250711/daily_test/jiangsu_power_cronjob_v1/df_to_mongo.py:200: FutureWarning: DataFrame.fillna with 'method' is deprecated and will raise in a future version. Use obj.ffill() or obj.bfill() instead.
  day_full[numeric_cols] = day_full[numeric_cols].interpolate(method='linear').fillna(method='bfill')
/data00/chenjiajun/20250711/daily_test/jiangsu_power_cronjob_v1/df_to_mongo.py:196: FutureWarning: DataFrame.interpolate with object dtype is deprecated and will raise in a future version. Call obj.infer_objects(copy=False) before interpolating instead.
  day_resampled = day_group.resample('15min').interpolate(method='linear')
/data00/chenjiajun/20250711/daily_test/jiangsu_power_cronjob_v1/df_to_mongo.py:200: FutureWarning: DataFrame.fillna with 'method' is deprecated and will raise in a future version. Use obj.ffill() or obj.bfill() instead.
  day_full[numeric_cols] = day_full[numeric_cols].interpolate(method='linear').fillna(method='bfill')
2026-02-08 08:30:54,676 - INFO - 所有日期处理完成: 原始288条记录 -> 新1152条记录
2026-02-08 08:30:54,838 - INFO - 成功连接到MongoDB
2026-02-08 08:34:26,250 - INFO - 处理完成 - 成功: 1056 条, 失败: 0 条
               date_time create_time  ... version_date  version_time
0    2026-02-08 00:00:00  2026-02-08  ...   2026-02-07      20:00:00
1    2026-02-08 00:15:00  2026-02-08  ...   2026-02-07      20:00:00
2    2026-02-08 00:30:00  2026-02-08  ...   2026-02-07      20:00:00
3    2026-02-08 00:45:00  2026-02-08  ...   2026-02-07      20:00:00
4    2026-02-08 01:00:00  2026-02-08  ...   2026-02-07      20:00:00
...                  ...         ...  ...          ...           ...
1051 2026-02-18 22:45:00  2026-02-08  ...   2026-02-07      20:00:00
1052 2026-02-18 23:00:00  2026-02-08  ...   2026-02-07      20:00:00
1053 2026-02-18 23:15:00  2026-02-08  ...   2026-02-07      20:00:00
1054 2026-02-18 23:30:00  2026-02-08  ...   2026-02-07      20:00:00
1055 2026-02-18 23:45:00  2026-02-08  ...   2026-02-07      20:00:00

[1056 rows x 11 columns]
Current working directory: /data00/chenjiajun/20250711/daily_test/jiangsu_power_cronjob_v1
2026-02-09 08:30:04,202 - INFO - [job] model: xgboost, train: True, labels: ['new_energy_wind', 'new_energy_solar'], date: 2025-10-05~2026-02-02, pipeline: 20260209-083004, meteo_source: HRES
2026-02-09 08:30:04,203 - data.py[line:1416] - INFO: Start to get ahead data.
2026-02-09 08:30:04,203 - INFO - Start to get ahead data.
2026-02-09 08:30:04,203 - data.py[line:1425] - INFO: Finish getting ahead data.
2026-02-09 08:30:04,203 - INFO - Finish getting ahead data.
2026-02-09 08:30:04,203 - data.py[line:1428] - INFO: Start to get realtime data.
2026-02-09 08:30:04,203 - INFO - Start to get realtime data.
2026-02-09 08:30:11,466 - data.py[line:1439] - INFO: Finish getting realtime data.
2026-02-09 08:30:11,466 - INFO - Finish getting realtime data.
2026-02-09 08:30:11,468 - data.py[line:1445] - INFO: Start to get meteo data.
2026-02-09 08:30:11,468 - INFO - Start to get meteo data.
/data00/chenjiajun/20250711/daily_test/jiangsu_power_cronjob_v1/api/io/mysql.py:27: UserWarning: pandas only supports SQLAlchemy connectable (engine/connection) or database string URI or sqlite3 DBAPI2 connection. Other DBAPI2 objects are not tested. Please consider using SQLAlchemy.
  df = pd.read_sql(
2026-02-09 08:30:31,353 - data.py[line:1459] - INFO: Finish getting meteo data.
2026-02-09 08:30:31,353 - INFO - Finish getting meteo data.
2026-02-09 08:30:31,456 - INFO - 样本数量:2874
2026-02-09 08:30:31,456 - INFO - 训练模型: new_energy_wind
2026-02-09 08:30:38,113 - INFO - 保存模型到: /data00/chenjiajun/20250711/daily_test/jiangsu_power_cronjob_v1/local/checkpoints/new_energy_wind-realtime-by_day-noa-unweighted.json
2026-02-09 08:30:38,162 - INFO - 读取模型文件: /data00/chenjiajun/20250711/daily_test/jiangsu_power_cronjob_v1/local/checkpoints/new_energy_wind-realtime-by_day-noa-unweighted.json
2026-02-09 08:30:38,330 - INFO - Finish predicting new_energy_wind
2026-02-09 08:30:38,370 - INFO - 样本数量:2874
2026-02-09 08:30:38,370 - INFO - 训练模型: new_energy_solar
2026-02-09 08:30:39,789 - INFO - 保存模型到: /data00/chenjiajun/20250711/daily_test/jiangsu_power_cronjob_v1/local/checkpoints/new_energy_solar-realtime-by_day-noa-unweighted.json
2026-02-09 08:30:39,816 - INFO - 读取模型文件: /data00/chenjiajun/20250711/daily_test/jiangsu_power_cronjob_v1/local/checkpoints/new_energy_solar-realtime-by_day-noa-unweighted.json
2026-02-09 08:30:39,949 - INFO - Finish predicting new_energy_solar
2026-02-09 08:30:39,987 - INFO - new_energy_wind 预测准确率: 0.9808381998835903
2026-02-09 08:30:39,990 - INFO - new_energy_solar 预测准确率: 0.9890690395075401
2026-02-09 08:30:41,909 - INFO - [job] model: xgboost, train: False, labels: ['new_energy_wind', 'new_energy_solar'], date: 2026-02-08~2026-02-20, pipeline: 20260209-083041, meteo_source: HRES
2026-02-09 08:30:41,910 - data.py[line:1445] - INFO: Start to get meteo data.
2026-02-09 08:30:41,910 - INFO - Start to get meteo data.
/data00/chenjiajun/20250711/daily_test/jiangsu_power_cronjob_v1/api/io/mysql.py:27: UserWarning: pandas only supports SQLAlchemy connectable (engine/connection) or database string URI or sqlite3 DBAPI2 connection. Other DBAPI2 objects are not tested. Please consider using SQLAlchemy.
  df = pd.read_sql(
2026-02-09 08:30:44,479 - data.py[line:1459] - INFO: Finish getting meteo data.
2026-02-09 08:30:44,479 - INFO - Finish getting meteo data.
2026-02-09 08:30:44,492 - INFO - 样本数量:288
2026-02-09 08:30:44,492 - INFO - 读取模型文件: /data00/chenjiajun/20250711/daily_test/jiangsu_power_cronjob_v1/local/checkpoints/new_energy_wind-realtime-by_day-noa-unweighted.json
2026-02-09 08:30:45,680 - INFO - Finish predicting new_energy_wind
/data00/chenjiajun/20250711/daily_test/jiangsu_power_cronjob_v1/df_to_mongo.py:196: FutureWarning: DataFrame.interpolate with object dtype is deprecated and will raise in a future version. Call obj.infer_objects(copy=False) before interpolating instead.
  day_resampled = day_group.resample('15min').interpolate(method='linear')
/data00/chenjiajun/20250711/daily_test/jiangsu_power_cronjob_v1/df_to_mongo.py:200: FutureWarning: DataFrame.fillna with 'method' is deprecated and will raise in a future version. Use obj.ffill() or obj.bfill() instead.
  day_full[numeric_cols] = day_full[numeric_cols].interpolate(method='linear').fillna(method='bfill')
/data00/chenjiajun/20250711/daily_test/jiangsu_power_cronjob_v1/df_to_mongo.py:196: FutureWarning: DataFrame.interpolate with object dtype is deprecated and will raise in a future version. Call obj.infer_objects(copy=False) before interpolating instead.
  day_resampled = day_group.resample('15min').interpolate(method='linear')
/data00/chenjiajun/20250711/daily_test/jiangsu_power_cronjob_v1/df_to_mongo.py:200: FutureWarning: DataFrame.fillna with 'method' is deprecated and will raise in a future version. Use obj.ffill() or obj.bfill() instead.
  day_full[numeric_cols] = day_full[numeric_cols].interpolate(method='linear').fillna(method='bfill')
/data00/chenjiajun/20250711/daily_test/jiangsu_power_cronjob_v1/df_to_mongo.py:196: FutureWarning: DataFrame.interpolate with object dtype is deprecated and will raise in a future version. Call obj.infer_objects(copy=False) before interpolating instead.
  day_resampled = day_group.resample('15min').interpolate(method='linear')
/data00/chenjiajun/20250711/daily_test/jiangsu_power_cronjob_v1/df_to_mongo.py:200: FutureWarning: DataFrame.fillna with 'method' is deprecated and will raise in a future version. Use obj.ffill() or obj.bfill() instead.
  day_full[numeric_cols] = day_full[numeric_cols].interpolate(method='linear').fillna(method='bfill')
/data00/chenjiajun/20250711/daily_test/jiangsu_power_cronjob_v1/df_to_mongo.py:196: FutureWarning: DataFrame.interpolate with object dtype is deprecated and will raise in a future version. Call obj.infer_objects(copy=False) before interpolating instead.
  day_resampled = day_group.resample('15min').interpolate(method='linear')
/data00/chenjiajun/20250711/daily_test/jiangsu_power_cronjob_v1/df_to_mongo.py:200: FutureWarning: DataFrame.fillna with 'method' is deprecated and will raise in a future version. Use obj.ffill() or obj.bfill() instead.
  day_full[numeric_cols] = day_full[numeric_cols].interpolate(method='linear').fillna(method='bfill')
/data00/chenjiajun/20250711/daily_test/jiangsu_power_cronjob_v1/df_to_mongo.py:196: FutureWarning: DataFrame.interpolate with object dtype is deprecated and will raise in a future version. Call obj.infer_objects(copy=False) before interpolating instead.
  day_resampled = day_group.resample('15min').interpolate(method='linear')
/data00/chenjiajun/20250711/daily_test/jiangsu_power_cronjob_v1/df_to_mongo.py:200: FutureWarning: DataFrame.fillna with 'method' is deprecated and will raise in a future version. Use obj.ffill() or obj.bfill() instead.
  day_full[numeric_cols] = day_full[numeric_cols].interpolate(method='linear').fillna(method='bfill')
/data00/chenjiajun/20250711/daily_test/jiangsu_power_cronjob_v1/df_to_mongo.py:196: FutureWarning: DataFrame.interpolate with object dtype is deprecated and will raise in a future version. Call obj.infer_objects(copy=False) before interpolating instead.
  day_resampled = day_group.resample('15min').interpolate(method='linear')
/data00/chenjiajun/20250711/daily_test/jiangsu_power_cronjob_v1/df_to_mongo.py:200: FutureWarning: DataFrame.fillna with 'method' is deprecated and will raise in a future version. Use obj.ffill() or obj.bfill() instead.
  day_full[numeric_cols] = day_full[numeric_cols].interpolate(method='linear').fillna(method='bfill')
/data00/chenjiajun/20250711/daily_test/jiangsu_power_cronjob_v1/df_to_mongo.py:196: FutureWarning: DataFrame.interpolate with object dtype is deprecated and will raise in a future version. Call obj.infer_objects(copy=False) before interpolating instead.
  day_resampled = day_group.resample('15min').interpolate(method='linear')
/data00/chenjiajun/20250711/daily_test/jiangsu_power_cronjob_v1/df_to_mongo.py:200: FutureWarning: DataFrame.fillna with 'method' is deprecated and will raise in a future version. Use obj.ffill() or obj.bfill() instead.
  day_full[numeric_cols] = day_full[numeric_cols].interpolate(method='linear').fillna(method='bfill')
/data00/chenjiajun/20250711/daily_test/jiangsu_power_cronjob_v1/df_to_mongo.py:196: FutureWarning: DataFrame.interpolate with object dtype is deprecated and will raise in a future version. Call obj.infer_objects(copy=False) before interpolating instead.
  day_resampled = day_group.resample('15min').interpolate(method='linear')
/data00/chenjiajun/20250711/daily_test/jiangsu_power_cronjob_v1/df_to_mongo.py:200: FutureWarning: DataFrame.fillna with 'method' is deprecated and will raise in a future version. Use obj.ffill() or obj.bfill() instead.
  day_full[numeric_cols] = day_full[numeric_cols].interpolate(method='linear').fillna(method='bfill')
/data00/chenjiajun/20250711/daily_test/jiangsu_power_cronjob_v1/df_to_mongo.py:196: FutureWarning: DataFrame.interpolate with object dtype is deprecated and will raise in a future version. Call obj.infer_objects(copy=False) before interpolating instead.
  day_resampled = day_group.resample('15min').interpolate(method='linear')
/data00/chenjiajun/20250711/daily_test/jiangsu_power_cronjob_v1/df_to_mongo.py:200: FutureWarning: DataFrame.fillna with 'method' is deprecated and will raise in a future version. Use obj.ffill() or obj.bfill() instead.
  day_full[numeric_cols] = day_full[numeric_cols].interpolate(method='linear').fillna(method='bfill')
/data00/chenjiajun/20250711/daily_test/jiangsu_power_cronjob_v1/df_to_mongo.py:196: FutureWarning: DataFrame.interpolate with object dtype is deprecated and will raise in a future version. Call obj.infer_objects(copy=False) before interpolating instead.
  day_resampled = day_group.resample('15min').interpolate(method='linear')
/data00/chenjiajun/20250711/daily_test/jiangsu_power_cronjob_v1/df_to_mongo.py:200: FutureWarning: DataFrame.fillna with 'method' is deprecated and will raise in a future version. Use obj.ffill() or obj.bfill() instead.
  day_full[numeric_cols] = day_full[numeric_cols].interpolate(method='linear').fillna(method='bfill')
/data00/chenjiajun/20250711/daily_test/jiangsu_power_cronjob_v1/df_to_mongo.py:196: FutureWarning: DataFrame.interpolate with object dtype is deprecated and will raise in a future version. Call obj.infer_objects(copy=False) before interpolating instead.
  day_resampled = day_group.resample('15min').interpolate(method='linear')
/data00/chenjiajun/20250711/daily_test/jiangsu_power_cronjob_v1/df_to_mongo.py:200: FutureWarning: DataFrame.fillna with 'method' is deprecated and will raise in a future version. Use obj.ffill() or obj.bfill() instead.
  day_full[numeric_cols] = day_full[numeric_cols].interpolate(method='linear').fillna(method='bfill')
/data00/chenjiajun/20250711/daily_test/jiangsu_power_cronjob_v1/df_to_mongo.py:196: FutureWarning: DataFrame.interpolate with object dtype is deprecated and will raise in a future version. Call obj.infer_objects(copy=False) before interpolating instead.
  day_resampled = day_group.resample('15min').interpolate(method='linear')
/data00/chenjiajun/20250711/daily_test/jiangsu_power_cronjob_v1/df_to_mongo.py:200: FutureWarning: DataFrame.fillna with 'method' is deprecated and will raise in a future version. Use obj.ffill() or obj.bfill() instead.
  day_full[numeric_cols] = day_full[numeric_cols].interpolate(method='linear').fillna(method='bfill')
2026-02-09 08:30:46,121 - INFO - 所有日期处理完成: 原始288条记录 -> 新1152条记录
2026-02-09 08:30:46,124 - INFO - 样本数量:288
2026-02-09 08:30:46,124 - INFO - 读取模型文件: /data00/chenjiajun/20250711/daily_test/jiangsu_power_cronjob_v1/local/checkpoints/new_energy_solar-realtime-by_day-noa-unweighted.json
2026-02-09 08:30:46,241 - INFO - Finish predicting new_energy_solar
/data00/chenjiajun/20250711/daily_test/jiangsu_power_cronjob_v1/df_to_mongo.py:196: FutureWarning: DataFrame.interpolate with object dtype is deprecated and will raise in a future version. Call obj.infer_objects(copy=False) before interpolating instead.
  day_resampled = day_group.resample('15min').interpolate(method='linear')
/data00/chenjiajun/20250711/daily_test/jiangsu_power_cronjob_v1/df_to_mongo.py:200: FutureWarning: DataFrame.fillna with 'method' is deprecated and will raise in a future version. Use obj.ffill() or obj.bfill() instead.
  day_full[numeric_cols] = day_full[numeric_cols].interpolate(method='linear').fillna(method='bfill')
/data00/chenjiajun/20250711/daily_test/jiangsu_power_cronjob_v1/df_to_mongo.py:196: FutureWarning: DataFrame.interpolate with object dtype is deprecated and will raise in a future version. Call obj.infer_objects(copy=False) before interpolating instead.
  day_resampled = day_group.resample('15min').interpolate(method='linear')
/data00/chenjiajun/20250711/daily_test/jiangsu_power_cronjob_v1/df_to_mongo.py:200: FutureWarning: DataFrame.fillna with 'method' is deprecated and will raise in a future version. Use obj.ffill() or obj.bfill() instead.
  day_full[numeric_cols] = day_full[numeric_cols].interpolate(method='linear').fillna(method='bfill')
/data00/chenjiajun/20250711/daily_test/jiangsu_power_cronjob_v1/df_to_mongo.py:196: FutureWarning: DataFrame.interpolate with object dtype is deprecated and will raise in a future version. Call obj.infer_objects(copy=False) before interpolating instead.
  day_resampled = day_group.resample('15min').interpolate(method='linear')
/data00/chenjiajun/20250711/daily_test/jiangsu_power_cronjob_v1/df_to_mongo.py:200: FutureWarning: DataFrame.fillna with 'method' is deprecated and will raise in a future version. Use obj.ffill() or obj.bfill() instead.
  day_full[numeric_cols] = day_full[numeric_cols].interpolate(method='linear').fillna(method='bfill')
/data00/chenjiajun/20250711/daily_test/jiangsu_power_cronjob_v1/df_to_mongo.py:196: FutureWarning: DataFrame.interpolate with object dtype is deprecated and will raise in a future version. Call obj.infer_objects(copy=False) before interpolating instead.
  day_resampled = day_group.resample('15min').interpolate(method='linear')
/data00/chenjiajun/20250711/daily_test/jiangsu_power_cronjob_v1/df_to_mongo.py:200: FutureWarning: DataFrame.fillna with 'method' is deprecated and will raise in a future version. Use obj.ffill() or obj.bfill() instead.
  day_full[numeric_cols] = day_full[numeric_cols].interpolate(method='linear').fillna(method='bfill')
/data00/chenjiajun/20250711/daily_test/jiangsu_power_cronjob_v1/df_to_mongo.py:196: FutureWarning: DataFrame.interpolate with object dtype is deprecated and will raise in a future version. Call obj.infer_objects(copy=False) before interpolating instead.
  day_resampled = day_group.resample('15min').interpolate(method='linear')
/data00/chenjiajun/20250711/daily_test/jiangsu_power_cronjob_v1/df_to_mongo.py:200: FutureWarning: DataFrame.fillna with 'method' is deprecated and will raise in a future version. Use obj.ffill() or obj.bfill() instead.
  day_full[numeric_cols] = day_full[numeric_cols].interpolate(method='linear').fillna(method='bfill')
/data00/chenjiajun/20250711/daily_test/jiangsu_power_cronjob_v1/df_to_mongo.py:196: FutureWarning: DataFrame.interpolate with object dtype is deprecated and will raise in a future version. Call obj.infer_objects(copy=False) before interpolating instead.
  day_resampled = day_group.resample('15min').interpolate(method='linear')
/data00/chenjiajun/20250711/daily_test/jiangsu_power_cronjob_v1/df_to_mongo.py:200: FutureWarning: DataFrame.fillna with 'method' is deprecated and will raise in a future version. Use obj.ffill() or obj.bfill() instead.
  day_full[numeric_cols] = day_full[numeric_cols].interpolate(method='linear').fillna(method='bfill')
/data00/chenjiajun/20250711/daily_test/jiangsu_power_cronjob_v1/df_to_mongo.py:196: FutureWarning: DataFrame.interpolate with object dtype is deprecated and will raise in a future version. Call obj.infer_objects(copy=False) before interpolating instead.
  day_resampled = day_group.resample('15min').interpolate(method='linear')
/data00/chenjiajun/20250711/daily_test/jiangsu_power_cronjob_v1/df_to_mongo.py:200: FutureWarning: DataFrame.fillna with 'method' is deprecated and will raise in a future version. Use obj.ffill() or obj.bfill() instead.
  day_full[numeric_cols] = day_full[numeric_cols].interpolate(method='linear').fillna(method='bfill')
/data00/chenjiajun/20250711/daily_test/jiangsu_power_cronjob_v1/df_to_mongo.py:196: FutureWarning: DataFrame.interpolate with object dtype is deprecated and will raise in a future version. Call obj.infer_objects(copy=False) before interpolating instead.
  day_resampled = day_group.resample('15min').interpolate(method='linear')
/data00/chenjiajun/20250711/daily_test/jiangsu_power_cronjob_v1/df_to_mongo.py:200: FutureWarning: DataFrame.fillna with 'method' is deprecated and will raise in a future version. Use obj.ffill() or obj.bfill() instead.
  day_full[numeric_cols] = day_full[numeric_cols].interpolate(method='linear').fillna(method='bfill')
/data00/chenjiajun/20250711/daily_test/jiangsu_power_cronjob_v1/df_to_mongo.py:196: FutureWarning: DataFrame.interpolate with object dtype is deprecated and will raise in a future version. Call obj.infer_objects(copy=False) before interpolating instead.
  day_resampled = day_group.resample('15min').interpolate(method='linear')
/data00/chenjiajun/20250711/daily_test/jiangsu_power_cronjob_v1/df_to_mongo.py:200: FutureWarning: DataFrame.fillna with 'method' is deprecated and will raise in a future version. Use obj.ffill() or obj.bfill() instead.
  day_full[numeric_cols] = day_full[numeric_cols].interpolate(method='linear').fillna(method='bfill')
/data00/chenjiajun/20250711/daily_test/jiangsu_power_cronjob_v1/df_to_mongo.py:196: FutureWarning: DataFrame.interpolate with object dtype is deprecated and will raise in a future version. Call obj.infer_objects(copy=False) before interpolating instead.
  day_resampled = day_group.resample('15min').interpolate(method='linear')
/data00/chenjiajun/20250711/daily_test/jiangsu_power_cronjob_v1/df_to_mongo.py:200: FutureWarning: DataFrame.fillna with 'method' is deprecated and will raise in a future version. Use obj.ffill() or obj.bfill() instead.
  day_full[numeric_cols] = day_full[numeric_cols].interpolate(method='linear').fillna(method='bfill')
/data00/chenjiajun/20250711/daily_test/jiangsu_power_cronjob_v1/df_to_mongo.py:196: FutureWarning: DataFrame.interpolate with object dtype is deprecated and will raise in a future version. Call obj.infer_objects(copy=False) before interpolating instead.
  day_resampled = day_group.resample('15min').interpolate(method='linear')
/data00/chenjiajun/20250711/daily_test/jiangsu_power_cronjob_v1/df_to_mongo.py:200: FutureWarning: DataFrame.fillna with 'method' is deprecated and will raise in a future version. Use obj.ffill() or obj.bfill() instead.
  day_full[numeric_cols] = day_full[numeric_cols].interpolate(method='linear').fillna(method='bfill')
/data00/chenjiajun/20250711/daily_test/jiangsu_power_cronjob_v1/df_to_mongo.py:196: FutureWarning: DataFrame.interpolate with object dtype is deprecated and will raise in a future version. Call obj.infer_objects(copy=False) before interpolating instead.
  day_resampled = day_group.resample('15min').interpolate(method='linear')
/data00/chenjiajun/20250711/daily_test/jiangsu_power_cronjob_v1/df_to_mongo.py:200: FutureWarning: DataFrame.fillna with 'method' is deprecated and will raise in a future version. Use obj.ffill() or obj.bfill() instead.
  day_full[numeric_cols] = day_full[numeric_cols].interpolate(method='linear').fillna(method='bfill')
2026-02-09 08:30:46,442 - INFO - 所有日期处理完成: 原始288条记录 -> 新1152条记录
2026-02-09 08:30:46,690 - INFO - 成功连接到MongoDB
2026-02-09 08:34:26,667 - INFO - 处理完成 - 成功: 1056 条, 失败: 0 条
               date_time create_time  ... version_date  version_time
0    2026-02-09 00:00:00  2026-02-09  ...   2026-02-08      20:00:00
1    2026-02-09 00:15:00  2026-02-09  ...   2026-02-08      20:00:00
2    2026-02-09 00:30:00  2026-02-09  ...   2026-02-08      20:00:00
3    2026-02-09 00:45:00  2026-02-09  ...   2026-02-08      20:00:00
4    2026-02-09 01:00:00  2026-02-09  ...   2026-02-08      20:00:00
...                  ...         ...  ...          ...           ...
1051 2026-02-19 22:45:00  2026-02-09  ...   2026-02-08      20:00:00
1052 2026-02-19 23:00:00  2026-02-09  ...   2026-02-08      20:00:00
1053 2026-02-19 23:15:00  2026-02-09  ...   2026-02-08      20:00:00
1054 2026-02-19 23:30:00  2026-02-09  ...   2026-02-08      20:00:00
1055 2026-02-19 23:45:00  2026-02-09  ...   2026-02-08      20:00:00

[1056 rows x 11 columns]
Current working directory: /data00/chenjiajun/20250711/daily_test/jiangsu_power_cronjob_v1
2026-02-10 08:30:03,801 - INFO - [job] model: xgboost, train: True, labels: ['new_energy_wind', 'new_energy_solar'], date: 2025-10-06~2026-02-03, pipeline: 20260210-083003, meteo_source: HRES
2026-02-10 08:30:03,802 - data.py[line:1416] - INFO: Start to get ahead data.
2026-02-10 08:30:03,802 - INFO - Start to get ahead data.
2026-02-10 08:30:03,802 - data.py[line:1425] - INFO: Finish getting ahead data.
2026-02-10 08:30:03,802 - INFO - Finish getting ahead data.
2026-02-10 08:30:03,802 - data.py[line:1428] - INFO: Start to get realtime data.
2026-02-10 08:30:03,802 - INFO - Start to get realtime data.
2026-02-10 08:30:12,395 - data.py[line:1439] - INFO: Finish getting realtime data.
2026-02-10 08:30:12,395 - INFO - Finish getting realtime data.
2026-02-10 08:30:12,396 - data.py[line:1445] - INFO: Start to get meteo data.
2026-02-10 08:30:12,396 - INFO - Start to get meteo data.
/data00/chenjiajun/20250711/daily_test/jiangsu_power_cronjob_v1/api/io/mysql.py:27: UserWarning: pandas only supports SQLAlchemy connectable (engine/connection) or database string URI or sqlite3 DBAPI2 connection. Other DBAPI2 objects are not tested. Please consider using SQLAlchemy.
  df = pd.read_sql(
2026-02-10 08:30:34,055 - data.py[line:1459] - INFO: Finish getting meteo data.
2026-02-10 08:30:34,055 - INFO - Finish getting meteo data.
2026-02-10 08:30:34,161 - INFO - 样本数量:2878
2026-02-10 08:30:34,161 - INFO - 训练模型: new_energy_wind
2026-02-10 08:30:40,253 - INFO - 保存模型到: /data00/chenjiajun/20250711/daily_test/jiangsu_power_cronjob_v1/local/checkpoints/new_energy_wind-realtime-by_day-noa-unweighted.json
2026-02-10 08:30:40,306 - INFO - 读取模型文件: /data00/chenjiajun/20250711/daily_test/jiangsu_power_cronjob_v1/local/checkpoints/new_energy_wind-realtime-by_day-noa-unweighted.json
2026-02-10 08:30:40,448 - INFO - Finish predicting new_energy_wind
2026-02-10 08:30:40,486 - INFO - 样本数量:2878
2026-02-10 08:30:40,486 - INFO - 训练模型: new_energy_solar
2026-02-10 08:30:41,747 - INFO - 保存模型到: /data00/chenjiajun/20250711/daily_test/jiangsu_power_cronjob_v1/local/checkpoints/new_energy_solar-realtime-by_day-noa-unweighted.json
2026-02-10 08:30:41,774 - INFO - 读取模型文件: /data00/chenjiajun/20250711/daily_test/jiangsu_power_cronjob_v1/local/checkpoints/new_energy_solar-realtime-by_day-noa-unweighted.json
2026-02-10 08:30:41,876 - INFO - Finish predicting new_energy_solar
2026-02-10 08:30:41,908 - INFO - new_energy_wind 预测准确率: 0.9810721994424482
2026-02-10 08:30:41,913 - INFO - new_energy_solar 预测准确率: 0.9891699384340795
2026-02-10 08:30:43,956 - INFO - [job] model: xgboost, train: False, labels: ['new_energy_wind', 'new_energy_solar'], date: 2026-02-09~2026-02-21, pipeline: 20260210-083043, meteo_source: HRES
2026-02-10 08:30:43,956 - data.py[line:1445] - INFO: Start to get meteo data.
2026-02-10 08:30:43,956 - INFO - Start to get meteo data.
/data00/chenjiajun/20250711/daily_test/jiangsu_power_cronjob_v1/api/io/mysql.py:27: UserWarning: pandas only supports SQLAlchemy connectable (engine/connection) or database string URI or sqlite3 DBAPI2 connection. Other DBAPI2 objects are not tested. Please consider using SQLAlchemy.
  df = pd.read_sql(
2026-02-10 08:30:46,854 - data.py[line:1459] - INFO: Finish getting meteo data.
2026-02-10 08:30:46,854 - INFO - Finish getting meteo data.
2026-02-10 08:30:46,869 - INFO - 样本数量:288
2026-02-10 08:30:46,870 - INFO - 读取模型文件: /data00/chenjiajun/20250711/daily_test/jiangsu_power_cronjob_v1/local/checkpoints/new_energy_wind-realtime-by_day-noa-unweighted.json
2026-02-10 08:30:48,084 - INFO - Finish predicting new_energy_wind
/data00/chenjiajun/20250711/daily_test/jiangsu_power_cronjob_v1/df_to_mongo.py:196: FutureWarning: DataFrame.interpolate with object dtype is deprecated and will raise in a future version. Call obj.infer_objects(copy=False) before interpolating instead.
  day_resampled = day_group.resample('15min').interpolate(method='linear')
/data00/chenjiajun/20250711/daily_test/jiangsu_power_cronjob_v1/df_to_mongo.py:200: FutureWarning: DataFrame.fillna with 'method' is deprecated and will raise in a future version. Use obj.ffill() or obj.bfill() instead.
  day_full[numeric_cols] = day_full[numeric_cols].interpolate(method='linear').fillna(method='bfill')
/data00/chenjiajun/20250711/daily_test/jiangsu_power_cronjob_v1/df_to_mongo.py:196: FutureWarning: DataFrame.interpolate with object dtype is deprecated and will raise in a future version. Call obj.infer_objects(copy=False) before interpolating instead.
  day_resampled = day_group.resample('15min').interpolate(method='linear')
/data00/chenjiajun/20250711/daily_test/jiangsu_power_cronjob_v1/df_to_mongo.py:200: FutureWarning: DataFrame.fillna with 'method' is deprecated and will raise in a future version. Use obj.ffill() or obj.bfill() instead.
  day_full[numeric_cols] = day_full[numeric_cols].interpolate(method='linear').fillna(method='bfill')
/data00/chenjiajun/20250711/daily_test/jiangsu_power_cronjob_v1/df_to_mongo.py:196: FutureWarning: DataFrame.interpolate with object dtype is deprecated and will raise in a future version. Call obj.infer_objects(copy=False) before interpolating instead.
  day_resampled = day_group.resample('15min').interpolate(method='linear')
/data00/chenjiajun/20250711/daily_test/jiangsu_power_cronjob_v1/df_to_mongo.py:200: FutureWarning: DataFrame.fillna with 'method' is deprecated and will raise in a future version. Use obj.ffill() or obj.bfill() instead.
  day_full[numeric_cols] = day_full[numeric_cols].interpolate(method='linear').fillna(method='bfill')
/data00/chenjiajun/20250711/daily_test/jiangsu_power_cronjob_v1/df_to_mongo.py:196: FutureWarning: DataFrame.interpolate with object dtype is deprecated and will raise in a future version. Call obj.infer_objects(copy=False) before interpolating instead.
  day_resampled = day_group.resample('15min').interpolate(method='linear')
/data00/chenjiajun/20250711/daily_test/jiangsu_power_cronjob_v1/df_to_mongo.py:200: FutureWarning: DataFrame.fillna with 'method' is deprecated and will raise in a future version. Use obj.ffill() or obj.bfill() instead.
  day_full[numeric_cols] = day_full[numeric_cols].interpolate(method='linear').fillna(method='bfill')
/data00/chenjiajun/20250711/daily_test/jiangsu_power_cronjob_v1/df_to_mongo.py:196: FutureWarning: DataFrame.interpolate with object dtype is deprecated and will raise in a future version. Call obj.infer_objects(copy=False) before interpolating instead.
  day_resampled = day_group.resample('15min').interpolate(method='linear')
/data00/chenjiajun/20250711/daily_test/jiangsu_power_cronjob_v1/df_to_mongo.py:200: FutureWarning: DataFrame.fillna with 'method' is deprecated and will raise in a future version. Use obj.ffill() or obj.bfill() instead.
  day_full[numeric_cols] = day_full[numeric_cols].interpolate(method='linear').fillna(method='bfill')
/data00/chenjiajun/20250711/daily_test/jiangsu_power_cronjob_v1/df_to_mongo.py:196: FutureWarning: DataFrame.interpolate with object dtype is deprecated and will raise in a future version. Call obj.infer_objects(copy=False) before interpolating instead.
  day_resampled = day_group.resample('15min').interpolate(method='linear')
/data00/chenjiajun/20250711/daily_test/jiangsu_power_cronjob_v1/df_to_mongo.py:200: FutureWarning: DataFrame.fillna with 'method' is deprecated and will raise in a future version. Use obj.ffill() or obj.bfill() instead.
  day_full[numeric_cols] = day_full[numeric_cols].interpolate(method='linear').fillna(method='bfill')
/data00/chenjiajun/20250711/daily_test/jiangsu_power_cronjob_v1/df_to_mongo.py:196: FutureWarning: DataFrame.interpolate with object dtype is deprecated and will raise in a future version. Call obj.infer_objects(copy=False) before interpolating instead.
  day_resampled = day_group.resample('15min').interpolate(method='linear')
/data00/chenjiajun/20250711/daily_test/jiangsu_power_cronjob_v1/df_to_mongo.py:200: FutureWarning: DataFrame.fillna with 'method' is deprecated and will raise in a future version. Use obj.ffill() or obj.bfill() instead.
  day_full[numeric_cols] = day_full[numeric_cols].interpolate(method='linear').fillna(method='bfill')
/data00/chenjiajun/20250711/daily_test/jiangsu_power_cronjob_v1/df_to_mongo.py:196: FutureWarning: DataFrame.interpolate with object dtype is deprecated and will raise in a future version. Call obj.infer_objects(copy=False) before interpolating instead.
  day_resampled = day_group.resample('15min').interpolate(method='linear')
/data00/chenjiajun/20250711/daily_test/jiangsu_power_cronjob_v1/df_to_mongo.py:200: FutureWarning: DataFrame.fillna with 'method' is deprecated and will raise in a future version. Use obj.ffill() or obj.bfill() instead.
  day_full[numeric_cols] = day_full[numeric_cols].interpolate(method='linear').fillna(method='bfill')
/data00/chenjiajun/20250711/daily_test/jiangsu_power_cronjob_v1/df_to_mongo.py:196: FutureWarning: DataFrame.interpolate with object dtype is deprecated and will raise in a future version. Call obj.infer_objects(copy=False) before interpolating instead.
  day_resampled = day_group.resample('15min').interpolate(method='linear')
/data00/chenjiajun/20250711/daily_test/jiangsu_power_cronjob_v1/df_to_mongo.py:200: FutureWarning: DataFrame.fillna with 'method' is deprecated and will raise in a future version. Use obj.ffill() or obj.bfill() instead.
  day_full[numeric_cols] = day_full[numeric_cols].interpolate(method='linear').fillna(method='bfill')
/data00/chenjiajun/20250711/daily_test/jiangsu_power_cronjob_v1/df_to_mongo.py:196: FutureWarning: DataFrame.interpolate with object dtype is deprecated and will raise in a future version. Call obj.infer_objects(copy=False) before interpolating instead.
  day_resampled = day_group.resample('15min').interpolate(method='linear')
/data00/chenjiajun/20250711/daily_test/jiangsu_power_cronjob_v1/df_to_mongo.py:200: FutureWarning: DataFrame.fillna with 'method' is deprecated and will raise in a future version. Use obj.ffill() or obj.bfill() instead.
  day_full[numeric_cols] = day_full[numeric_cols].interpolate(method='linear').fillna(method='bfill')
/data00/chenjiajun/20250711/daily_test/jiangsu_power_cronjob_v1/df_to_mongo.py:196: FutureWarning: DataFrame.interpolate with object dtype is deprecated and will raise in a future version. Call obj.infer_objects(copy=False) before interpolating instead.
  day_resampled = day_group.resample('15min').interpolate(method='linear')
/data00/chenjiajun/20250711/daily_test/jiangsu_power_cronjob_v1/df_to_mongo.py:200: FutureWarning: DataFrame.fillna with 'method' is deprecated and will raise in a future version. Use obj.ffill() or obj.bfill() instead.
  day_full[numeric_cols] = day_full[numeric_cols].interpolate(method='linear').fillna(method='bfill')
/data00/chenjiajun/20250711/daily_test/jiangsu_power_cronjob_v1/df_to_mongo.py:196: FutureWarning: DataFrame.interpolate with object dtype is deprecated and will raise in a future version. Call obj.infer_objects(copy=False) before interpolating instead.
  day_resampled = day_group.resample('15min').interpolate(method='linear')
/data00/chenjiajun/20250711/daily_test/jiangsu_power_cronjob_v1/df_to_mongo.py:200: FutureWarning: DataFrame.fillna with 'method' is deprecated and will raise in a future version. Use obj.ffill() or obj.bfill() instead.
  day_full[numeric_cols] = day_full[numeric_cols].interpolate(method='linear').fillna(method='bfill')
2026-02-10 08:30:48,536 - INFO - 所有日期处理完成: 原始288条记录 -> 新1152条记录
2026-02-10 08:30:48,539 - INFO - 样本数量:288
2026-02-10 08:30:48,539 - INFO - 读取模型文件: /data00/chenjiajun/20250711/daily_test/jiangsu_power_cronjob_v1/local/checkpoints/new_energy_solar-realtime-by_day-noa-unweighted.json
2026-02-10 08:30:48,670 - INFO - Finish predicting new_energy_solar
/data00/chenjiajun/20250711/daily_test/jiangsu_power_cronjob_v1/df_to_mongo.py:196: FutureWarning: DataFrame.interpolate with object dtype is deprecated and will raise in a future version. Call obj.infer_objects(copy=False) before interpolating instead.
  day_resampled = day_group.resample('15min').interpolate(method='linear')
/data00/chenjiajun/20250711/daily_test/jiangsu_power_cronjob_v1/df_to_mongo.py:200: FutureWarning: DataFrame.fillna with 'method' is deprecated and will raise in a future version. Use obj.ffill() or obj.bfill() instead.
  day_full[numeric_cols] = day_full[numeric_cols].interpolate(method='linear').fillna(method='bfill')
/data00/chenjiajun/20250711/daily_test/jiangsu_power_cronjob_v1/df_to_mongo.py:196: FutureWarning: DataFrame.interpolate with object dtype is deprecated and will raise in a future version. Call obj.infer_objects(copy=False) before interpolating instead.
  day_resampled = day_group.resample('15min').interpolate(method='linear')
/data00/chenjiajun/20250711/daily_test/jiangsu_power_cronjob_v1/df_to_mongo.py:200: FutureWarning: DataFrame.fillna with 'method' is deprecated and will raise in a future version. Use obj.ffill() or obj.bfill() instead.
  day_full[numeric_cols] = day_full[numeric_cols].interpolate(method='linear').fillna(method='bfill')
/data00/chenjiajun/20250711/daily_test/jiangsu_power_cronjob_v1/df_to_mongo.py:196: FutureWarning: DataFrame.interpolate with object dtype is deprecated and will raise in a future version. Call obj.infer_objects(copy=False) before interpolating instead.
  day_resampled = day_group.resample('15min').interpolate(method='linear')
/data00/chenjiajun/20250711/daily_test/jiangsu_power_cronjob_v1/df_to_mongo.py:200: FutureWarning: DataFrame.fillna with 'method' is deprecated and will raise in a future version. Use obj.ffill() or obj.bfill() instead.
  day_full[numeric_cols] = day_full[numeric_cols].interpolate(method='linear').fillna(method='bfill')
/data00/chenjiajun/20250711/daily_test/jiangsu_power_cronjob_v1/df_to_mongo.py:196: FutureWarning: DataFrame.interpolate with object dtype is deprecated and will raise in a future version. Call obj.infer_objects(copy=False) before interpolating instead.
  day_resampled = day_group.resample('15min').interpolate(method='linear')
/data00/chenjiajun/20250711/daily_test/jiangsu_power_cronjob_v1/df_to_mongo.py:200: FutureWarning: DataFrame.fillna with 'method' is deprecated and will raise in a future version. Use obj.ffill() or obj.bfill() instead.
  day_full[numeric_cols] = day_full[numeric_cols].interpolate(method='linear').fillna(method='bfill')
/data00/chenjiajun/20250711/daily_test/jiangsu_power_cronjob_v1/df_to_mongo.py:196: FutureWarning: DataFrame.interpolate with object dtype is deprecated and will raise in a future version. Call obj.infer_objects(copy=False) before interpolating instead.
  day_resampled = day_group.resample('15min').interpolate(method='linear')
/data00/chenjiajun/20250711/daily_test/jiangsu_power_cronjob_v1/df_to_mongo.py:200: FutureWarning: DataFrame.fillna with 'method' is deprecated and will raise in a future version. Use obj.ffill() or obj.bfill() instead.
  day_full[numeric_cols] = day_full[numeric_cols].interpolate(method='linear').fillna(method='bfill')
/data00/chenjiajun/20250711/daily_test/jiangsu_power_cronjob_v1/df_to_mongo.py:196: FutureWarning: DataFrame.interpolate with object dtype is deprecated and will raise in a future version. Call obj.infer_objects(copy=False) before interpolating instead.
  day_resampled = day_group.resample('15min').interpolate(method='linear')
/data00/chenjiajun/20250711/daily_test/jiangsu_power_cronjob_v1/df_to_mongo.py:200: FutureWarning: DataFrame.fillna with 'method' is deprecated and will raise in a future version. Use obj.ffill() or obj.bfill() instead.
  day_full[numeric_cols] = day_full[numeric_cols].interpolate(method='linear').fillna(method='bfill')
/data00/chenjiajun/20250711/daily_test/jiangsu_power_cronjob_v1/df_to_mongo.py:196: FutureWarning: DataFrame.interpolate with object dtype is deprecated and will raise in a future version. Call obj.infer_objects(copy=False) before interpolating instead.
  day_resampled = day_group.resample('15min').interpolate(method='linear')
/data00/chenjiajun/20250711/daily_test/jiangsu_power_cronjob_v1/df_to_mongo.py:200: FutureWarning: DataFrame.fillna with 'method' is deprecated and will raise in a future version. Use obj.ffill() or obj.bfill() instead.
  day_full[numeric_cols] = day_full[numeric_cols].interpolate(method='linear').fillna(method='bfill')
/data00/chenjiajun/20250711/daily_test/jiangsu_power_cronjob_v1/df_to_mongo.py:196: FutureWarning: DataFrame.interpolate with object dtype is deprecated and will raise in a future version. Call obj.infer_objects(copy=False) before interpolating instead.
  day_resampled = day_group.resample('15min').interpolate(method='linear')
/data00/chenjiajun/20250711/daily_test/jiangsu_power_cronjob_v1/df_to_mongo.py:200: FutureWarning: DataFrame.fillna with 'method' is deprecated and will raise in a future version. Use obj.ffill() or obj.bfill() instead.
  day_full[numeric_cols] = day_full[numeric_cols].interpolate(method='linear').fillna(method='bfill')
/data00/chenjiajun/20250711/daily_test/jiangsu_power_cronjob_v1/df_to_mongo.py:196: FutureWarning: DataFrame.interpolate with object dtype is deprecated and will raise in a future version. Call obj.infer_objects(copy=False) before interpolating instead.
  day_resampled = day_group.resample('15min').interpolate(method='linear')
/data00/chenjiajun/20250711/daily_test/jiangsu_power_cronjob_v1/df_to_mongo.py:200: FutureWarning: DataFrame.fillna with 'method' is deprecated and will raise in a future version. Use obj.ffill() or obj.bfill() instead.
  day_full[numeric_cols] = day_full[numeric_cols].interpolate(method='linear').fillna(method='bfill')
/data00/chenjiajun/20250711/daily_test/jiangsu_power_cronjob_v1/df_to_mongo.py:196: FutureWarning: DataFrame.interpolate with object dtype is deprecated and will raise in a future version. Call obj.infer_objects(copy=False) before interpolating instead.
  day_resampled = day_group.resample('15min').interpolate(method='linear')
/data00/chenjiajun/20250711/daily_test/jiangsu_power_cronjob_v1/df_to_mongo.py:200: FutureWarning: DataFrame.fillna with 'method' is deprecated and will raise in a future version. Use obj.ffill() or obj.bfill() instead.
  day_full[numeric_cols] = day_full[numeric_cols].interpolate(method='linear').fillna(method='bfill')
/data00/chenjiajun/20250711/daily_test/jiangsu_power_cronjob_v1/df_to_mongo.py:196: FutureWarning: DataFrame.interpolate with object dtype is deprecated and will raise in a future version. Call obj.infer_objects(copy=False) before interpolating instead.
  day_resampled = day_group.resample('15min').interpolate(method='linear')
/data00/chenjiajun/20250711/daily_test/jiangsu_power_cronjob_v1/df_to_mongo.py:200: FutureWarning: DataFrame.fillna with 'method' is deprecated and will raise in a future version. Use obj.ffill() or obj.bfill() instead.
  day_full[numeric_cols] = day_full[numeric_cols].interpolate(method='linear').fillna(method='bfill')
/data00/chenjiajun/20250711/daily_test/jiangsu_power_cronjob_v1/df_to_mongo.py:196: FutureWarning: DataFrame.interpolate with object dtype is deprecated and will raise in a future version. Call obj.infer_objects(copy=False) before interpolating instead.
  day_resampled = day_group.resample('15min').interpolate(method='linear')
/data00/chenjiajun/20250711/daily_test/jiangsu_power_cronjob_v1/df_to_mongo.py:200: FutureWarning: DataFrame.fillna with 'method' is deprecated and will raise in a future version. Use obj.ffill() or obj.bfill() instead.
  day_full[numeric_cols] = day_full[numeric_cols].interpolate(method='linear').fillna(method='bfill')
2026-02-10 08:30:48,833 - INFO - 所有日期处理完成: 原始288条记录 -> 新1152条记录
2026-02-10 08:30:49,978 - INFO - 成功连接到MongoDB
2026-02-10 08:35:29,616 - INFO - 处理完成 - 成功: 1056 条, 失败: 0 条
               date_time create_time  ... version_date  version_time
0    2026-02-10 00:00:00  2026-02-10  ...   2026-02-09      20:00:00
1    2026-02-10 00:15:00  2026-02-10  ...   2026-02-09      20:00:00
2    2026-02-10 00:30:00  2026-02-10  ...   2026-02-09      20:00:00
3    2026-02-10 00:45:00  2026-02-10  ...   2026-02-09      20:00:00
4    2026-02-10 01:00:00  2026-02-10  ...   2026-02-09      20:00:00
...                  ...         ...  ...          ...           ...
1051 2026-02-20 22:45:00  2026-02-10  ...   2026-02-09      20:00:00
1052 2026-02-20 23:00:00  2026-02-10  ...   2026-02-09      20:00:00
1053 2026-02-20 23:15:00  2026-02-10  ...   2026-02-09      20:00:00
1054 2026-02-20 23:30:00  2026-02-10  ...   2026-02-09      20:00:00
1055 2026-02-20 23:45:00  2026-02-10  ...   2026-02-09      20:00:00

[1056 rows x 11 columns]
Current working directory: /data00/chenjiajun/20250711/daily_test/jiangsu_power_cronjob_v1
2026-02-11 08:30:03,186 - INFO - [job] model: xgboost, train: True, labels: ['new_energy_wind', 'new_energy_solar'], date: 2025-10-07~2026-02-04, pipeline: 20260211-083003, meteo_source: HRES
2026-02-11 08:30:03,187 - data.py[line:1416] - INFO: Start to get ahead data.
2026-02-11 08:30:03,187 - INFO - Start to get ahead data.
2026-02-11 08:30:03,188 - data.py[line:1425] - INFO: Finish getting ahead data.
2026-02-11 08:30:03,188 - INFO - Finish getting ahead data.
2026-02-11 08:30:03,188 - data.py[line:1428] - INFO: Start to get realtime data.
2026-02-11 08:30:03,188 - INFO - Start to get realtime data.
2026-02-11 08:30:12,832 - data.py[line:1439] - INFO: Finish getting realtime data.
2026-02-11 08:30:12,832 - INFO - Finish getting realtime data.
2026-02-11 08:30:12,833 - data.py[line:1445] - INFO: Start to get meteo data.
2026-02-11 08:30:12,833 - INFO - Start to get meteo data.
/data00/chenjiajun/20250711/daily_test/jiangsu_power_cronjob_v1/api/io/mysql.py:27: UserWarning: pandas only supports SQLAlchemy connectable (engine/connection) or database string URI or sqlite3 DBAPI2 connection. Other DBAPI2 objects are not tested. Please consider using SQLAlchemy.
  df = pd.read_sql(
2026-02-11 08:30:31,140 - data.py[line:1459] - INFO: Finish getting meteo data.
2026-02-11 08:30:31,140 - INFO - Finish getting meteo data.
2026-02-11 08:30:31,240 - INFO - 样本数量:2876
2026-02-11 08:30:31,240 - INFO - 训练模型: new_energy_wind
2026-02-11 08:30:37,252 - INFO - 保存模型到: /data00/chenjiajun/20250711/daily_test/jiangsu_power_cronjob_v1/local/checkpoints/new_energy_wind-realtime-by_day-noa-unweighted.json
2026-02-11 08:30:37,298 - INFO - 读取模型文件: /data00/chenjiajun/20250711/daily_test/jiangsu_power_cronjob_v1/local/checkpoints/new_energy_wind-realtime-by_day-noa-unweighted.json
2026-02-11 08:30:37,446 - INFO - Finish predicting new_energy_wind
2026-02-11 08:30:37,489 - INFO - 样本数量:2876
2026-02-11 08:30:37,489 - INFO - 训练模型: new_energy_solar
2026-02-11 08:30:38,703 - INFO - 保存模型到: /data00/chenjiajun/20250711/daily_test/jiangsu_power_cronjob_v1/local/checkpoints/new_energy_solar-realtime-by_day-noa-unweighted.json
2026-02-11 08:30:38,727 - INFO - 读取模型文件: /data00/chenjiajun/20250711/daily_test/jiangsu_power_cronjob_v1/local/checkpoints/new_energy_solar-realtime-by_day-noa-unweighted.json
2026-02-11 08:30:38,810 - INFO - Finish predicting new_energy_solar
2026-02-11 08:30:38,838 - INFO - new_energy_wind 预测准确率: 0.981453468114759
2026-02-11 08:30:38,841 - INFO - new_energy_solar 预测准确率: 0.9891771507652334
2026-02-11 08:30:41,081 - INFO - [job] model: xgboost, train: False, labels: ['new_energy_wind', 'new_energy_solar'], date: 2026-02-10~2026-02-22, pipeline: 20260211-083041, meteo_source: HRES
2026-02-11 08:30:41,082 - data.py[line:1445] - INFO: Start to get meteo data.
2026-02-11 08:30:41,082 - INFO - Start to get meteo data.
/data00/chenjiajun/20250711/daily_test/jiangsu_power_cronjob_v1/api/io/mysql.py:27: UserWarning: pandas only supports SQLAlchemy connectable (engine/connection) or database string URI or sqlite3 DBAPI2 connection. Other DBAPI2 objects are not tested. Please consider using SQLAlchemy.
  df = pd.read_sql(
2026-02-11 08:30:44,045 - data.py[line:1459] - INFO: Finish getting meteo data.
2026-02-11 08:30:44,045 - INFO - Finish getting meteo data.
2026-02-11 08:30:44,057 - INFO - 样本数量:288
2026-02-11 08:30:44,057 - INFO - 读取模型文件: /data00/chenjiajun/20250711/daily_test/jiangsu_power_cronjob_v1/local/checkpoints/new_energy_wind-realtime-by_day-noa-unweighted.json
2026-02-11 08:30:45,181 - INFO - Finish predicting new_energy_wind
/data00/chenjiajun/20250711/daily_test/jiangsu_power_cronjob_v1/df_to_mongo.py:196: FutureWarning: DataFrame.interpolate with object dtype is deprecated and will raise in a future version. Call obj.infer_objects(copy=False) before interpolating instead.
  day_resampled = day_group.resample('15min').interpolate(method='linear')
/data00/chenjiajun/20250711/daily_test/jiangsu_power_cronjob_v1/df_to_mongo.py:200: FutureWarning: DataFrame.fillna with 'method' is deprecated and will raise in a future version. Use obj.ffill() or obj.bfill() instead.
  day_full[numeric_cols] = day_full[numeric_cols].interpolate(method='linear').fillna(method='bfill')
/data00/chenjiajun/20250711/daily_test/jiangsu_power_cronjob_v1/df_to_mongo.py:196: FutureWarning: DataFrame.interpolate with object dtype is deprecated and will raise in a future version. Call obj.infer_objects(copy=False) before interpolating instead.
  day_resampled = day_group.resample('15min').interpolate(method='linear')
/data00/chenjiajun/20250711/daily_test/jiangsu_power_cronjob_v1/df_to_mongo.py:200: FutureWarning: DataFrame.fillna with 'method' is deprecated and will raise in a future version. Use obj.ffill() or obj.bfill() instead.
  day_full[numeric_cols] = day_full[numeric_cols].interpolate(method='linear').fillna(method='bfill')
/data00/chenjiajun/20250711/daily_test/jiangsu_power_cronjob_v1/df_to_mongo.py:196: FutureWarning: DataFrame.interpolate with object dtype is deprecated and will raise in a future version. Call obj.infer_objects(copy=False) before interpolating instead.
  day_resampled = day_group.resample('15min').interpolate(method='linear')
/data00/chenjiajun/20250711/daily_test/jiangsu_power_cronjob_v1/df_to_mongo.py:200: FutureWarning: DataFrame.fillna with 'method' is deprecated and will raise in a future version. Use obj.ffill() or obj.bfill() instead.
  day_full[numeric_cols] = day_full[numeric_cols].interpolate(method='linear').fillna(method='bfill')
/data00/chenjiajun/20250711/daily_test/jiangsu_power_cronjob_v1/df_to_mongo.py:196: FutureWarning: DataFrame.interpolate with object dtype is deprecated and will raise in a future version. Call obj.infer_objects(copy=False) before interpolating instead.
  day_resampled = day_group.resample('15min').interpolate(method='linear')
/data00/chenjiajun/20250711/daily_test/jiangsu_power_cronjob_v1/df_to_mongo.py:200: FutureWarning: DataFrame.fillna with 'method' is deprecated and will raise in a future version. Use obj.ffill() or obj.bfill() instead.
  day_full[numeric_cols] = day_full[numeric_cols].interpolate(method='linear').fillna(method='bfill')
/data00/chenjiajun/20250711/daily_test/jiangsu_power_cronjob_v1/df_to_mongo.py:196: FutureWarning: DataFrame.interpolate with object dtype is deprecated and will raise in a future version. Call obj.infer_objects(copy=False) before interpolating instead.
  day_resampled = day_group.resample('15min').interpolate(method='linear')
/data00/chenjiajun/20250711/daily_test/jiangsu_power_cronjob_v1/df_to_mongo.py:200: FutureWarning: DataFrame.fillna with 'method' is deprecated and will raise in a future version. Use obj.ffill() or obj.bfill() instead.
  day_full[numeric_cols] = day_full[numeric_cols].interpolate(method='linear').fillna(method='bfill')
/data00/chenjiajun/20250711/daily_test/jiangsu_power_cronjob_v1/df_to_mongo.py:196: FutureWarning: DataFrame.interpolate with object dtype is deprecated and will raise in a future version. Call obj.infer_objects(copy=False) before interpolating instead.
  day_resampled = day_group.resample('15min').interpolate(method='linear')
/data00/chenjiajun/20250711/daily_test/jiangsu_power_cronjob_v1/df_to_mongo.py:200: FutureWarning: DataFrame.fillna with 'method' is deprecated and will raise in a future version. Use obj.ffill() or obj.bfill() instead.
  day_full[numeric_cols] = day_full[numeric_cols].interpolate(method='linear').fillna(method='bfill')
/data00/chenjiajun/20250711/daily_test/jiangsu_power_cronjob_v1/df_to_mongo.py:196: FutureWarning: DataFrame.interpolate with object dtype is deprecated and will raise in a future version. Call obj.infer_objects(copy=False) before interpolating instead.
  day_resampled = day_group.resample('15min').interpolate(method='linear')
/data00/chenjiajun/20250711/daily_test/jiangsu_power_cronjob_v1/df_to_mongo.py:200: FutureWarning: DataFrame.fillna with 'method' is deprecated and will raise in a future version. Use obj.ffill() or obj.bfill() instead.
  day_full[numeric_cols] = day_full[numeric_cols].interpolate(method='linear').fillna(method='bfill')
/data00/chenjiajun/20250711/daily_test/jiangsu_power_cronjob_v1/df_to_mongo.py:196: FutureWarning: DataFrame.interpolate with object dtype is deprecated and will raise in a future version. Call obj.infer_objects(copy=False) before interpolating instead.
  day_resampled = day_group.resample('15min').interpolate(method='linear')
/data00/chenjiajun/20250711/daily_test/jiangsu_power_cronjob_v1/df_to_mongo.py:200: FutureWarning: DataFrame.fillna with 'method' is deprecated and will raise in a future version. Use obj.ffill() or obj.bfill() instead.
  day_full[numeric_cols] = day_full[numeric_cols].interpolate(method='linear').fillna(method='bfill')
/data00/chenjiajun/20250711/daily_test/jiangsu_power_cronjob_v1/df_to_mongo.py:196: FutureWarning: DataFrame.interpolate with object dtype is deprecated and will raise in a future version. Call obj.infer_objects(copy=False) before interpolating instead.
  day_resampled = day_group.resample('15min').interpolate(method='linear')
/data00/chenjiajun/20250711/daily_test/jiangsu_power_cronjob_v1/df_to_mongo.py:200: FutureWarning: DataFrame.fillna with 'method' is deprecated and will raise in a future version. Use obj.ffill() or obj.bfill() instead.
  day_full[numeric_cols] = day_full[numeric_cols].interpolate(method='linear').fillna(method='bfill')
/data00/chenjiajun/20250711/daily_test/jiangsu_power_cronjob_v1/df_to_mongo.py:196: FutureWarning: DataFrame.interpolate with object dtype is deprecated and will raise in a future version. Call obj.infer_objects(copy=False) before interpolating instead.
  day_resampled = day_group.resample('15min').interpolate(method='linear')
/data00/chenjiajun/20250711/daily_test/jiangsu_power_cronjob_v1/df_to_mongo.py:200: FutureWarning: DataFrame.fillna with 'method' is deprecated and will raise in a future version. Use obj.ffill() or obj.bfill() instead.
  day_full[numeric_cols] = day_full[numeric_cols].interpolate(method='linear').fillna(method='bfill')
/data00/chenjiajun/20250711/daily_test/jiangsu_power_cronjob_v1/df_to_mongo.py:196: FutureWarning: DataFrame.interpolate with object dtype is deprecated and will raise in a future version. Call obj.infer_objects(copy=False) before interpolating instead.
  day_resampled = day_group.resample('15min').interpolate(method='linear')
/data00/chenjiajun/20250711/daily_test/jiangsu_power_cronjob_v1/df_to_mongo.py:200: FutureWarning: DataFrame.fillna with 'method' is deprecated and will raise in a future version. Use obj.ffill() or obj.bfill() instead.
  day_full[numeric_cols] = day_full[numeric_cols].interpolate(method='linear').fillna(method='bfill')
/data00/chenjiajun/20250711/daily_test/jiangsu_power_cronjob_v1/df_to_mongo.py:196: FutureWarning: DataFrame.interpolate with object dtype is deprecated and will raise in a future version. Call obj.infer_objects(copy=False) before interpolating instead.
  day_resampled = day_group.resample('15min').interpolate(method='linear')
/data00/chenjiajun/20250711/daily_test/jiangsu_power_cronjob_v1/df_to_mongo.py:200: FutureWarning: DataFrame.fillna with 'method' is deprecated and will raise in a future version. Use obj.ffill() or obj.bfill() instead.
  day_full[numeric_cols] = day_full[numeric_cols].interpolate(method='linear').fillna(method='bfill')
2026-02-11 08:30:45,621 - INFO - 所有日期处理完成: 原始288条记录 -> 新1152条记录
2026-02-11 08:30:45,623 - INFO - 样本数量:288
2026-02-11 08:30:45,623 - INFO - 读取模型文件: /data00/chenjiajun/20250711/daily_test/jiangsu_power_cronjob_v1/local/checkpoints/new_energy_solar-realtime-by_day-noa-unweighted.json
2026-02-11 08:30:45,730 - INFO - Finish predicting new_energy_solar
/data00/chenjiajun/20250711/daily_test/jiangsu_power_cronjob_v1/df_to_mongo.py:196: FutureWarning: DataFrame.interpolate with object dtype is deprecated and will raise in a future version. Call obj.infer_objects(copy=False) before interpolating instead.
  day_resampled = day_group.resample('15min').interpolate(method='linear')
/data00/chenjiajun/20250711/daily_test/jiangsu_power_cronjob_v1/df_to_mongo.py:200: FutureWarning: DataFrame.fillna with 'method' is deprecated and will raise in a future version. Use obj.ffill() or obj.bfill() instead.
  day_full[numeric_cols] = day_full[numeric_cols].interpolate(method='linear').fillna(method='bfill')
/data00/chenjiajun/20250711/daily_test/jiangsu_power_cronjob_v1/df_to_mongo.py:196: FutureWarning: DataFrame.interpolate with object dtype is deprecated and will raise in a future version. Call obj.infer_objects(copy=False) before interpolating instead.
  day_resampled = day_group.resample('15min').interpolate(method='linear')
/data00/chenjiajun/20250711/daily_test/jiangsu_power_cronjob_v1/df_to_mongo.py:200: FutureWarning: DataFrame.fillna with 'method' is deprecated and will raise in a future version. Use obj.ffill() or obj.bfill() instead.
  day_full[numeric_cols] = day_full[numeric_cols].interpolate(method='linear').fillna(method='bfill')
/data00/chenjiajun/20250711/daily_test/jiangsu_power_cronjob_v1/df_to_mongo.py:196: FutureWarning: DataFrame.interpolate with object dtype is deprecated and will raise in a future version. Call obj.infer_objects(copy=False) before interpolating instead.
  day_resampled = day_group.resample('15min').interpolate(method='linear')
/data00/chenjiajun/20250711/daily_test/jiangsu_power_cronjob_v1/df_to_mongo.py:200: FutureWarning: DataFrame.fillna with 'method' is deprecated and will raise in a future version. Use obj.ffill() or obj.bfill() instead.
  day_full[numeric_cols] = day_full[numeric_cols].interpolate(method='linear').fillna(method='bfill')
/data00/chenjiajun/20250711/daily_test/jiangsu_power_cronjob_v1/df_to_mongo.py:196: FutureWarning: DataFrame.interpolate with object dtype is deprecated and will raise in a future version. Call obj.infer_objects(copy=False) before interpolating instead.
  day_resampled = day_group.resample('15min').interpolate(method='linear')
/data00/chenjiajun/20250711/daily_test/jiangsu_power_cronjob_v1/df_to_mongo.py:200: FutureWarning: DataFrame.fillna with 'method' is deprecated and will raise in a future version. Use obj.ffill() or obj.bfill() instead.
  day_full[numeric_cols] = day_full[numeric_cols].interpolate(method='linear').fillna(method='bfill')
/data00/chenjiajun/20250711/daily_test/jiangsu_power_cronjob_v1/df_to_mongo.py:196: FutureWarning: DataFrame.interpolate with object dtype is deprecated and will raise in a future version. Call obj.infer_objects(copy=False) before interpolating instead.
  day_resampled = day_group.resample('15min').interpolate(method='linear')
/data00/chenjiajun/20250711/daily_test/jiangsu_power_cronjob_v1/df_to_mongo.py:200: FutureWarning: DataFrame.fillna with 'method' is deprecated and will raise in a future version. Use obj.ffill() or obj.bfill() instead.
  day_full[numeric_cols] = day_full[numeric_cols].interpolate(method='linear').fillna(method='bfill')
/data00/chenjiajun/20250711/daily_test/jiangsu_power_cronjob_v1/df_to_mongo.py:196: FutureWarning: DataFrame.interpolate with object dtype is deprecated and will raise in a future version. Call obj.infer_objects(copy=False) before interpolating instead.
  day_resampled = day_group.resample('15min').interpolate(method='linear')
/data00/chenjiajun/20250711/daily_test/jiangsu_power_cronjob_v1/df_to_mongo.py:200: FutureWarning: DataFrame.fillna with 'method' is deprecated and will raise in a future version. Use obj.ffill() or obj.bfill() instead.
  day_full[numeric_cols] = day_full[numeric_cols].interpolate(method='linear').fillna(method='bfill')
/data00/chenjiajun/20250711/daily_test/jiangsu_power_cronjob_v1/df_to_mongo.py:196: FutureWarning: DataFrame.interpolate with object dtype is deprecated and will raise in a future version. Call obj.infer_objects(copy=False) before interpolating instead.
  day_resampled = day_group.resample('15min').interpolate(method='linear')
/data00/chenjiajun/20250711/daily_test/jiangsu_power_cronjob_v1/df_to_mongo.py:200: FutureWarning: DataFrame.fillna with 'method' is deprecated and will raise in a future version. Use obj.ffill() or obj.bfill() instead.
  day_full[numeric_cols] = day_full[numeric_cols].interpolate(method='linear').fillna(method='bfill')
/data00/chenjiajun/20250711/daily_test/jiangsu_power_cronjob_v1/df_to_mongo.py:196: FutureWarning: DataFrame.interpolate with object dtype is deprecated and will raise in a future version. Call obj.infer_objects(copy=False) before interpolating instead.
  day_resampled = day_group.resample('15min').interpolate(method='linear')
/data00/chenjiajun/20250711/daily_test/jiangsu_power_cronjob_v1/df_to_mongo.py:200: FutureWarning: DataFrame.fillna with 'method' is deprecated and will raise in a future version. Use obj.ffill() or obj.bfill() instead.
  day_full[numeric_cols] = day_full[numeric_cols].interpolate(method='linear').fillna(method='bfill')
/data00/chenjiajun/20250711/daily_test/jiangsu_power_cronjob_v1/df_to_mongo.py:196: FutureWarning: DataFrame.interpolate with object dtype is deprecated and will raise in a future version. Call obj.infer_objects(copy=False) before interpolating instead.
  day_resampled = day_group.resample('15min').interpolate(method='linear')
/data00/chenjiajun/20250711/daily_test/jiangsu_power_cronjob_v1/df_to_mongo.py:200: FutureWarning: DataFrame.fillna with 'method' is deprecated and will raise in a future version. Use obj.ffill() or obj.bfill() instead.
  day_full[numeric_cols] = day_full[numeric_cols].interpolate(method='linear').fillna(method='bfill')
/data00/chenjiajun/20250711/daily_test/jiangsu_power_cronjob_v1/df_to_mongo.py:196: FutureWarning: DataFrame.interpolate with object dtype is deprecated and will raise in a future version. Call obj.infer_objects(copy=False) before interpolating instead.
  day_resampled = day_group.resample('15min').interpolate(method='linear')
/data00/chenjiajun/20250711/daily_test/jiangsu_power_cronjob_v1/df_to_mongo.py:200: FutureWarning: DataFrame.fillna with 'method' is deprecated and will raise in a future version. Use obj.ffill() or obj.bfill() instead.
  day_full[numeric_cols] = day_full[numeric_cols].interpolate(method='linear').fillna(method='bfill')
/data00/chenjiajun/20250711/daily_test/jiangsu_power_cronjob_v1/df_to_mongo.py:196: FutureWarning: DataFrame.interpolate with object dtype is deprecated and will raise in a future version. Call obj.infer_objects(copy=False) before interpolating instead.
  day_resampled = day_group.resample('15min').interpolate(method='linear')
/data00/chenjiajun/20250711/daily_test/jiangsu_power_cronjob_v1/df_to_mongo.py:200: FutureWarning: DataFrame.fillna with 'method' is deprecated and will raise in a future version. Use obj.ffill() or obj.bfill() instead.
  day_full[numeric_cols] = day_full[numeric_cols].interpolate(method='linear').fillna(method='bfill')
/data00/chenjiajun/20250711/daily_test/jiangsu_power_cronjob_v1/df_to_mongo.py:196: FutureWarning: DataFrame.interpolate with object dtype is deprecated and will raise in a future version. Call obj.infer_objects(copy=False) before interpolating instead.
  day_resampled = day_group.resample('15min').interpolate(method='linear')
/data00/chenjiajun/20250711/daily_test/jiangsu_power_cronjob_v1/df_to_mongo.py:200: FutureWarning: DataFrame.fillna with 'method' is deprecated and will raise in a future version. Use obj.ffill() or obj.bfill() instead.
  day_full[numeric_cols] = day_full[numeric_cols].interpolate(method='linear').fillna(method='bfill')
2026-02-11 08:30:45,892 - INFO - 所有日期处理完成: 原始288条记录 -> 新1152条记录
2026-02-11 08:30:46,063 - INFO - 成功连接到MongoDB
2026-02-11 08:35:46,065 - INFO - 处理完成 - 成功: 1056 条, 失败: 0 条
               date_time create_time  ... version_date  version_time
0    2026-02-11 00:00:00  2026-02-11  ...   2026-02-10      20:00:00
1    2026-02-11 00:15:00  2026-02-11  ...   2026-02-10      20:00:00
2    2026-02-11 00:30:00  2026-02-11  ...   2026-02-10      20:00:00
3    2026-02-11 00:45:00  2026-02-11  ...   2026-02-10      20:00:00
4    2026-02-11 01:00:00  2026-02-11  ...   2026-02-10      20:00:00
...                  ...         ...  ...          ...           ...
1051 2026-02-21 22:45:00  2026-02-11  ...   2026-02-10      20:00:00
1052 2026-02-21 23:00:00  2026-02-11  ...   2026-02-10      20:00:00
1053 2026-02-21 23:15:00  2026-02-11  ...   2026-02-10      20:00:00
1054 2026-02-21 23:30:00  2026-02-11  ...   2026-02-10      20:00:00
1055 2026-02-21 23:45:00  2026-02-11  ...   2026-02-10      20:00:00

[1056 rows x 11 columns]
Current working directory: /data00/chenjiajun/20250711/daily_test/jiangsu_power_cronjob_v1
2026-02-12 08:30:03,351 - INFO - [job] model: xgboost, train: True, labels: ['new_energy_wind', 'new_energy_solar'], date: 2025-10-08~2026-02-05, pipeline: 20260212-083003, meteo_source: HRES
2026-02-12 08:30:03,352 - data.py[line:1416] - INFO: Start to get ahead data.
2026-02-12 08:30:03,352 - INFO - Start to get ahead data.
2026-02-12 08:30:03,353 - data.py[line:1425] - INFO: Finish getting ahead data.
2026-02-12 08:30:03,353 - INFO - Finish getting ahead data.
2026-02-12 08:30:03,353 - data.py[line:1428] - INFO: Start to get realtime data.
2026-02-12 08:30:03,353 - INFO - Start to get realtime data.
2026-02-12 08:30:13,975 - data.py[line:1439] - INFO: Finish getting realtime data.
2026-02-12 08:30:13,975 - INFO - Finish getting realtime data.
2026-02-12 08:30:13,978 - data.py[line:1445] - INFO: Start to get meteo data.
2026-02-12 08:30:13,978 - INFO - Start to get meteo data.
/data00/chenjiajun/20250711/daily_test/jiangsu_power_cronjob_v1/api/io/mysql.py:27: UserWarning: pandas only supports SQLAlchemy connectable (engine/connection) or database string URI or sqlite3 DBAPI2 connection. Other DBAPI2 objects are not tested. Please consider using SQLAlchemy.
  df = pd.read_sql(
2026-02-12 08:30:40,177 - data.py[line:1459] - INFO: Finish getting meteo data.
2026-02-12 08:30:40,177 - INFO - Finish getting meteo data.
2026-02-12 08:30:40,288 - INFO - 样本数量:2875
2026-02-12 08:30:40,288 - INFO - 训练模型: new_energy_wind
2026-02-12 08:30:47,957 - INFO - 保存模型到: /data00/chenjiajun/20250711/daily_test/jiangsu_power_cronjob_v1/local/checkpoints/new_energy_wind-realtime-by_day-noa-unweighted.json
2026-02-12 08:30:48,003 - INFO - 读取模型文件: /data00/chenjiajun/20250711/daily_test/jiangsu_power_cronjob_v1/local/checkpoints/new_energy_wind-realtime-by_day-noa-unweighted.json
2026-02-12 08:30:48,147 - INFO - Finish predicting new_energy_wind
2026-02-12 08:30:48,187 - INFO - 样本数量:2875
2026-02-12 08:30:48,188 - INFO - 训练模型: new_energy_solar
2026-02-12 08:30:49,652 - INFO - 保存模型到: /data00/chenjiajun/20250711/daily_test/jiangsu_power_cronjob_v1/local/checkpoints/new_energy_solar-realtime-by_day-noa-unweighted.json
2026-02-12 08:30:49,679 - INFO - 读取模型文件: /data00/chenjiajun/20250711/daily_test/jiangsu_power_cronjob_v1/local/checkpoints/new_energy_solar-realtime-by_day-noa-unweighted.json
2026-02-12 08:30:49,764 - INFO - Finish predicting new_energy_solar
2026-02-12 08:30:49,794 - INFO - new_energy_wind 预测准确率: 0.9821002782833597
2026-02-12 08:30:49,798 - INFO - new_energy_solar 预测准确率: 0.9895124140858459
2026-02-12 08:30:51,817 - INFO - [job] model: xgboost, train: False, labels: ['new_energy_wind', 'new_energy_solar'], date: 2026-02-11~2026-02-23, pipeline: 20260212-083051, meteo_source: HRES
2026-02-12 08:30:51,818 - data.py[line:1445] - INFO: Start to get meteo data.
2026-02-12 08:30:51,818 - INFO - Start to get meteo data.
/data00/chenjiajun/20250711/daily_test/jiangsu_power_cronjob_v1/api/io/mysql.py:27: UserWarning: pandas only supports SQLAlchemy connectable (engine/connection) or database string URI or sqlite3 DBAPI2 connection. Other DBAPI2 objects are not tested. Please consider using SQLAlchemy.
  df = pd.read_sql(
2026-02-12 08:30:55,224 - data.py[line:1459] - INFO: Finish getting meteo data.
2026-02-12 08:30:55,224 - INFO - Finish getting meteo data.
2026-02-12 08:30:55,237 - INFO - 样本数量:288
2026-02-12 08:30:55,237 - INFO - 读取模型文件: /data00/chenjiajun/20250711/daily_test/jiangsu_power_cronjob_v1/local/checkpoints/new_energy_wind-realtime-by_day-noa-unweighted.json
2026-02-12 08:30:56,330 - INFO - Finish predicting new_energy_wind
/data00/chenjiajun/20250711/daily_test/jiangsu_power_cronjob_v1/df_to_mongo.py:196: FutureWarning: DataFrame.interpolate with object dtype is deprecated and will raise in a future version. Call obj.infer_objects(copy=False) before interpolating instead.
  day_resampled = day_group.resample('15min').interpolate(method='linear')
/data00/chenjiajun/20250711/daily_test/jiangsu_power_cronjob_v1/df_to_mongo.py:200: FutureWarning: DataFrame.fillna with 'method' is deprecated and will raise in a future version. Use obj.ffill() or obj.bfill() instead.
  day_full[numeric_cols] = day_full[numeric_cols].interpolate(method='linear').fillna(method='bfill')
/data00/chenjiajun/20250711/daily_test/jiangsu_power_cronjob_v1/df_to_mongo.py:196: FutureWarning: DataFrame.interpolate with object dtype is deprecated and will raise in a future version. Call obj.infer_objects(copy=False) before interpolating instead.
  day_resampled = day_group.resample('15min').interpolate(method='linear')
/data00/chenjiajun/20250711/daily_test/jiangsu_power_cronjob_v1/df_to_mongo.py:200: FutureWarning: DataFrame.fillna with 'method' is deprecated and will raise in a future version. Use obj.ffill() or obj.bfill() instead.
  day_full[numeric_cols] = day_full[numeric_cols].interpolate(method='linear').fillna(method='bfill')
/data00/chenjiajun/20250711/daily_test/jiangsu_power_cronjob_v1/df_to_mongo.py:196: FutureWarning: DataFrame.interpolate with object dtype is deprecated and will raise in a future version. Call obj.infer_objects(copy=False) before interpolating instead.
  day_resampled = day_group.resample('15min').interpolate(method='linear')
/data00/chenjiajun/20250711/daily_test/jiangsu_power_cronjob_v1/df_to_mongo.py:200: FutureWarning: DataFrame.fillna with 'method' is deprecated and will raise in a future version. Use obj.ffill() or obj.bfill() instead.
  day_full[numeric_cols] = day_full[numeric_cols].interpolate(method='linear').fillna(method='bfill')
/data00/chenjiajun/20250711/daily_test/jiangsu_power_cronjob_v1/df_to_mongo.py:196: FutureWarning: DataFrame.interpolate with object dtype is deprecated and will raise in a future version. Call obj.infer_objects(copy=False) before interpolating instead.
  day_resampled = day_group.resample('15min').interpolate(method='linear')
/data00/chenjiajun/20250711/daily_test/jiangsu_power_cronjob_v1/df_to_mongo.py:200: FutureWarning: DataFrame.fillna with 'method' is deprecated and will raise in a future version. Use obj.ffill() or obj.bfill() instead.
  day_full[numeric_cols] = day_full[numeric_cols].interpolate(method='linear').fillna(method='bfill')
/data00/chenjiajun/20250711/daily_test/jiangsu_power_cronjob_v1/df_to_mongo.py:196: FutureWarning: DataFrame.interpolate with object dtype is deprecated and will raise in a future version. Call obj.infer_objects(copy=False) before interpolating instead.
  day_resampled = day_group.resample('15min').interpolate(method='linear')
/data00/chenjiajun/20250711/daily_test/jiangsu_power_cronjob_v1/df_to_mongo.py:200: FutureWarning: DataFrame.fillna with 'method' is deprecated and will raise in a future version. Use obj.ffill() or obj.bfill() instead.
  day_full[numeric_cols] = day_full[numeric_cols].interpolate(method='linear').fillna(method='bfill')
/data00/chenjiajun/20250711/daily_test/jiangsu_power_cronjob_v1/df_to_mongo.py:196: FutureWarning: DataFrame.interpolate with object dtype is deprecated and will raise in a future version. Call obj.infer_objects(copy=False) before interpolating instead.
  day_resampled = day_group.resample('15min').interpolate(method='linear')
/data00/chenjiajun/20250711/daily_test/jiangsu_power_cronjob_v1/df_to_mongo.py:200: FutureWarning: DataFrame.fillna with 'method' is deprecated and will raise in a future version. Use obj.ffill() or obj.bfill() instead.
  day_full[numeric_cols] = day_full[numeric_cols].interpolate(method='linear').fillna(method='bfill')
/data00/chenjiajun/20250711/daily_test/jiangsu_power_cronjob_v1/df_to_mongo.py:196: FutureWarning: DataFrame.interpolate with object dtype is deprecated and will raise in a future version. Call obj.infer_objects(copy=False) before interpolating instead.
  day_resampled = day_group.resample('15min').interpolate(method='linear')
/data00/chenjiajun/20250711/daily_test/jiangsu_power_cronjob_v1/df_to_mongo.py:200: FutureWarning: DataFrame.fillna with 'method' is deprecated and will raise in a future version. Use obj.ffill() or obj.bfill() instead.
  day_full[numeric_cols] = day_full[numeric_cols].interpolate(method='linear').fillna(method='bfill')
/data00/chenjiajun/20250711/daily_test/jiangsu_power_cronjob_v1/df_to_mongo.py:196: FutureWarning: DataFrame.interpolate with object dtype is deprecated and will raise in a future version. Call obj.infer_objects(copy=False) before interpolating instead.
  day_resampled = day_group.resample('15min').interpolate(method='linear')
/data00/chenjiajun/20250711/daily_test/jiangsu_power_cronjob_v1/df_to_mongo.py:200: FutureWarning: DataFrame.fillna with 'method' is deprecated and will raise in a future version. Use obj.ffill() or obj.bfill() instead.
  day_full[numeric_cols] = day_full[numeric_cols].interpolate(method='linear').fillna(method='bfill')
/data00/chenjiajun/20250711/daily_test/jiangsu_power_cronjob_v1/df_to_mongo.py:196: FutureWarning: DataFrame.interpolate with object dtype is deprecated and will raise in a future version. Call obj.infer_objects(copy=False) before interpolating instead.
  day_resampled = day_group.resample('15min').interpolate(method='linear')
/data00/chenjiajun/20250711/daily_test/jiangsu_power_cronjob_v1/df_to_mongo.py:200: FutureWarning: DataFrame.fillna with 'method' is deprecated and will raise in a future version. Use obj.ffill() or obj.bfill() instead.
  day_full[numeric_cols] = day_full[numeric_cols].interpolate(method='linear').fillna(method='bfill')
/data00/chenjiajun/20250711/daily_test/jiangsu_power_cronjob_v1/df_to_mongo.py:196: FutureWarning: DataFrame.interpolate with object dtype is deprecated and will raise in a future version. Call obj.infer_objects(copy=False) before interpolating instead.
  day_resampled = day_group.resample('15min').interpolate(method='linear')
/data00/chenjiajun/20250711/daily_test/jiangsu_power_cronjob_v1/df_to_mongo.py:200: FutureWarning: DataFrame.fillna with 'method' is deprecated and will raise in a future version. Use obj.ffill() or obj.bfill() instead.
  day_full[numeric_cols] = day_full[numeric_cols].interpolate(method='linear').fillna(method='bfill')
/data00/chenjiajun/20250711/daily_test/jiangsu_power_cronjob_v1/df_to_mongo.py:196: FutureWarning: DataFrame.interpolate with object dtype is deprecated and will raise in a future version. Call obj.infer_objects(copy=False) before interpolating instead.
  day_resampled = day_group.resample('15min').interpolate(method='linear')
/data00/chenjiajun/20250711/daily_test/jiangsu_power_cronjob_v1/df_to_mongo.py:200: FutureWarning: DataFrame.fillna with 'method' is deprecated and will raise in a future version. Use obj.ffill() or obj.bfill() instead.
  day_full[numeric_cols] = day_full[numeric_cols].interpolate(method='linear').fillna(method='bfill')
/data00/chenjiajun/20250711/daily_test/jiangsu_power_cronjob_v1/df_to_mongo.py:196: FutureWarning: DataFrame.interpolate with object dtype is deprecated and will raise in a future version. Call obj.infer_objects(copy=False) before interpolating instead.
  day_resampled = day_group.resample('15min').interpolate(method='linear')
/data00/chenjiajun/20250711/daily_test/jiangsu_power_cronjob_v1/df_to_mongo.py:200: FutureWarning: DataFrame.fillna with 'method' is deprecated and will raise in a future version. Use obj.ffill() or obj.bfill() instead.
  day_full[numeric_cols] = day_full[numeric_cols].interpolate(method='linear').fillna(method='bfill')
2026-02-12 08:30:56,745 - INFO - 所有日期处理完成: 原始288条记录 -> 新1152条记录
2026-02-12 08:30:56,747 - INFO - 样本数量:288
2026-02-12 08:30:56,748 - INFO - 读取模型文件: /data00/chenjiajun/20250711/daily_test/jiangsu_power_cronjob_v1/local/checkpoints/new_energy_solar-realtime-by_day-noa-unweighted.json
2026-02-12 08:30:56,887 - INFO - Finish predicting new_energy_solar
/data00/chenjiajun/20250711/daily_test/jiangsu_power_cronjob_v1/df_to_mongo.py:196: FutureWarning: DataFrame.interpolate with object dtype is deprecated and will raise in a future version. Call obj.infer_objects(copy=False) before interpolating instead.
  day_resampled = day_group.resample('15min').interpolate(method='linear')
/data00/chenjiajun/20250711/daily_test/jiangsu_power_cronjob_v1/df_to_mongo.py:200: FutureWarning: DataFrame.fillna with 'method' is deprecated and will raise in a future version. Use obj.ffill() or obj.bfill() instead.
  day_full[numeric_cols] = day_full[numeric_cols].interpolate(method='linear').fillna(method='bfill')
/data00/chenjiajun/20250711/daily_test/jiangsu_power_cronjob_v1/df_to_mongo.py:196: FutureWarning: DataFrame.interpolate with object dtype is deprecated and will raise in a future version. Call obj.infer_objects(copy=False) before interpolating instead.
  day_resampled = day_group.resample('15min').interpolate(method='linear')
/data00/chenjiajun/20250711/daily_test/jiangsu_power_cronjob_v1/df_to_mongo.py:200: FutureWarning: DataFrame.fillna with 'method' is deprecated and will raise in a future version. Use obj.ffill() or obj.bfill() instead.
  day_full[numeric_cols] = day_full[numeric_cols].interpolate(method='linear').fillna(method='bfill')
/data00/chenjiajun/20250711/daily_test/jiangsu_power_cronjob_v1/df_to_mongo.py:196: FutureWarning: DataFrame.interpolate with object dtype is deprecated and will raise in a future version. Call obj.infer_objects(copy=False) before interpolating instead.
  day_resampled = day_group.resample('15min').interpolate(method='linear')
/data00/chenjiajun/20250711/daily_test/jiangsu_power_cronjob_v1/df_to_mongo.py:200: FutureWarning: DataFrame.fillna with 'method' is deprecated and will raise in a future version. Use obj.ffill() or obj.bfill() instead.
  day_full[numeric_cols] = day_full[numeric_cols].interpolate(method='linear').fillna(method='bfill')
/data00/chenjiajun/20250711/daily_test/jiangsu_power_cronjob_v1/df_to_mongo.py:196: FutureWarning: DataFrame.interpolate with object dtype is deprecated and will raise in a future version. Call obj.infer_objects(copy=False) before interpolating instead.
  day_resampled = day_group.resample('15min').interpolate(method='linear')
/data00/chenjiajun/20250711/daily_test/jiangsu_power_cronjob_v1/df_to_mongo.py:200: FutureWarning: DataFrame.fillna with 'method' is deprecated and will raise in a future version. Use obj.ffill() or obj.bfill() instead.
  day_full[numeric_cols] = day_full[numeric_cols].interpolate(method='linear').fillna(method='bfill')
/data00/chenjiajun/20250711/daily_test/jiangsu_power_cronjob_v1/df_to_mongo.py:196: FutureWarning: DataFrame.interpolate with object dtype is deprecated and will raise in a future version. Call obj.infer_objects(copy=False) before interpolating instead.
  day_resampled = day_group.resample('15min').interpolate(method='linear')
/data00/chenjiajun/20250711/daily_test/jiangsu_power_cronjob_v1/df_to_mongo.py:200: FutureWarning: DataFrame.fillna with 'method' is deprecated and will raise in a future version. Use obj.ffill() or obj.bfill() instead.
  day_full[numeric_cols] = day_full[numeric_cols].interpolate(method='linear').fillna(method='bfill')
/data00/chenjiajun/20250711/daily_test/jiangsu_power_cronjob_v1/df_to_mongo.py:196: FutureWarning: DataFrame.interpolate with object dtype is deprecated and will raise in a future version. Call obj.infer_objects(copy=False) before interpolating instead.
  day_resampled = day_group.resample('15min').interpolate(method='linear')
/data00/chenjiajun/20250711/daily_test/jiangsu_power_cronjob_v1/df_to_mongo.py:200: FutureWarning: DataFrame.fillna with 'method' is deprecated and will raise in a future version. Use obj.ffill() or obj.bfill() instead.
  day_full[numeric_cols] = day_full[numeric_cols].interpolate(method='linear').fillna(method='bfill')
/data00/chenjiajun/20250711/daily_test/jiangsu_power_cronjob_v1/df_to_mongo.py:196: FutureWarning: DataFrame.interpolate with object dtype is deprecated and will raise in a future version. Call obj.infer_objects(copy=False) before interpolating instead.
  day_resampled = day_group.resample('15min').interpolate(method='linear')
/data00/chenjiajun/20250711/daily_test/jiangsu_power_cronjob_v1/df_to_mongo.py:200: FutureWarning: DataFrame.fillna with 'method' is deprecated and will raise in a future version. Use obj.ffill() or obj.bfill() instead.
  day_full[numeric_cols] = day_full[numeric_cols].interpolate(method='linear').fillna(method='bfill')
/data00/chenjiajun/20250711/daily_test/jiangsu_power_cronjob_v1/df_to_mongo.py:196: FutureWarning: DataFrame.interpolate with object dtype is deprecated and will raise in a future version. Call obj.infer_objects(copy=False) before interpolating instead.
  day_resampled = day_group.resample('15min').interpolate(method='linear')
/data00/chenjiajun/20250711/daily_test/jiangsu_power_cronjob_v1/df_to_mongo.py:200: FutureWarning: DataFrame.fillna with 'method' is deprecated and will raise in a future version. Use obj.ffill() or obj.bfill() instead.
  day_full[numeric_cols] = day_full[numeric_cols].interpolate(method='linear').fillna(method='bfill')
/data00/chenjiajun/20250711/daily_test/jiangsu_power_cronjob_v1/df_to_mongo.py:196: FutureWarning: DataFrame.interpolate with object dtype is deprecated and will raise in a future version. Call obj.infer_objects(copy=False) before interpolating instead.
  day_resampled = day_group.resample('15min').interpolate(method='linear')
/data00/chenjiajun/20250711/daily_test/jiangsu_power_cronjob_v1/df_to_mongo.py:200: FutureWarning: DataFrame.fillna with 'method' is deprecated and will raise in a future version. Use obj.ffill() or obj.bfill() instead.
  day_full[numeric_cols] = day_full[numeric_cols].interpolate(method='linear').fillna(method='bfill')
/data00/chenjiajun/20250711/daily_test/jiangsu_power_cronjob_v1/df_to_mongo.py:196: FutureWarning: DataFrame.interpolate with object dtype is deprecated and will raise in a future version. Call obj.infer_objects(copy=False) before interpolating instead.
  day_resampled = day_group.resample('15min').interpolate(method='linear')
/data00/chenjiajun/20250711/daily_test/jiangsu_power_cronjob_v1/df_to_mongo.py:200: FutureWarning: DataFrame.fillna with 'method' is deprecated and will raise in a future version. Use obj.ffill() or obj.bfill() instead.
  day_full[numeric_cols] = day_full[numeric_cols].interpolate(method='linear').fillna(method='bfill')
/data00/chenjiajun/20250711/daily_test/jiangsu_power_cronjob_v1/df_to_mongo.py:196: FutureWarning: DataFrame.interpolate with object dtype is deprecated and will raise in a future version. Call obj.infer_objects(copy=False) before interpolating instead.
  day_resampled = day_group.resample('15min').interpolate(method='linear')
/data00/chenjiajun/20250711/daily_test/jiangsu_power_cronjob_v1/df_to_mongo.py:200: FutureWarning: DataFrame.fillna with 'method' is deprecated and will raise in a future version. Use obj.ffill() or obj.bfill() instead.
  day_full[numeric_cols] = day_full[numeric_cols].interpolate(method='linear').fillna(method='bfill')
/data00/chenjiajun/20250711/daily_test/jiangsu_power_cronjob_v1/df_to_mongo.py:196: FutureWarning: DataFrame.interpolate with object dtype is deprecated and will raise in a future version. Call obj.infer_objects(copy=False) before interpolating instead.
  day_resampled = day_group.resample('15min').interpolate(method='linear')
/data00/chenjiajun/20250711/daily_test/jiangsu_power_cronjob_v1/df_to_mongo.py:200: FutureWarning: DataFrame.fillna with 'method' is deprecated and will raise in a future version. Use obj.ffill() or obj.bfill() instead.
  day_full[numeric_cols] = day_full[numeric_cols].interpolate(method='linear').fillna(method='bfill')
2026-02-12 08:30:57,050 - INFO - 所有日期处理完成: 原始288条记录 -> 新1152条记录
2026-02-12 08:30:57,194 - INFO - 成功连接到MongoDB
2026-02-12 08:35:57,729 - INFO - 处理完成 - 成功: 1056 条, 失败: 0 条
               date_time create_time  ... version_date  version_time
0    2026-02-12 00:00:00  2026-02-12  ...   2026-02-11      20:00:00
1    2026-02-12 00:15:00  2026-02-12  ...   2026-02-11      20:00:00
2    2026-02-12 00:30:00  2026-02-12  ...   2026-02-11      20:00:00
3    2026-02-12 00:45:00  2026-02-12  ...   2026-02-11      20:00:00
4    2026-02-12 01:00:00  2026-02-12  ...   2026-02-11      20:00:00
...                  ...         ...  ...          ...           ...
1051 2026-02-22 22:45:00  2026-02-12  ...   2026-02-11      20:00:00
1052 2026-02-22 23:00:00  2026-02-12  ...   2026-02-11      20:00:00
1053 2026-02-22 23:15:00  2026-02-12  ...   2026-02-11      20:00:00
1054 2026-02-22 23:30:00  2026-02-12  ...   2026-02-11      20:00:00
1055 2026-02-22 23:45:00  2026-02-12  ...   2026-02-11      20:00:00

[1056 rows x 11 columns]
Current working directory: /data00/chenjiajun/20250711/daily_test/jiangsu_power_cronjob_v1
2026-02-13 08:30:10,579 - INFO - [job] model: xgboost, train: True, labels: ['new_energy_wind', 'new_energy_solar'], date: 2025-10-09~2026-02-06, pipeline: 20260213-083010, meteo_source: HRES
2026-02-13 08:30:10,580 - data.py[line:1416] - INFO: Start to get ahead data.
2026-02-13 08:30:10,580 - INFO - Start to get ahead data.
2026-02-13 08:30:10,581 - data.py[line:1425] - INFO: Finish getting ahead data.
2026-02-13 08:30:10,581 - INFO - Finish getting ahead data.
2026-02-13 08:30:10,581 - data.py[line:1428] - INFO: Start to get realtime data.
2026-02-13 08:30:10,581 - INFO - Start to get realtime data.
2026-02-13 08:30:21,754 - data.py[line:1439] - INFO: Finish getting realtime data.
2026-02-13 08:30:21,754 - INFO - Finish getting realtime data.
2026-02-13 08:30:21,779 - data.py[line:1445] - INFO: Start to get meteo data.
2026-02-13 08:30:21,779 - INFO - Start to get meteo data.
/data00/chenjiajun/20250711/daily_test/jiangsu_power_cronjob_v1/api/io/mysql.py:27: UserWarning: pandas only supports SQLAlchemy connectable (engine/connection) or database string URI or sqlite3 DBAPI2 connection. Other DBAPI2 objects are not tested. Please consider using SQLAlchemy.
  df = pd.read_sql(
2026-02-13 08:30:44,336 - data.py[line:1459] - INFO: Finish getting meteo data.
2026-02-13 08:30:44,336 - INFO - Finish getting meteo data.
2026-02-13 08:30:44,457 - INFO - 样本数量:2875
2026-02-13 08:30:44,457 - INFO - 训练模型: new_energy_wind
2026-02-13 08:30:50,714 - INFO - 保存模型到: /data00/chenjiajun/20250711/daily_test/jiangsu_power_cronjob_v1/local/checkpoints/new_energy_wind-realtime-by_day-noa-unweighted.json
2026-02-13 08:30:50,764 - INFO - 读取模型文件: /data00/chenjiajun/20250711/daily_test/jiangsu_power_cronjob_v1/local/checkpoints/new_energy_wind-realtime-by_day-noa-unweighted.json
2026-02-13 08:30:50,956 - INFO - Finish predicting new_energy_wind
2026-02-13 08:30:50,995 - INFO - 样本数量:2875
2026-02-13 08:30:50,996 - INFO - 训练模型: new_energy_solar
2026-02-13 08:30:52,284 - INFO - 保存模型到: /data00/chenjiajun/20250711/daily_test/jiangsu_power_cronjob_v1/local/checkpoints/new_energy_solar-realtime-by_day-noa-unweighted.json
2026-02-13 08:30:52,310 - INFO - 读取模型文件: /data00/chenjiajun/20250711/daily_test/jiangsu_power_cronjob_v1/local/checkpoints/new_energy_solar-realtime-by_day-noa-unweighted.json
2026-02-13 08:30:52,393 - INFO - Finish predicting new_energy_solar
2026-02-13 08:30:52,424 - INFO - new_energy_wind 预测准确率: 0.981852864357398
2026-02-13 08:30:52,427 - INFO - new_energy_solar 预测准确率: 0.9895424731632682
2026-02-13 08:30:54,361 - INFO - [job] model: xgboost, train: False, labels: ['new_energy_wind', 'new_energy_solar'], date: 2026-02-12~2026-02-24, pipeline: 20260213-083054, meteo_source: HRES
2026-02-13 08:30:54,361 - data.py[line:1445] - INFO: Start to get meteo data.
2026-02-13 08:30:54,361 - INFO - Start to get meteo data.
/data00/chenjiajun/20250711/daily_test/jiangsu_power_cronjob_v1/api/io/mysql.py:27: UserWarning: pandas only supports SQLAlchemy connectable (engine/connection) or database string URI or sqlite3 DBAPI2 connection. Other DBAPI2 objects are not tested. Please consider using SQLAlchemy.
  df = pd.read_sql(
2026-02-13 08:30:58,908 - data.py[line:1459] - INFO: Finish getting meteo data.
2026-02-13 08:30:58,908 - INFO - Finish getting meteo data.
2026-02-13 08:30:58,920 - INFO - 样本数量:288
2026-02-13 08:30:58,920 - INFO - 读取模型文件: /data00/chenjiajun/20250711/daily_test/jiangsu_power_cronjob_v1/local/checkpoints/new_energy_wind-realtime-by_day-noa-unweighted.json
2026-02-13 08:31:00,022 - INFO - Finish predicting new_energy_wind
/data00/chenjiajun/20250711/daily_test/jiangsu_power_cronjob_v1/df_to_mongo.py:196: FutureWarning: DataFrame.interpolate with object dtype is deprecated and will raise in a future version. Call obj.infer_objects(copy=False) before interpolating instead.
  day_resampled = day_group.resample('15min').interpolate(method='linear')
/data00/chenjiajun/20250711/daily_test/jiangsu_power_cronjob_v1/df_to_mongo.py:200: FutureWarning: DataFrame.fillna with 'method' is deprecated and will raise in a future version. Use obj.ffill() or obj.bfill() instead.
  day_full[numeric_cols] = day_full[numeric_cols].interpolate(method='linear').fillna(method='bfill')
/data00/chenjiajun/20250711/daily_test/jiangsu_power_cronjob_v1/df_to_mongo.py:196: FutureWarning: DataFrame.interpolate with object dtype is deprecated and will raise in a future version. Call obj.infer_objects(copy=False) before interpolating instead.
  day_resampled = day_group.resample('15min').interpolate(method='linear')
/data00/chenjiajun/20250711/daily_test/jiangsu_power_cronjob_v1/df_to_mongo.py:200: FutureWarning: DataFrame.fillna with 'method' is deprecated and will raise in a future version. Use obj.ffill() or obj.bfill() instead.
  day_full[numeric_cols] = day_full[numeric_cols].interpolate(method='linear').fillna(method='bfill')
/data00/chenjiajun/20250711/daily_test/jiangsu_power_cronjob_v1/df_to_mongo.py:196: FutureWarning: DataFrame.interpolate with object dtype is deprecated and will raise in a future version. Call obj.infer_objects(copy=False) before interpolating instead.
  day_resampled = day_group.resample('15min').interpolate(method='linear')
/data00/chenjiajun/20250711/daily_test/jiangsu_power_cronjob_v1/df_to_mongo.py:200: FutureWarning: DataFrame.fillna with 'method' is deprecated and will raise in a future version. Use obj.ffill() or obj.bfill() instead.
  day_full[numeric_cols] = day_full[numeric_cols].interpolate(method='linear').fillna(method='bfill')
/data00/chenjiajun/20250711/daily_test/jiangsu_power_cronjob_v1/df_to_mongo.py:196: FutureWarning: DataFrame.interpolate with object dtype is deprecated and will raise in a future version. Call obj.infer_objects(copy=False) before interpolating instead.
  day_resampled = day_group.resample('15min').interpolate(method='linear')
/data00/chenjiajun/20250711/daily_test/jiangsu_power_cronjob_v1/df_to_mongo.py:200: FutureWarning: DataFrame.fillna with 'method' is deprecated and will raise in a future version. Use obj.ffill() or obj.bfill() instead.
  day_full[numeric_cols] = day_full[numeric_cols].interpolate(method='linear').fillna(method='bfill')
/data00/chenjiajun/20250711/daily_test/jiangsu_power_cronjob_v1/df_to_mongo.py:196: FutureWarning: DataFrame.interpolate with object dtype is deprecated and will raise in a future version. Call obj.infer_objects(copy=False) before interpolating instead.
  day_resampled = day_group.resample('15min').interpolate(method='linear')
/data00/chenjiajun/20250711/daily_test/jiangsu_power_cronjob_v1/df_to_mongo.py:200: FutureWarning: DataFrame.fillna with 'method' is deprecated and will raise in a future version. Use obj.ffill() or obj.bfill() instead.
  day_full[numeric_cols] = day_full[numeric_cols].interpolate(method='linear').fillna(method='bfill')
/data00/chenjiajun/20250711/daily_test/jiangsu_power_cronjob_v1/df_to_mongo.py:196: FutureWarning: DataFrame.interpolate with object dtype is deprecated and will raise in a future version. Call obj.infer_objects(copy=False) before interpolating instead.
  day_resampled = day_group.resample('15min').interpolate(method='linear')
/data00/chenjiajun/20250711/daily_test/jiangsu_power_cronjob_v1/df_to_mongo.py:200: FutureWarning: DataFrame.fillna with 'method' is deprecated and will raise in a future version. Use obj.ffill() or obj.bfill() instead.
  day_full[numeric_cols] = day_full[numeric_cols].interpolate(method='linear').fillna(method='bfill')
/data00/chenjiajun/20250711/daily_test/jiangsu_power_cronjob_v1/df_to_mongo.py:196: FutureWarning: DataFrame.interpolate with object dtype is deprecated and will raise in a future version. Call obj.infer_objects(copy=False) before interpolating instead.
  day_resampled = day_group.resample('15min').interpolate(method='linear')
/data00/chenjiajun/20250711/daily_test/jiangsu_power_cronjob_v1/df_to_mongo.py:200: FutureWarning: DataFrame.fillna with 'method' is deprecated and will raise in a future version. Use obj.ffill() or obj.bfill() instead.
  day_full[numeric_cols] = day_full[numeric_cols].interpolate(method='linear').fillna(method='bfill')
/data00/chenjiajun/20250711/daily_test/jiangsu_power_cronjob_v1/df_to_mongo.py:196: FutureWarning: DataFrame.interpolate with object dtype is deprecated and will raise in a future version. Call obj.infer_objects(copy=False) before interpolating instead.
  day_resampled = day_group.resample('15min').interpolate(method='linear')
/data00/chenjiajun/20250711/daily_test/jiangsu_power_cronjob_v1/df_to_mongo.py:200: FutureWarning: DataFrame.fillna with 'method' is deprecated and will raise in a future version. Use obj.ffill() or obj.bfill() instead.
  day_full[numeric_cols] = day_full[numeric_cols].interpolate(method='linear').fillna(method='bfill')
/data00/chenjiajun/20250711/daily_test/jiangsu_power_cronjob_v1/df_to_mongo.py:196: FutureWarning: DataFrame.interpolate with object dtype is deprecated and will raise in a future version. Call obj.infer_objects(copy=False) before interpolating instead.
  day_resampled = day_group.resample('15min').interpolate(method='linear')
/data00/chenjiajun/20250711/daily_test/jiangsu_power_cronjob_v1/df_to_mongo.py:200: FutureWarning: DataFrame.fillna with 'method' is deprecated and will raise in a future version. Use obj.ffill() or obj.bfill() instead.
  day_full[numeric_cols] = day_full[numeric_cols].interpolate(method='linear').fillna(method='bfill')
/data00/chenjiajun/20250711/daily_test/jiangsu_power_cronjob_v1/df_to_mongo.py:196: FutureWarning: DataFrame.interpolate with object dtype is deprecated and will raise in a future version. Call obj.infer_objects(copy=False) before interpolating instead.
  day_resampled = day_group.resample('15min').interpolate(method='linear')
/data00/chenjiajun/20250711/daily_test/jiangsu_power_cronjob_v1/df_to_mongo.py:200: FutureWarning: DataFrame.fillna with 'method' is deprecated and will raise in a future version. Use obj.ffill() or obj.bfill() instead.
  day_full[numeric_cols] = day_full[numeric_cols].interpolate(method='linear').fillna(method='bfill')
/data00/chenjiajun/20250711/daily_test/jiangsu_power_cronjob_v1/df_to_mongo.py:196: FutureWarning: DataFrame.interpolate with object dtype is deprecated and will raise in a future version. Call obj.infer_objects(copy=False) before interpolating instead.
  day_resampled = day_group.resample('15min').interpolate(method='linear')
/data00/chenjiajun/20250711/daily_test/jiangsu_power_cronjob_v1/df_to_mongo.py:200: FutureWarning: DataFrame.fillna with 'method' is deprecated and will raise in a future version. Use obj.ffill() or obj.bfill() instead.
  day_full[numeric_cols] = day_full[numeric_cols].interpolate(method='linear').fillna(method='bfill')
/data00/chenjiajun/20250711/daily_test/jiangsu_power_cronjob_v1/df_to_mongo.py:196: FutureWarning: DataFrame.interpolate with object dtype is deprecated and will raise in a future version. Call obj.infer_objects(copy=False) before interpolating instead.
  day_resampled = day_group.resample('15min').interpolate(method='linear')
/data00/chenjiajun/20250711/daily_test/jiangsu_power_cronjob_v1/df_to_mongo.py:200: FutureWarning: DataFrame.fillna with 'method' is deprecated and will raise in a future version. Use obj.ffill() or obj.bfill() instead.
  day_full[numeric_cols] = day_full[numeric_cols].interpolate(method='linear').fillna(method='bfill')
2026-02-13 08:31:00,476 - INFO - 所有日期处理完成: 原始288条记录 -> 新1152条记录
2026-02-13 08:31:00,478 - INFO - 样本数量:288
2026-02-13 08:31:00,479 - INFO - 读取模型文件: /data00/chenjiajun/20250711/daily_test/jiangsu_power_cronjob_v1/local/checkpoints/new_energy_solar-realtime-by_day-noa-unweighted.json
2026-02-13 08:31:00,570 - INFO - Finish predicting new_energy_solar
/data00/chenjiajun/20250711/daily_test/jiangsu_power_cronjob_v1/df_to_mongo.py:196: FutureWarning: DataFrame.interpolate with object dtype is deprecated and will raise in a future version. Call obj.infer_objects(copy=False) before interpolating instead.
  day_resampled = day_group.resample('15min').interpolate(method='linear')
/data00/chenjiajun/20250711/daily_test/jiangsu_power_cronjob_v1/df_to_mongo.py:200: FutureWarning: DataFrame.fillna with 'method' is deprecated and will raise in a future version. Use obj.ffill() or obj.bfill() instead.
  day_full[numeric_cols] = day_full[numeric_cols].interpolate(method='linear').fillna(method='bfill')
/data00/chenjiajun/20250711/daily_test/jiangsu_power_cronjob_v1/df_to_mongo.py:196: FutureWarning: DataFrame.interpolate with object dtype is deprecated and will raise in a future version. Call obj.infer_objects(copy=False) before interpolating instead.
  day_resampled = day_group.resample('15min').interpolate(method='linear')
/data00/chenjiajun/20250711/daily_test/jiangsu_power_cronjob_v1/df_to_mongo.py:200: FutureWarning: DataFrame.fillna with 'method' is deprecated and will raise in a future version. Use obj.ffill() or obj.bfill() instead.
  day_full[numeric_cols] = day_full[numeric_cols].interpolate(method='linear').fillna(method='bfill')
/data00/chenjiajun/20250711/daily_test/jiangsu_power_cronjob_v1/df_to_mongo.py:196: FutureWarning: DataFrame.interpolate with object dtype is deprecated and will raise in a future version. Call obj.infer_objects(copy=False) before interpolating instead.
  day_resampled = day_group.resample('15min').interpolate(method='linear')
/data00/chenjiajun/20250711/daily_test/jiangsu_power_cronjob_v1/df_to_mongo.py:200: FutureWarning: DataFrame.fillna with 'method' is deprecated and will raise in a future version. Use obj.ffill() or obj.bfill() instead.
  day_full[numeric_cols] = day_full[numeric_cols].interpolate(method='linear').fillna(method='bfill')
/data00/chenjiajun/20250711/daily_test/jiangsu_power_cronjob_v1/df_to_mongo.py:196: FutureWarning: DataFrame.interpolate with object dtype is deprecated and will raise in a future version. Call obj.infer_objects(copy=False) before interpolating instead.
  day_resampled = day_group.resample('15min').interpolate(method='linear')
/data00/chenjiajun/20250711/daily_test/jiangsu_power_cronjob_v1/df_to_mongo.py:200: FutureWarning: DataFrame.fillna with 'method' is deprecated and will raise in a future version. Use obj.ffill() or obj.bfill() instead.
  day_full[numeric_cols] = day_full[numeric_cols].interpolate(method='linear').fillna(method='bfill')
/data00/chenjiajun/20250711/daily_test/jiangsu_power_cronjob_v1/df_to_mongo.py:196: FutureWarning: DataFrame.interpolate with object dtype is deprecated and will raise in a future version. Call obj.infer_objects(copy=False) before interpolating instead.
  day_resampled = day_group.resample('15min').interpolate(method='linear')
/data00/chenjiajun/20250711/daily_test/jiangsu_power_cronjob_v1/df_to_mongo.py:200: FutureWarning: DataFrame.fillna with 'method' is deprecated and will raise in a future version. Use obj.ffill() or obj.bfill() instead.
  day_full[numeric_cols] = day_full[numeric_cols].interpolate(method='linear').fillna(method='bfill')
/data00/chenjiajun/20250711/daily_test/jiangsu_power_cronjob_v1/df_to_mongo.py:196: FutureWarning: DataFrame.interpolate with object dtype is deprecated and will raise in a future version. Call obj.infer_objects(copy=False) before interpolating instead.
  day_resampled = day_group.resample('15min').interpolate(method='linear')
/data00/chenjiajun/20250711/daily_test/jiangsu_power_cronjob_v1/df_to_mongo.py:200: FutureWarning: DataFrame.fillna with 'method' is deprecated and will raise in a future version. Use obj.ffill() or obj.bfill() instead.
  day_full[numeric_cols] = day_full[numeric_cols].interpolate(method='linear').fillna(method='bfill')
/data00/chenjiajun/20250711/daily_test/jiangsu_power_cronjob_v1/df_to_mongo.py:196: FutureWarning: DataFrame.interpolate with object dtype is deprecated and will raise in a future version. Call obj.infer_objects(copy=False) before interpolating instead.
  day_resampled = day_group.resample('15min').interpolate(method='linear')
/data00/chenjiajun/20250711/daily_test/jiangsu_power_cronjob_v1/df_to_mongo.py:200: FutureWarning: DataFrame.fillna with 'method' is deprecated and will raise in a future version. Use obj.ffill() or obj.bfill() instead.
  day_full[numeric_cols] = day_full[numeric_cols].interpolate(method='linear').fillna(method='bfill')
/data00/chenjiajun/20250711/daily_test/jiangsu_power_cronjob_v1/df_to_mongo.py:196: FutureWarning: DataFrame.interpolate with object dtype is deprecated and will raise in a future version. Call obj.infer_objects(copy=False) before interpolating instead.
  day_resampled = day_group.resample('15min').interpolate(method='linear')
/data00/chenjiajun/20250711/daily_test/jiangsu_power_cronjob_v1/df_to_mongo.py:200: FutureWarning: DataFrame.fillna with 'method' is deprecated and will raise in a future version. Use obj.ffill() or obj.bfill() instead.
  day_full[numeric_cols] = day_full[numeric_cols].interpolate(method='linear').fillna(method='bfill')
/data00/chenjiajun/20250711/daily_test/jiangsu_power_cronjob_v1/df_to_mongo.py:196: FutureWarning: DataFrame.interpolate with object dtype is deprecated and will raise in a future version. Call obj.infer_objects(copy=False) before interpolating instead.
  day_resampled = day_group.resample('15min').interpolate(method='linear')
/data00/chenjiajun/20250711/daily_test/jiangsu_power_cronjob_v1/df_to_mongo.py:200: FutureWarning: DataFrame.fillna with 'method' is deprecated and will raise in a future version. Use obj.ffill() or obj.bfill() instead.
  day_full[numeric_cols] = day_full[numeric_cols].interpolate(method='linear').fillna(method='bfill')
/data00/chenjiajun/20250711/daily_test/jiangsu_power_cronjob_v1/df_to_mongo.py:196: FutureWarning: DataFrame.interpolate with object dtype is deprecated and will raise in a future version. Call obj.infer_objects(copy=False) before interpolating instead.
  day_resampled = day_group.resample('15min').interpolate(method='linear')
/data00/chenjiajun/20250711/daily_test/jiangsu_power_cronjob_v1/df_to_mongo.py:200: FutureWarning: DataFrame.fillna with 'method' is deprecated and will raise in a future version. Use obj.ffill() or obj.bfill() instead.
  day_full[numeric_cols] = day_full[numeric_cols].interpolate(method='linear').fillna(method='bfill')
/data00/chenjiajun/20250711/daily_test/jiangsu_power_cronjob_v1/df_to_mongo.py:196: FutureWarning: DataFrame.interpolate with object dtype is deprecated and will raise in a future version. Call obj.infer_objects(copy=False) before interpolating instead.
  day_resampled = day_group.resample('15min').interpolate(method='linear')
/data00/chenjiajun/20250711/daily_test/jiangsu_power_cronjob_v1/df_to_mongo.py:200: FutureWarning: DataFrame.fillna with 'method' is deprecated and will raise in a future version. Use obj.ffill() or obj.bfill() instead.
  day_full[numeric_cols] = day_full[numeric_cols].interpolate(method='linear').fillna(method='bfill')
/data00/chenjiajun/20250711/daily_test/jiangsu_power_cronjob_v1/df_to_mongo.py:196: FutureWarning: DataFrame.interpolate with object dtype is deprecated and will raise in a future version. Call obj.infer_objects(copy=False) before interpolating instead.
  day_resampled = day_group.resample('15min').interpolate(method='linear')
/data00/chenjiajun/20250711/daily_test/jiangsu_power_cronjob_v1/df_to_mongo.py:200: FutureWarning: DataFrame.fillna with 'method' is deprecated and will raise in a future version. Use obj.ffill() or obj.bfill() instead.
  day_full[numeric_cols] = day_full[numeric_cols].interpolate(method='linear').fillna(method='bfill')
2026-02-13 08:31:00,797 - INFO - 所有日期处理完成: 原始288条记录 -> 新1152条记录
2026-02-13 08:31:01,001 - INFO - 成功连接到MongoDB
2026-02-13 08:36:03,823 - INFO - 处理完成 - 成功: 1056 条, 失败: 0 条
               date_time create_time  ... version_date  version_time
0    2026-02-13 00:00:00  2026-02-13  ...   2026-02-12      20:00:00
1    2026-02-13 00:15:00  2026-02-13  ...   2026-02-12      20:00:00
2    2026-02-13 00:30:00  2026-02-13  ...   2026-02-12      20:00:00
3    2026-02-13 00:45:00  2026-02-13  ...   2026-02-12      20:00:00
4    2026-02-13 01:00:00  2026-02-13  ...   2026-02-12      20:00:00
...                  ...         ...  ...          ...           ...
1051 2026-02-23 22:45:00  2026-02-13  ...   2026-02-12      20:00:00
1052 2026-02-23 23:00:00  2026-02-13  ...   2026-02-12      20:00:00
1053 2026-02-23 23:15:00  2026-02-13  ...   2026-02-12      20:00:00
1054 2026-02-23 23:30:00  2026-02-13  ...   2026-02-12      20:00:00
1055 2026-02-23 23:45:00  2026-02-13  ...   2026-02-12      20:00:00

[1056 rows x 11 columns]
Current working directory: /data00/chenjiajun/20250711/daily_test/jiangsu_power_cronjob_v1
2026-02-14 08:30:03,466 - INFO - [job] model: xgboost, train: True, labels: ['new_energy_wind', 'new_energy_solar'], date: 2025-10-10~2026-02-07, pipeline: 20260214-083003, meteo_source: HRES
2026-02-14 08:30:03,467 - data.py[line:1416] - INFO: Start to get ahead data.
2026-02-14 08:30:03,467 - INFO - Start to get ahead data.
2026-02-14 08:30:03,467 - data.py[line:1425] - INFO: Finish getting ahead data.
2026-02-14 08:30:03,467 - INFO - Finish getting ahead data.
2026-02-14 08:30:03,467 - data.py[line:1428] - INFO: Start to get realtime data.
2026-02-14 08:30:03,467 - INFO - Start to get realtime data.
2026-02-14 08:30:12,866 - data.py[line:1439] - INFO: Finish getting realtime data.
2026-02-14 08:30:12,866 - INFO - Finish getting realtime data.
2026-02-14 08:30:12,869 - data.py[line:1445] - INFO: Start to get meteo data.
2026-02-14 08:30:12,869 - INFO - Start to get meteo data.
/data00/chenjiajun/20250711/daily_test/jiangsu_power_cronjob_v1/api/io/mysql.py:27: UserWarning: pandas only supports SQLAlchemy connectable (engine/connection) or database string URI or sqlite3 DBAPI2 connection. Other DBAPI2 objects are not tested. Please consider using SQLAlchemy.
  df = pd.read_sql(
2026-02-14 08:30:36,187 - data.py[line:1459] - INFO: Finish getting meteo data.
2026-02-14 08:30:36,187 - INFO - Finish getting meteo data.
2026-02-14 08:30:36,287 - INFO - 样本数量:2874
2026-02-14 08:30:36,288 - INFO - 训练模型: new_energy_wind
2026-02-14 08:30:41,933 - INFO - 保存模型到: /data00/chenjiajun/20250711/daily_test/jiangsu_power_cronjob_v1/local/checkpoints/new_energy_wind-realtime-by_day-noa-unweighted.json
2026-02-14 08:30:41,979 - INFO - 读取模型文件: /data00/chenjiajun/20250711/daily_test/jiangsu_power_cronjob_v1/local/checkpoints/new_energy_wind-realtime-by_day-noa-unweighted.json
2026-02-14 08:30:42,123 - INFO - Finish predicting new_energy_wind
2026-02-14 08:30:42,163 - INFO - 样本数量:2874
2026-02-14 08:30:42,164 - INFO - 训练模型: new_energy_solar
2026-02-14 08:30:43,380 - INFO - 保存模型到: /data00/chenjiajun/20250711/daily_test/jiangsu_power_cronjob_v1/local/checkpoints/new_energy_solar-realtime-by_day-noa-unweighted.json
2026-02-14 08:30:43,410 - INFO - 读取模型文件: /data00/chenjiajun/20250711/daily_test/jiangsu_power_cronjob_v1/local/checkpoints/new_energy_solar-realtime-by_day-noa-unweighted.json
2026-02-14 08:30:43,508 - INFO - Finish predicting new_energy_solar
2026-02-14 08:30:43,550 - INFO - new_energy_wind 预测准确率: 0.9813491474533879
2026-02-14 08:30:43,553 - INFO - new_energy_solar 预测准确率: 0.9891652770921288
2026-02-14 08:30:45,545 - INFO - [job] model: xgboost, train: False, labels: ['new_energy_wind', 'new_energy_solar'], date: 2026-02-13~2026-02-25, pipeline: 20260214-083045, meteo_source: HRES
2026-02-14 08:30:45,546 - data.py[line:1445] - INFO: Start to get meteo data.
2026-02-14 08:30:45,546 - INFO - Start to get meteo data.
/data00/chenjiajun/20250711/daily_test/jiangsu_power_cronjob_v1/api/io/mysql.py:27: UserWarning: pandas only supports SQLAlchemy connectable (engine/connection) or database string URI or sqlite3 DBAPI2 connection. Other DBAPI2 objects are not tested. Please consider using SQLAlchemy.
  df = pd.read_sql(
2026-02-14 08:30:49,220 - data.py[line:1459] - INFO: Finish getting meteo data.
2026-02-14 08:30:49,220 - INFO - Finish getting meteo data.
2026-02-14 08:30:49,234 - INFO - 样本数量:288
2026-02-14 08:30:49,234 - INFO - 读取模型文件: /data00/chenjiajun/20250711/daily_test/jiangsu_power_cronjob_v1/local/checkpoints/new_energy_wind-realtime-by_day-noa-unweighted.json
2026-02-14 08:30:50,471 - INFO - Finish predicting new_energy_wind
/data00/chenjiajun/20250711/daily_test/jiangsu_power_cronjob_v1/df_to_mongo.py:196: FutureWarning: DataFrame.interpolate with object dtype is deprecated and will raise in a future version. Call obj.infer_objects(copy=False) before interpolating instead.
  day_resampled = day_group.resample('15min').interpolate(method='linear')
/data00/chenjiajun/20250711/daily_test/jiangsu_power_cronjob_v1/df_to_mongo.py:200: FutureWarning: DataFrame.fillna with 'method' is deprecated and will raise in a future version. Use obj.ffill() or obj.bfill() instead.
  day_full[numeric_cols] = day_full[numeric_cols].interpolate(method='linear').fillna(method='bfill')
/data00/chenjiajun/20250711/daily_test/jiangsu_power_cronjob_v1/df_to_mongo.py:196: FutureWarning: DataFrame.interpolate with object dtype is deprecated and will raise in a future version. Call obj.infer_objects(copy=False) before interpolating instead.
  day_resampled = day_group.resample('15min').interpolate(method='linear')
/data00/chenjiajun/20250711/daily_test/jiangsu_power_cronjob_v1/df_to_mongo.py:200: FutureWarning: DataFrame.fillna with 'method' is deprecated and will raise in a future version. Use obj.ffill() or obj.bfill() instead.
  day_full[numeric_cols] = day_full[numeric_cols].interpolate(method='linear').fillna(method='bfill')
/data00/chenjiajun/20250711/daily_test/jiangsu_power_cronjob_v1/df_to_mongo.py:196: FutureWarning: DataFrame.interpolate with object dtype is deprecated and will raise in a future version. Call obj.infer_objects(copy=False) before interpolating instead.
  day_resampled = day_group.resample('15min').interpolate(method='linear')
/data00/chenjiajun/20250711/daily_test/jiangsu_power_cronjob_v1/df_to_mongo.py:200: FutureWarning: DataFrame.fillna with 'method' is deprecated and will raise in a future version. Use obj.ffill() or obj.bfill() instead.
  day_full[numeric_cols] = day_full[numeric_cols].interpolate(method='linear').fillna(method='bfill')
/data00/chenjiajun/20250711/daily_test/jiangsu_power_cronjob_v1/df_to_mongo.py:196: FutureWarning: DataFrame.interpolate with object dtype is deprecated and will raise in a future version. Call obj.infer_objects(copy=False) before interpolating instead.
  day_resampled = day_group.resample('15min').interpolate(method='linear')
/data00/chenjiajun/20250711/daily_test/jiangsu_power_cronjob_v1/df_to_mongo.py:200: FutureWarning: DataFrame.fillna with 'method' is deprecated and will raise in a future version. Use obj.ffill() or obj.bfill() instead.
  day_full[numeric_cols] = day_full[numeric_cols].interpolate(method='linear').fillna(method='bfill')
/data00/chenjiajun/20250711/daily_test/jiangsu_power_cronjob_v1/df_to_mongo.py:196: FutureWarning: DataFrame.interpolate with object dtype is deprecated and will raise in a future version. Call obj.infer_objects(copy=False) before interpolating instead.
  day_resampled = day_group.resample('15min').interpolate(method='linear')
/data00/chenjiajun/20250711/daily_test/jiangsu_power_cronjob_v1/df_to_mongo.py:200: FutureWarning: DataFrame.fillna with 'method' is deprecated and will raise in a future version. Use obj.ffill() or obj.bfill() instead.
  day_full[numeric_cols] = day_full[numeric_cols].interpolate(method='linear').fillna(method='bfill')
/data00/chenjiajun/20250711/daily_test/jiangsu_power_cronjob_v1/df_to_mongo.py:196: FutureWarning: DataFrame.interpolate with object dtype is deprecated and will raise in a future version. Call obj.infer_objects(copy=False) before interpolating instead.
  day_resampled = day_group.resample('15min').interpolate(method='linear')
/data00/chenjiajun/20250711/daily_test/jiangsu_power_cronjob_v1/df_to_mongo.py:200: FutureWarning: DataFrame.fillna with 'method' is deprecated and will raise in a future version. Use obj.ffill() or obj.bfill() instead.
  day_full[numeric_cols] = day_full[numeric_cols].interpolate(method='linear').fillna(method='bfill')
/data00/chenjiajun/20250711/daily_test/jiangsu_power_cronjob_v1/df_to_mongo.py:196: FutureWarning: DataFrame.interpolate with object dtype is deprecated and will raise in a future version. Call obj.infer_objects(copy=False) before interpolating instead.
  day_resampled = day_group.resample('15min').interpolate(method='linear')
/data00/chenjiajun/20250711/daily_test/jiangsu_power_cronjob_v1/df_to_mongo.py:200: FutureWarning: DataFrame.fillna with 'method' is deprecated and will raise in a future version. Use obj.ffill() or obj.bfill() instead.
  day_full[numeric_cols] = day_full[numeric_cols].interpolate(method='linear').fillna(method='bfill')
/data00/chenjiajun/20250711/daily_test/jiangsu_power_cronjob_v1/df_to_mongo.py:196: FutureWarning: DataFrame.interpolate with object dtype is deprecated and will raise in a future version. Call obj.infer_objects(copy=False) before interpolating instead.
  day_resampled = day_group.resample('15min').interpolate(method='linear')
/data00/chenjiajun/20250711/daily_test/jiangsu_power_cronjob_v1/df_to_mongo.py:200: FutureWarning: DataFrame.fillna with 'method' is deprecated and will raise in a future version. Use obj.ffill() or obj.bfill() instead.
  day_full[numeric_cols] = day_full[numeric_cols].interpolate(method='linear').fillna(method='bfill')
/data00/chenjiajun/20250711/daily_test/jiangsu_power_cronjob_v1/df_to_mongo.py:196: FutureWarning: DataFrame.interpolate with object dtype is deprecated and will raise in a future version. Call obj.infer_objects(copy=False) before interpolating instead.
  day_resampled = day_group.resample('15min').interpolate(method='linear')
/data00/chenjiajun/20250711/daily_test/jiangsu_power_cronjob_v1/df_to_mongo.py:200: FutureWarning: DataFrame.fillna with 'method' is deprecated and will raise in a future version. Use obj.ffill() or obj.bfill() instead.
  day_full[numeric_cols] = day_full[numeric_cols].interpolate(method='linear').fillna(method='bfill')
/data00/chenjiajun/20250711/daily_test/jiangsu_power_cronjob_v1/df_to_mongo.py:196: FutureWarning: DataFrame.interpolate with object dtype is deprecated and will raise in a future version. Call obj.infer_objects(copy=False) before interpolating instead.
  day_resampled = day_group.resample('15min').interpolate(method='linear')
/data00/chenjiajun/20250711/daily_test/jiangsu_power_cronjob_v1/df_to_mongo.py:200: FutureWarning: DataFrame.fillna with 'method' is deprecated and will raise in a future version. Use obj.ffill() or obj.bfill() instead.
  day_full[numeric_cols] = day_full[numeric_cols].interpolate(method='linear').fillna(method='bfill')
/data00/chenjiajun/20250711/daily_test/jiangsu_power_cronjob_v1/df_to_mongo.py:196: FutureWarning: DataFrame.interpolate with object dtype is deprecated and will raise in a future version. Call obj.infer_objects(copy=False) before interpolating instead.
  day_resampled = day_group.resample('15min').interpolate(method='linear')
/data00/chenjiajun/20250711/daily_test/jiangsu_power_cronjob_v1/df_to_mongo.py:200: FutureWarning: DataFrame.fillna with 'method' is deprecated and will raise in a future version. Use obj.ffill() or obj.bfill() instead.
  day_full[numeric_cols] = day_full[numeric_cols].interpolate(method='linear').fillna(method='bfill')
/data00/chenjiajun/20250711/daily_test/jiangsu_power_cronjob_v1/df_to_mongo.py:196: FutureWarning: DataFrame.interpolate with object dtype is deprecated and will raise in a future version. Call obj.infer_objects(copy=False) before interpolating instead.
  day_resampled = day_group.resample('15min').interpolate(method='linear')
/data00/chenjiajun/20250711/daily_test/jiangsu_power_cronjob_v1/df_to_mongo.py:200: FutureWarning: DataFrame.fillna with 'method' is deprecated and will raise in a future version. Use obj.ffill() or obj.bfill() instead.
  day_full[numeric_cols] = day_full[numeric_cols].interpolate(method='linear').fillna(method='bfill')
2026-02-14 08:30:50,903 - INFO - 所有日期处理完成: 原始288条记录 -> 新1152条记录
2026-02-14 08:30:50,907 - INFO - 样本数量:288
2026-02-14 08:30:50,907 - INFO - 读取模型文件: /data00/chenjiajun/20250711/daily_test/jiangsu_power_cronjob_v1/local/checkpoints/new_energy_solar-realtime-by_day-noa-unweighted.json
2026-02-14 08:30:51,040 - INFO - Finish predicting new_energy_solar
/data00/chenjiajun/20250711/daily_test/jiangsu_power_cronjob_v1/df_to_mongo.py:196: FutureWarning: DataFrame.interpolate with object dtype is deprecated and will raise in a future version. Call obj.infer_objects(copy=False) before interpolating instead.
  day_resampled = day_group.resample('15min').interpolate(method='linear')
/data00/chenjiajun/20250711/daily_test/jiangsu_power_cronjob_v1/df_to_mongo.py:200: FutureWarning: DataFrame.fillna with 'method' is deprecated and will raise in a future version. Use obj.ffill() or obj.bfill() instead.
  day_full[numeric_cols] = day_full[numeric_cols].interpolate(method='linear').fillna(method='bfill')
/data00/chenjiajun/20250711/daily_test/jiangsu_power_cronjob_v1/df_to_mongo.py:196: FutureWarning: DataFrame.interpolate with object dtype is deprecated and will raise in a future version. Call obj.infer_objects(copy=False) before interpolating instead.
  day_resampled = day_group.resample('15min').interpolate(method='linear')
/data00/chenjiajun/20250711/daily_test/jiangsu_power_cronjob_v1/df_to_mongo.py:200: FutureWarning: DataFrame.fillna with 'method' is deprecated and will raise in a future version. Use obj.ffill() or obj.bfill() instead.
  day_full[numeric_cols] = day_full[numeric_cols].interpolate(method='linear').fillna(method='bfill')
/data00/chenjiajun/20250711/daily_test/jiangsu_power_cronjob_v1/df_to_mongo.py:196: FutureWarning: DataFrame.interpolate with object dtype is deprecated and will raise in a future version. Call obj.infer_objects(copy=False) before interpolating instead.
  day_resampled = day_group.resample('15min').interpolate(method='linear')
/data00/chenjiajun/20250711/daily_test/jiangsu_power_cronjob_v1/df_to_mongo.py:200: FutureWarning: DataFrame.fillna with 'method' is deprecated and will raise in a future version. Use obj.ffill() or obj.bfill() instead.
  day_full[numeric_cols] = day_full[numeric_cols].interpolate(method='linear').fillna(method='bfill')
/data00/chenjiajun/20250711/daily_test/jiangsu_power_cronjob_v1/df_to_mongo.py:196: FutureWarning: DataFrame.interpolate with object dtype is deprecated and will raise in a future version. Call obj.infer_objects(copy=False) before interpolating instead.
  day_resampled = day_group.resample('15min').interpolate(method='linear')
/data00/chenjiajun/20250711/daily_test/jiangsu_power_cronjob_v1/df_to_mongo.py:200: FutureWarning: DataFrame.fillna with 'method' is deprecated and will raise in a future version. Use obj.ffill() or obj.bfill() instead.
  day_full[numeric_cols] = day_full[numeric_cols].interpolate(method='linear').fillna(method='bfill')
/data00/chenjiajun/20250711/daily_test/jiangsu_power_cronjob_v1/df_to_mongo.py:196: FutureWarning: DataFrame.interpolate with object dtype is deprecated and will raise in a future version. Call obj.infer_objects(copy=False) before interpolating instead.
  day_resampled = day_group.resample('15min').interpolate(method='linear')
/data00/chenjiajun/20250711/daily_test/jiangsu_power_cronjob_v1/df_to_mongo.py:200: FutureWarning: DataFrame.fillna with 'method' is deprecated and will raise in a future version. Use obj.ffill() or obj.bfill() instead.
  day_full[numeric_cols] = day_full[numeric_cols].interpolate(method='linear').fillna(method='bfill')
/data00/chenjiajun/20250711/daily_test/jiangsu_power_cronjob_v1/df_to_mongo.py:196: FutureWarning: DataFrame.interpolate with object dtype is deprecated and will raise in a future version. Call obj.infer_objects(copy=False) before interpolating instead.
  day_resampled = day_group.resample('15min').interpolate(method='linear')
/data00/chenjiajun/20250711/daily_test/jiangsu_power_cronjob_v1/df_to_mongo.py:200: FutureWarning: DataFrame.fillna with 'method' is deprecated and will raise in a future version. Use obj.ffill() or obj.bfill() instead.
  day_full[numeric_cols] = day_full[numeric_cols].interpolate(method='linear').fillna(method='bfill')
/data00/chenjiajun/20250711/daily_test/jiangsu_power_cronjob_v1/df_to_mongo.py:196: FutureWarning: DataFrame.interpolate with object dtype is deprecated and will raise in a future version. Call obj.infer_objects(copy=False) before interpolating instead.
  day_resampled = day_group.resample('15min').interpolate(method='linear')
/data00/chenjiajun/20250711/daily_test/jiangsu_power_cronjob_v1/df_to_mongo.py:200: FutureWarning: DataFrame.fillna with 'method' is deprecated and will raise in a future version. Use obj.ffill() or obj.bfill() instead.
  day_full[numeric_cols] = day_full[numeric_cols].interpolate(method='linear').fillna(method='bfill')
/data00/chenjiajun/20250711/daily_test/jiangsu_power_cronjob_v1/df_to_mongo.py:196: FutureWarning: DataFrame.interpolate with object dtype is deprecated and will raise in a future version. Call obj.infer_objects(copy=False) before interpolating instead.
  day_resampled = day_group.resample('15min').interpolate(method='linear')
/data00/chenjiajun/20250711/daily_test/jiangsu_power_cronjob_v1/df_to_mongo.py:200: FutureWarning: DataFrame.fillna with 'method' is deprecated and will raise in a future version. Use obj.ffill() or obj.bfill() instead.
  day_full[numeric_cols] = day_full[numeric_cols].interpolate(method='linear').fillna(method='bfill')
/data00/chenjiajun/20250711/daily_test/jiangsu_power_cronjob_v1/df_to_mongo.py:196: FutureWarning: DataFrame.interpolate with object dtype is deprecated and will raise in a future version. Call obj.infer_objects(copy=False) before interpolating instead.
  day_resampled = day_group.resample('15min').interpolate(method='linear')
/data00/chenjiajun/20250711/daily_test/jiangsu_power_cronjob_v1/df_to_mongo.py:200: FutureWarning: DataFrame.fillna with 'method' is deprecated and will raise in a future version. Use obj.ffill() or obj.bfill() instead.
  day_full[numeric_cols] = day_full[numeric_cols].interpolate(method='linear').fillna(method='bfill')
/data00/chenjiajun/20250711/daily_test/jiangsu_power_cronjob_v1/df_to_mongo.py:196: FutureWarning: DataFrame.interpolate with object dtype is deprecated and will raise in a future version. Call obj.infer_objects(copy=False) before interpolating instead.
  day_resampled = day_group.resample('15min').interpolate(method='linear')
/data00/chenjiajun/20250711/daily_test/jiangsu_power_cronjob_v1/df_to_mongo.py:200: FutureWarning: DataFrame.fillna with 'method' is deprecated and will raise in a future version. Use obj.ffill() or obj.bfill() instead.
  day_full[numeric_cols] = day_full[numeric_cols].interpolate(method='linear').fillna(method='bfill')
/data00/chenjiajun/20250711/daily_test/jiangsu_power_cronjob_v1/df_to_mongo.py:196: FutureWarning: DataFrame.interpolate with object dtype is deprecated and will raise in a future version. Call obj.infer_objects(copy=False) before interpolating instead.
  day_resampled = day_group.resample('15min').interpolate(method='linear')
/data00/chenjiajun/20250711/daily_test/jiangsu_power_cronjob_v1/df_to_mongo.py:200: FutureWarning: DataFrame.fillna with 'method' is deprecated and will raise in a future version. Use obj.ffill() or obj.bfill() instead.
  day_full[numeric_cols] = day_full[numeric_cols].interpolate(method='linear').fillna(method='bfill')
/data00/chenjiajun/20250711/daily_test/jiangsu_power_cronjob_v1/df_to_mongo.py:196: FutureWarning: DataFrame.interpolate with object dtype is deprecated and will raise in a future version. Call obj.infer_objects(copy=False) before interpolating instead.
  day_resampled = day_group.resample('15min').interpolate(method='linear')
/data00/chenjiajun/20250711/daily_test/jiangsu_power_cronjob_v1/df_to_mongo.py:200: FutureWarning: DataFrame.fillna with 'method' is deprecated and will raise in a future version. Use obj.ffill() or obj.bfill() instead.
  day_full[numeric_cols] = day_full[numeric_cols].interpolate(method='linear').fillna(method='bfill')
2026-02-14 08:30:51,243 - INFO - 所有日期处理完成: 原始288条记录 -> 新1152条记录
2026-02-14 08:30:51,463 - INFO - 成功连接到MongoDB
2026-02-14 08:36:31,392 - INFO - 处理完成 - 成功: 1056 条, 失败: 0 条
               date_time create_time  ... version_date  version_time
0    2026-02-14 00:00:00  2026-02-14  ...   2026-02-13      08:00:00
1    2026-02-14 00:15:00  2026-02-14  ...   2026-02-13      08:00:00
2    2026-02-14 00:30:00  2026-02-14  ...   2026-02-13      08:00:00
3    2026-02-14 00:45:00  2026-02-14  ...   2026-02-13      08:00:00
4    2026-02-14 01:00:00  2026-02-14  ...   2026-02-13      08:00:00
...                  ...         ...  ...          ...           ...
1051 2026-02-24 22:45:00  2026-02-14  ...   2026-02-13      08:00:00
1052 2026-02-24 23:00:00  2026-02-14  ...   2026-02-13      08:00:00
1053 2026-02-24 23:15:00  2026-02-14  ...   2026-02-13      08:00:00
1054 2026-02-24 23:30:00  2026-02-14  ...   2026-02-13      08:00:00
1055 2026-02-24 23:45:00  2026-02-14  ...   2026-02-13      08:00:00

[1056 rows x 11 columns]
Current working directory: /data00/chenjiajun/20250711/daily_test/jiangsu_power_cronjob_v1
2026-02-15 08:30:03,997 - INFO - [job] model: xgboost, train: True, labels: ['new_energy_wind', 'new_energy_solar'], date: 2025-10-11~2026-02-08, pipeline: 20260215-083003, meteo_source: HRES
2026-02-15 08:30:03,998 - data.py[line:1416] - INFO: Start to get ahead data.
2026-02-15 08:30:03,998 - INFO - Start to get ahead data.
2026-02-15 08:30:03,998 - data.py[line:1425] - INFO: Finish getting ahead data.
2026-02-15 08:30:03,998 - INFO - Finish getting ahead data.
2026-02-15 08:30:03,999 - data.py[line:1428] - INFO: Start to get realtime data.
2026-02-15 08:30:03,999 - INFO - Start to get realtime data.
2026-02-15 08:30:13,599 - data.py[line:1439] - INFO: Finish getting realtime data.
2026-02-15 08:30:13,599 - INFO - Finish getting realtime data.
2026-02-15 08:30:13,600 - data.py[line:1445] - INFO: Start to get meteo data.
2026-02-15 08:30:13,600 - INFO - Start to get meteo data.
/data00/chenjiajun/20250711/daily_test/jiangsu_power_cronjob_v1/api/io/mysql.py:27: UserWarning: pandas only supports SQLAlchemy connectable (engine/connection) or database string URI or sqlite3 DBAPI2 connection. Other DBAPI2 objects are not tested. Please consider using SQLAlchemy.
  df = pd.read_sql(
2026-02-15 08:30:38,290 - data.py[line:1459] - INFO: Finish getting meteo data.
2026-02-15 08:30:38,290 - INFO - Finish getting meteo data.
2026-02-15 08:30:38,390 - INFO - 样本数量:2874
2026-02-15 08:30:38,390 - INFO - 训练模型: new_energy_wind
2026-02-15 08:30:44,297 - INFO - 保存模型到: /data00/chenjiajun/20250711/daily_test/jiangsu_power_cronjob_v1/local/checkpoints/new_energy_wind-realtime-by_day-noa-unweighted.json
2026-02-15 08:30:44,343 - INFO - 读取模型文件: /data00/chenjiajun/20250711/daily_test/jiangsu_power_cronjob_v1/local/checkpoints/new_energy_wind-realtime-by_day-noa-unweighted.json
2026-02-15 08:30:44,522 - INFO - Finish predicting new_energy_wind
2026-02-15 08:30:44,571 - INFO - 样本数量:2874
2026-02-15 08:30:44,571 - INFO - 训练模型: new_energy_solar
2026-02-15 08:30:45,896 - INFO - 保存模型到: /data00/chenjiajun/20250711/daily_test/jiangsu_power_cronjob_v1/local/checkpoints/new_energy_solar-realtime-by_day-noa-unweighted.json
2026-02-15 08:30:45,922 - INFO - 读取模型文件: /data00/chenjiajun/20250711/daily_test/jiangsu_power_cronjob_v1/local/checkpoints/new_energy_solar-realtime-by_day-noa-unweighted.json
2026-02-15 08:30:46,035 - INFO - Finish predicting new_energy_solar
2026-02-15 08:30:46,065 - INFO - new_energy_wind 预测准确率: 0.9805809110451045
2026-02-15 08:30:46,068 - INFO - new_energy_solar 预测准确率: 0.9892085378051151
2026-02-15 08:30:48,192 - INFO - [job] model: xgboost, train: False, labels: ['new_energy_wind', 'new_energy_solar'], date: 2026-02-14~2026-02-26, pipeline: 20260215-083048, meteo_source: HRES
2026-02-15 08:30:48,192 - data.py[line:1445] - INFO: Start to get meteo data.
2026-02-15 08:30:48,192 - INFO - Start to get meteo data.
/data00/chenjiajun/20250711/daily_test/jiangsu_power_cronjob_v1/api/io/mysql.py:27: UserWarning: pandas only supports SQLAlchemy connectable (engine/connection) or database string URI or sqlite3 DBAPI2 connection. Other DBAPI2 objects are not tested. Please consider using SQLAlchemy.
  df = pd.read_sql(
2026-02-15 08:30:52,922 - data.py[line:1459] - INFO: Finish getting meteo data.
2026-02-15 08:30:52,922 - INFO - Finish getting meteo data.
2026-02-15 08:30:52,934 - INFO - 样本数量:288
2026-02-15 08:30:52,934 - INFO - 读取模型文件: /data00/chenjiajun/20250711/daily_test/jiangsu_power_cronjob_v1/local/checkpoints/new_energy_wind-realtime-by_day-noa-unweighted.json
2026-02-15 08:30:54,064 - INFO - Finish predicting new_energy_wind
/data00/chenjiajun/20250711/daily_test/jiangsu_power_cronjob_v1/df_to_mongo.py:196: FutureWarning: DataFrame.interpolate with object dtype is deprecated and will raise in a future version. Call obj.infer_objects(copy=False) before interpolating instead.
  day_resampled = day_group.resample('15min').interpolate(method='linear')
/data00/chenjiajun/20250711/daily_test/jiangsu_power_cronjob_v1/df_to_mongo.py:200: FutureWarning: DataFrame.fillna with 'method' is deprecated and will raise in a future version. Use obj.ffill() or obj.bfill() instead.
  day_full[numeric_cols] = day_full[numeric_cols].interpolate(method='linear').fillna(method='bfill')
/data00/chenjiajun/20250711/daily_test/jiangsu_power_cronjob_v1/df_to_mongo.py:196: FutureWarning: DataFrame.interpolate with object dtype is deprecated and will raise in a future version. Call obj.infer_objects(copy=False) before interpolating instead.
  day_resampled = day_group.resample('15min').interpolate(method='linear')
/data00/chenjiajun/20250711/daily_test/jiangsu_power_cronjob_v1/df_to_mongo.py:200: FutureWarning: DataFrame.fillna with 'method' is deprecated and will raise in a future version. Use obj.ffill() or obj.bfill() instead.
  day_full[numeric_cols] = day_full[numeric_cols].interpolate(method='linear').fillna(method='bfill')
/data00/chenjiajun/20250711/daily_test/jiangsu_power_cronjob_v1/df_to_mongo.py:196: FutureWarning: DataFrame.interpolate with object dtype is deprecated and will raise in a future version. Call obj.infer_objects(copy=False) before interpolating instead.
  day_resampled = day_group.resample('15min').interpolate(method='linear')
/data00/chenjiajun/20250711/daily_test/jiangsu_power_cronjob_v1/df_to_mongo.py:200: FutureWarning: DataFrame.fillna with 'method' is deprecated and will raise in a future version. Use obj.ffill() or obj.bfill() instead.
  day_full[numeric_cols] = day_full[numeric_cols].interpolate(method='linear').fillna(method='bfill')
/data00/chenjiajun/20250711/daily_test/jiangsu_power_cronjob_v1/df_to_mongo.py:196: FutureWarning: DataFrame.interpolate with object dtype is deprecated and will raise in a future version. Call obj.infer_objects(copy=False) before interpolating instead.
  day_resampled = day_group.resample('15min').interpolate(method='linear')
/data00/chenjiajun/20250711/daily_test/jiangsu_power_cronjob_v1/df_to_mongo.py:200: FutureWarning: DataFrame.fillna with 'method' is deprecated and will raise in a future version. Use obj.ffill() or obj.bfill() instead.
  day_full[numeric_cols] = day_full[numeric_cols].interpolate(method='linear').fillna(method='bfill')
/data00/chenjiajun/20250711/daily_test/jiangsu_power_cronjob_v1/df_to_mongo.py:196: FutureWarning: DataFrame.interpolate with object dtype is deprecated and will raise in a future version. Call obj.infer_objects(copy=False) before interpolating instead.
  day_resampled = day_group.resample('15min').interpolate(method='linear')
/data00/chenjiajun/20250711/daily_test/jiangsu_power_cronjob_v1/df_to_mongo.py:200: FutureWarning: DataFrame.fillna with 'method' is deprecated and will raise in a future version. Use obj.ffill() or obj.bfill() instead.
  day_full[numeric_cols] = day_full[numeric_cols].interpolate(method='linear').fillna(method='bfill')
/data00/chenjiajun/20250711/daily_test/jiangsu_power_cronjob_v1/df_to_mongo.py:196: FutureWarning: DataFrame.interpolate with object dtype is deprecated and will raise in a future version. Call obj.infer_objects(copy=False) before interpolating instead.
  day_resampled = day_group.resample('15min').interpolate(method='linear')
/data00/chenjiajun/20250711/daily_test/jiangsu_power_cronjob_v1/df_to_mongo.py:200: FutureWarning: DataFrame.fillna with 'method' is deprecated and will raise in a future version. Use obj.ffill() or obj.bfill() instead.
  day_full[numeric_cols] = day_full[numeric_cols].interpolate(method='linear').fillna(method='bfill')
/data00/chenjiajun/20250711/daily_test/jiangsu_power_cronjob_v1/df_to_mongo.py:196: FutureWarning: DataFrame.interpolate with object dtype is deprecated and will raise in a future version. Call obj.infer_objects(copy=False) before interpolating instead.
  day_resampled = day_group.resample('15min').interpolate(method='linear')
/data00/chenjiajun/20250711/daily_test/jiangsu_power_cronjob_v1/df_to_mongo.py:200: FutureWarning: DataFrame.fillna with 'method' is deprecated and will raise in a future version. Use obj.ffill() or obj.bfill() instead.
  day_full[numeric_cols] = day_full[numeric_cols].interpolate(method='linear').fillna(method='bfill')
/data00/chenjiajun/20250711/daily_test/jiangsu_power_cronjob_v1/df_to_mongo.py:196: FutureWarning: DataFrame.interpolate with object dtype is deprecated and will raise in a future version. Call obj.infer_objects(copy=False) before interpolating instead.
  day_resampled = day_group.resample('15min').interpolate(method='linear')
/data00/chenjiajun/20250711/daily_test/jiangsu_power_cronjob_v1/df_to_mongo.py:200: FutureWarning: DataFrame.fillna with 'method' is deprecated and will raise in a future version. Use obj.ffill() or obj.bfill() instead.
  day_full[numeric_cols] = day_full[numeric_cols].interpolate(method='linear').fillna(method='bfill')
/data00/chenjiajun/20250711/daily_test/jiangsu_power_cronjob_v1/df_to_mongo.py:196: FutureWarning: DataFrame.interpolate with object dtype is deprecated and will raise in a future version. Call obj.infer_objects(copy=False) before interpolating instead.
  day_resampled = day_group.resample('15min').interpolate(method='linear')
/data00/chenjiajun/20250711/daily_test/jiangsu_power_cronjob_v1/df_to_mongo.py:200: FutureWarning: DataFrame.fillna with 'method' is deprecated and will raise in a future version. Use obj.ffill() or obj.bfill() instead.
  day_full[numeric_cols] = day_full[numeric_cols].interpolate(method='linear').fillna(method='bfill')
/data00/chenjiajun/20250711/daily_test/jiangsu_power_cronjob_v1/df_to_mongo.py:196: FutureWarning: DataFrame.interpolate with object dtype is deprecated and will raise in a future version. Call obj.infer_objects(copy=False) before interpolating instead.
  day_resampled = day_group.resample('15min').interpolate(method='linear')
/data00/chenjiajun/20250711/daily_test/jiangsu_power_cronjob_v1/df_to_mongo.py:200: FutureWarning: DataFrame.fillna with 'method' is deprecated and will raise in a future version. Use obj.ffill() or obj.bfill() instead.
  day_full[numeric_cols] = day_full[numeric_cols].interpolate(method='linear').fillna(method='bfill')
/data00/chenjiajun/20250711/daily_test/jiangsu_power_cronjob_v1/df_to_mongo.py:196: FutureWarning: DataFrame.interpolate with object dtype is deprecated and will raise in a future version. Call obj.infer_objects(copy=False) before interpolating instead.
  day_resampled = day_group.resample('15min').interpolate(method='linear')
/data00/chenjiajun/20250711/daily_test/jiangsu_power_cronjob_v1/df_to_mongo.py:200: FutureWarning: DataFrame.fillna with 'method' is deprecated and will raise in a future version. Use obj.ffill() or obj.bfill() instead.
  day_full[numeric_cols] = day_full[numeric_cols].interpolate(method='linear').fillna(method='bfill')
/data00/chenjiajun/20250711/daily_test/jiangsu_power_cronjob_v1/df_to_mongo.py:196: FutureWarning: DataFrame.interpolate with object dtype is deprecated and will raise in a future version. Call obj.infer_objects(copy=False) before interpolating instead.
  day_resampled = day_group.resample('15min').interpolate(method='linear')
/data00/chenjiajun/20250711/daily_test/jiangsu_power_cronjob_v1/df_to_mongo.py:200: FutureWarning: DataFrame.fillna with 'method' is deprecated and will raise in a future version. Use obj.ffill() or obj.bfill() instead.
  day_full[numeric_cols] = day_full[numeric_cols].interpolate(method='linear').fillna(method='bfill')
2026-02-15 08:30:54,453 - INFO - 所有日期处理完成: 原始288条记录 -> 新1152条记录
2026-02-15 08:30:54,455 - INFO - 样本数量:288
2026-02-15 08:30:54,455 - INFO - 读取模型文件: /data00/chenjiajun/20250711/daily_test/jiangsu_power_cronjob_v1/local/checkpoints/new_energy_solar-realtime-by_day-noa-unweighted.json
2026-02-15 08:30:54,573 - INFO - Finish predicting new_energy_solar
/data00/chenjiajun/20250711/daily_test/jiangsu_power_cronjob_v1/df_to_mongo.py:196: FutureWarning: DataFrame.interpolate with object dtype is deprecated and will raise in a future version. Call obj.infer_objects(copy=False) before interpolating instead.
  day_resampled = day_group.resample('15min').interpolate(method='linear')
/data00/chenjiajun/20250711/daily_test/jiangsu_power_cronjob_v1/df_to_mongo.py:200: FutureWarning: DataFrame.fillna with 'method' is deprecated and will raise in a future version. Use obj.ffill() or obj.bfill() instead.
  day_full[numeric_cols] = day_full[numeric_cols].interpolate(method='linear').fillna(method='bfill')
/data00/chenjiajun/20250711/daily_test/jiangsu_power_cronjob_v1/df_to_mongo.py:196: FutureWarning: DataFrame.interpolate with object dtype is deprecated and will raise in a future version. Call obj.infer_objects(copy=False) before interpolating instead.
  day_resampled = day_group.resample('15min').interpolate(method='linear')
/data00/chenjiajun/20250711/daily_test/jiangsu_power_cronjob_v1/df_to_mongo.py:200: FutureWarning: DataFrame.fillna with 'method' is deprecated and will raise in a future version. Use obj.ffill() or obj.bfill() instead.
  day_full[numeric_cols] = day_full[numeric_cols].interpolate(method='linear').fillna(method='bfill')
/data00/chenjiajun/20250711/daily_test/jiangsu_power_cronjob_v1/df_to_mongo.py:196: FutureWarning: DataFrame.interpolate with object dtype is deprecated and will raise in a future version. Call obj.infer_objects(copy=False) before interpolating instead.
  day_resampled = day_group.resample('15min').interpolate(method='linear')
/data00/chenjiajun/20250711/daily_test/jiangsu_power_cronjob_v1/df_to_mongo.py:200: FutureWarning: DataFrame.fillna with 'method' is deprecated and will raise in a future version. Use obj.ffill() or obj.bfill() instead.
  day_full[numeric_cols] = day_full[numeric_cols].interpolate(method='linear').fillna(method='bfill')
/data00/chenjiajun/20250711/daily_test/jiangsu_power_cronjob_v1/df_to_mongo.py:196: FutureWarning: DataFrame.interpolate with object dtype is deprecated and will raise in a future version. Call obj.infer_objects(copy=False) before interpolating instead.
  day_resampled = day_group.resample('15min').interpolate(method='linear')
/data00/chenjiajun/20250711/daily_test/jiangsu_power_cronjob_v1/df_to_mongo.py:200: FutureWarning: DataFrame.fillna with 'method' is deprecated and will raise in a future version. Use obj.ffill() or obj.bfill() instead.
  day_full[numeric_cols] = day_full[numeric_cols].interpolate(method='linear').fillna(method='bfill')
/data00/chenjiajun/20250711/daily_test/jiangsu_power_cronjob_v1/df_to_mongo.py:196: FutureWarning: DataFrame.interpolate with object dtype is deprecated and will raise in a future version. Call obj.infer_objects(copy=False) before interpolating instead.
  day_resampled = day_group.resample('15min').interpolate(method='linear')
/data00/chenjiajun/20250711/daily_test/jiangsu_power_cronjob_v1/df_to_mongo.py:200: FutureWarning: DataFrame.fillna with 'method' is deprecated and will raise in a future version. Use obj.ffill() or obj.bfill() instead.
  day_full[numeric_cols] = day_full[numeric_cols].interpolate(method='linear').fillna(method='bfill')
/data00/chenjiajun/20250711/daily_test/jiangsu_power_cronjob_v1/df_to_mongo.py:196: FutureWarning: DataFrame.interpolate with object dtype is deprecated and will raise in a future version. Call obj.infer_objects(copy=False) before interpolating instead.
  day_resampled = day_group.resample('15min').interpolate(method='linear')
/data00/chenjiajun/20250711/daily_test/jiangsu_power_cronjob_v1/df_to_mongo.py:200: FutureWarning: DataFrame.fillna with 'method' is deprecated and will raise in a future version. Use obj.ffill() or obj.bfill() instead.
  day_full[numeric_cols] = day_full[numeric_cols].interpolate(method='linear').fillna(method='bfill')
/data00/chenjiajun/20250711/daily_test/jiangsu_power_cronjob_v1/df_to_mongo.py:196: FutureWarning: DataFrame.interpolate with object dtype is deprecated and will raise in a future version. Call obj.infer_objects(copy=False) before interpolating instead.
  day_resampled = day_group.resample('15min').interpolate(method='linear')
/data00/chenjiajun/20250711/daily_test/jiangsu_power_cronjob_v1/df_to_mongo.py:200: FutureWarning: DataFrame.fillna with 'method' is deprecated and will raise in a future version. Use obj.ffill() or obj.bfill() instead.
  day_full[numeric_cols] = day_full[numeric_cols].interpolate(method='linear').fillna(method='bfill')
/data00/chenjiajun/20250711/daily_test/jiangsu_power_cronjob_v1/df_to_mongo.py:196: FutureWarning: DataFrame.interpolate with object dtype is deprecated and will raise in a future version. Call obj.infer_objects(copy=False) before interpolating instead.
  day_resampled = day_group.resample('15min').interpolate(method='linear')
/data00/chenjiajun/20250711/daily_test/jiangsu_power_cronjob_v1/df_to_mongo.py:200: FutureWarning: DataFrame.fillna with 'method' is deprecated and will raise in a future version. Use obj.ffill() or obj.bfill() instead.
  day_full[numeric_cols] = day_full[numeric_cols].interpolate(method='linear').fillna(method='bfill')
/data00/chenjiajun/20250711/daily_test/jiangsu_power_cronjob_v1/df_to_mongo.py:196: FutureWarning: DataFrame.interpolate with object dtype is deprecated and will raise in a future version. Call obj.infer_objects(copy=False) before interpolating instead.
  day_resampled = day_group.resample('15min').interpolate(method='linear')
/data00/chenjiajun/20250711/daily_test/jiangsu_power_cronjob_v1/df_to_mongo.py:200: FutureWarning: DataFrame.fillna with 'method' is deprecated and will raise in a future version. Use obj.ffill() or obj.bfill() instead.
  day_full[numeric_cols] = day_full[numeric_cols].interpolate(method='linear').fillna(method='bfill')
/data00/chenjiajun/20250711/daily_test/jiangsu_power_cronjob_v1/df_to_mongo.py:196: FutureWarning: DataFrame.interpolate with object dtype is deprecated and will raise in a future version. Call obj.infer_objects(copy=False) before interpolating instead.
  day_resampled = day_group.resample('15min').interpolate(method='linear')
/data00/chenjiajun/20250711/daily_test/jiangsu_power_cronjob_v1/df_to_mongo.py:200: FutureWarning: DataFrame.fillna with 'method' is deprecated and will raise in a future version. Use obj.ffill() or obj.bfill() instead.
  day_full[numeric_cols] = day_full[numeric_cols].interpolate(method='linear').fillna(method='bfill')
/data00/chenjiajun/20250711/daily_test/jiangsu_power_cronjob_v1/df_to_mongo.py:196: FutureWarning: DataFrame.interpolate with object dtype is deprecated and will raise in a future version. Call obj.infer_objects(copy=False) before interpolating instead.
  day_resampled = day_group.resample('15min').interpolate(method='linear')
/data00/chenjiajun/20250711/daily_test/jiangsu_power_cronjob_v1/df_to_mongo.py:200: FutureWarning: DataFrame.fillna with 'method' is deprecated and will raise in a future version. Use obj.ffill() or obj.bfill() instead.
  day_full[numeric_cols] = day_full[numeric_cols].interpolate(method='linear').fillna(method='bfill')
/data00/chenjiajun/20250711/daily_test/jiangsu_power_cronjob_v1/df_to_mongo.py:196: FutureWarning: DataFrame.interpolate with object dtype is deprecated and will raise in a future version. Call obj.infer_objects(copy=False) before interpolating instead.
  day_resampled = day_group.resample('15min').interpolate(method='linear')
/data00/chenjiajun/20250711/daily_test/jiangsu_power_cronjob_v1/df_to_mongo.py:200: FutureWarning: DataFrame.fillna with 'method' is deprecated and will raise in a future version. Use obj.ffill() or obj.bfill() instead.
  day_full[numeric_cols] = day_full[numeric_cols].interpolate(method='linear').fillna(method='bfill')
2026-02-15 08:30:54,735 - INFO - 所有日期处理完成: 原始288条记录 -> 新1152条记录
2026-02-15 08:30:54,918 - INFO - 成功连接到MongoDB
2026-02-15 08:37:48,648 - INFO - 处理完成 - 成功: 1056 条, 失败: 0 条
               date_time create_time  ... version_date  version_time
0    2026-02-15 00:00:00  2026-02-15  ...   2026-02-14      20:00:00
1    2026-02-15 00:15:00  2026-02-15  ...   2026-02-14      20:00:00
2    2026-02-15 00:30:00  2026-02-15  ...   2026-02-14      20:00:00
3    2026-02-15 00:45:00  2026-02-15  ...   2026-02-14      20:00:00
4    2026-02-15 01:00:00  2026-02-15  ...   2026-02-14      20:00:00
...                  ...         ...  ...          ...           ...
1051 2026-02-25 22:45:00  2026-02-15  ...   2026-02-14      20:00:00
1052 2026-02-25 23:00:00  2026-02-15  ...   2026-02-14      20:00:00
1053 2026-02-25 23:15:00  2026-02-15  ...   2026-02-14      20:00:00
1054 2026-02-25 23:30:00  2026-02-15  ...   2026-02-14      20:00:00
1055 2026-02-25 23:45:00  2026-02-15  ...   2026-02-14      20:00:00

[1056 rows x 11 columns]
Current working directory: /data00/chenjiajun/20250711/daily_test/jiangsu_power_cronjob_v1
2026-02-16 08:30:03,834 - INFO - [job] model: xgboost, train: True, labels: ['new_energy_wind', 'new_energy_solar'], date: 2025-10-12~2026-02-09, pipeline: 20260216-083003, meteo_source: HRES
2026-02-16 08:30:03,835 - data.py[line:1416] - INFO: Start to get ahead data.
2026-02-16 08:30:03,835 - INFO - Start to get ahead data.
2026-02-16 08:30:03,836 - data.py[line:1425] - INFO: Finish getting ahead data.
2026-02-16 08:30:03,836 - INFO - Finish getting ahead data.
2026-02-16 08:30:03,836 - data.py[line:1428] - INFO: Start to get realtime data.
2026-02-16 08:30:03,836 - INFO - Start to get realtime data.
2026-02-16 08:30:13,982 - data.py[line:1439] - INFO: Finish getting realtime data.
2026-02-16 08:30:13,982 - INFO - Finish getting realtime data.
2026-02-16 08:30:13,985 - data.py[line:1445] - INFO: Start to get meteo data.
2026-02-16 08:30:13,985 - INFO - Start to get meteo data.
/data00/chenjiajun/20250711/daily_test/jiangsu_power_cronjob_v1/api/io/mysql.py:27: UserWarning: pandas only supports SQLAlchemy connectable (engine/connection) or database string URI or sqlite3 DBAPI2 connection. Other DBAPI2 objects are not tested. Please consider using SQLAlchemy.
  df = pd.read_sql(
2026-02-16 08:30:41,971 - data.py[line:1459] - INFO: Finish getting meteo data.
2026-02-16 08:30:41,971 - INFO - Finish getting meteo data.
2026-02-16 08:30:42,072 - INFO - 样本数量:2877
2026-02-16 08:30:42,072 - INFO - 训练模型: new_energy_wind
2026-02-16 08:30:48,167 - INFO - 保存模型到: /data00/chenjiajun/20250711/daily_test/jiangsu_power_cronjob_v1/local/checkpoints/new_energy_wind-realtime-by_day-noa-unweighted.json
2026-02-16 08:30:48,211 - INFO - 读取模型文件: /data00/chenjiajun/20250711/daily_test/jiangsu_power_cronjob_v1/local/checkpoints/new_energy_wind-realtime-by_day-noa-unweighted.json
2026-02-16 08:30:48,380 - INFO - Finish predicting new_energy_wind
2026-02-16 08:30:48,427 - INFO - 样本数量:2877
2026-02-16 08:30:48,427 - INFO - 训练模型: new_energy_solar
2026-02-16 08:30:49,765 - INFO - 保存模型到: /data00/chenjiajun/20250711/daily_test/jiangsu_power_cronjob_v1/local/checkpoints/new_energy_solar-realtime-by_day-noa-unweighted.json
2026-02-16 08:30:49,790 - INFO - 读取模型文件: /data00/chenjiajun/20250711/daily_test/jiangsu_power_cronjob_v1/local/checkpoints/new_energy_solar-realtime-by_day-noa-unweighted.json
2026-02-16 08:30:49,886 - INFO - Finish predicting new_energy_solar
2026-02-16 08:30:49,937 - INFO - new_energy_wind 预测准确率: 0.9813921297413633
2026-02-16 08:30:49,940 - INFO - new_energy_solar 预测准确率: 0.9888602127835333
2026-02-16 08:30:52,197 - INFO - [job] model: xgboost, train: False, labels: ['new_energy_wind', 'new_energy_solar'], date: 2026-02-15~2026-02-27, pipeline: 20260216-083052, meteo_source: HRES
2026-02-16 08:30:52,198 - data.py[line:1445] - INFO: Start to get meteo data.
2026-02-16 08:30:52,198 - INFO - Start to get meteo data.
/data00/chenjiajun/20250711/daily_test/jiangsu_power_cronjob_v1/api/io/mysql.py:27: UserWarning: pandas only supports SQLAlchemy connectable (engine/connection) or database string URI or sqlite3 DBAPI2 connection. Other DBAPI2 objects are not tested. Please consider using SQLAlchemy.
  df = pd.read_sql(
2026-02-16 08:30:57,446 - data.py[line:1459] - INFO: Finish getting meteo data.
2026-02-16 08:30:57,446 - INFO - Finish getting meteo data.
2026-02-16 08:30:57,460 - INFO - 样本数量:288
2026-02-16 08:30:57,460 - INFO - 读取模型文件: /data00/chenjiajun/20250711/daily_test/jiangsu_power_cronjob_v1/local/checkpoints/new_energy_wind-realtime-by_day-noa-unweighted.json
2026-02-16 08:30:58,668 - INFO - Finish predicting new_energy_wind
/data00/chenjiajun/20250711/daily_test/jiangsu_power_cronjob_v1/df_to_mongo.py:196: FutureWarning: DataFrame.interpolate with object dtype is deprecated and will raise in a future version. Call obj.infer_objects(copy=False) before interpolating instead.
  day_resampled = day_group.resample('15min').interpolate(method='linear')
/data00/chenjiajun/20250711/daily_test/jiangsu_power_cronjob_v1/df_to_mongo.py:200: FutureWarning: DataFrame.fillna with 'method' is deprecated and will raise in a future version. Use obj.ffill() or obj.bfill() instead.
  day_full[numeric_cols] = day_full[numeric_cols].interpolate(method='linear').fillna(method='bfill')
/data00/chenjiajun/20250711/daily_test/jiangsu_power_cronjob_v1/df_to_mongo.py:196: FutureWarning: DataFrame.interpolate with object dtype is deprecated and will raise in a future version. Call obj.infer_objects(copy=False) before interpolating instead.
  day_resampled = day_group.resample('15min').interpolate(method='linear')
/data00/chenjiajun/20250711/daily_test/jiangsu_power_cronjob_v1/df_to_mongo.py:200: FutureWarning: DataFrame.fillna with 'method' is deprecated and will raise in a future version. Use obj.ffill() or obj.bfill() instead.
  day_full[numeric_cols] = day_full[numeric_cols].interpolate(method='linear').fillna(method='bfill')
/data00/chenjiajun/20250711/daily_test/jiangsu_power_cronjob_v1/df_to_mongo.py:196: FutureWarning: DataFrame.interpolate with object dtype is deprecated and will raise in a future version. Call obj.infer_objects(copy=False) before interpolating instead.
  day_resampled = day_group.resample('15min').interpolate(method='linear')
/data00/chenjiajun/20250711/daily_test/jiangsu_power_cronjob_v1/df_to_mongo.py:200: FutureWarning: DataFrame.fillna with 'method' is deprecated and will raise in a future version. Use obj.ffill() or obj.bfill() instead.
  day_full[numeric_cols] = day_full[numeric_cols].interpolate(method='linear').fillna(method='bfill')
/data00/chenjiajun/20250711/daily_test/jiangsu_power_cronjob_v1/df_to_mongo.py:196: FutureWarning: DataFrame.interpolate with object dtype is deprecated and will raise in a future version. Call obj.infer_objects(copy=False) before interpolating instead.
  day_resampled = day_group.resample('15min').interpolate(method='linear')
/data00/chenjiajun/20250711/daily_test/jiangsu_power_cronjob_v1/df_to_mongo.py:200: FutureWarning: DataFrame.fillna with 'method' is deprecated and will raise in a future version. Use obj.ffill() or obj.bfill() instead.
  day_full[numeric_cols] = day_full[numeric_cols].interpolate(method='linear').fillna(method='bfill')
/data00/chenjiajun/20250711/daily_test/jiangsu_power_cronjob_v1/df_to_mongo.py:196: FutureWarning: DataFrame.interpolate with object dtype is deprecated and will raise in a future version. Call obj.infer_objects(copy=False) before interpolating instead.
  day_resampled = day_group.resample('15min').interpolate(method='linear')
/data00/chenjiajun/20250711/daily_test/jiangsu_power_cronjob_v1/df_to_mongo.py:200: FutureWarning: DataFrame.fillna with 'method' is deprecated and will raise in a future version. Use obj.ffill() or obj.bfill() instead.
  day_full[numeric_cols] = day_full[numeric_cols].interpolate(method='linear').fillna(method='bfill')
/data00/chenjiajun/20250711/daily_test/jiangsu_power_cronjob_v1/df_to_mongo.py:196: FutureWarning: DataFrame.interpolate with object dtype is deprecated and will raise in a future version. Call obj.infer_objects(copy=False) before interpolating instead.
  day_resampled = day_group.resample('15min').interpolate(method='linear')
/data00/chenjiajun/20250711/daily_test/jiangsu_power_cronjob_v1/df_to_mongo.py:200: FutureWarning: DataFrame.fillna with 'method' is deprecated and will raise in a future version. Use obj.ffill() or obj.bfill() instead.
  day_full[numeric_cols] = day_full[numeric_cols].interpolate(method='linear').fillna(method='bfill')
/data00/chenjiajun/20250711/daily_test/jiangsu_power_cronjob_v1/df_to_mongo.py:196: FutureWarning: DataFrame.interpolate with object dtype is deprecated and will raise in a future version. Call obj.infer_objects(copy=False) before interpolating instead.
  day_resampled = day_group.resample('15min').interpolate(method='linear')
/data00/chenjiajun/20250711/daily_test/jiangsu_power_cronjob_v1/df_to_mongo.py:200: FutureWarning: DataFrame.fillna with 'method' is deprecated and will raise in a future version. Use obj.ffill() or obj.bfill() instead.
  day_full[numeric_cols] = day_full[numeric_cols].interpolate(method='linear').fillna(method='bfill')
/data00/chenjiajun/20250711/daily_test/jiangsu_power_cronjob_v1/df_to_mongo.py:196: FutureWarning: DataFrame.interpolate with object dtype is deprecated and will raise in a future version. Call obj.infer_objects(copy=False) before interpolating instead.
  day_resampled = day_group.resample('15min').interpolate(method='linear')
/data00/chenjiajun/20250711/daily_test/jiangsu_power_cronjob_v1/df_to_mongo.py:200: FutureWarning: DataFrame.fillna with 'method' is deprecated and will raise in a future version. Use obj.ffill() or obj.bfill() instead.
  day_full[numeric_cols] = day_full[numeric_cols].interpolate(method='linear').fillna(method='bfill')
/data00/chenjiajun/20250711/daily_test/jiangsu_power_cronjob_v1/df_to_mongo.py:196: FutureWarning: DataFrame.interpolate with object dtype is deprecated and will raise in a future version. Call obj.infer_objects(copy=False) before interpolating instead.
  day_resampled = day_group.resample('15min').interpolate(method='linear')
/data00/chenjiajun/20250711/daily_test/jiangsu_power_cronjob_v1/df_to_mongo.py:200: FutureWarning: DataFrame.fillna with 'method' is deprecated and will raise in a future version. Use obj.ffill() or obj.bfill() instead.
  day_full[numeric_cols] = day_full[numeric_cols].interpolate(method='linear').fillna(method='bfill')
/data00/chenjiajun/20250711/daily_test/jiangsu_power_cronjob_v1/df_to_mongo.py:196: FutureWarning: DataFrame.interpolate with object dtype is deprecated and will raise in a future version. Call obj.infer_objects(copy=False) before interpolating instead.
  day_resampled = day_group.resample('15min').interpolate(method='linear')
/data00/chenjiajun/20250711/daily_test/jiangsu_power_cronjob_v1/df_to_mongo.py:200: FutureWarning: DataFrame.fillna with 'method' is deprecated and will raise in a future version. Use obj.ffill() or obj.bfill() instead.
  day_full[numeric_cols] = day_full[numeric_cols].interpolate(method='linear').fillna(method='bfill')
/data00/chenjiajun/20250711/daily_test/jiangsu_power_cronjob_v1/df_to_mongo.py:196: FutureWarning: DataFrame.interpolate with object dtype is deprecated and will raise in a future version. Call obj.infer_objects(copy=False) before interpolating instead.
  day_resampled = day_group.resample('15min').interpolate(method='linear')
/data00/chenjiajun/20250711/daily_test/jiangsu_power_cronjob_v1/df_to_mongo.py:200: FutureWarning: DataFrame.fillna with 'method' is deprecated and will raise in a future version. Use obj.ffill() or obj.bfill() instead.
  day_full[numeric_cols] = day_full[numeric_cols].interpolate(method='linear').fillna(method='bfill')
/data00/chenjiajun/20250711/daily_test/jiangsu_power_cronjob_v1/df_to_mongo.py:196: FutureWarning: DataFrame.interpolate with object dtype is deprecated and will raise in a future version. Call obj.infer_objects(copy=False) before interpolating instead.
  day_resampled = day_group.resample('15min').interpolate(method='linear')
/data00/chenjiajun/20250711/daily_test/jiangsu_power_cronjob_v1/df_to_mongo.py:200: FutureWarning: DataFrame.fillna with 'method' is deprecated and will raise in a future version. Use obj.ffill() or obj.bfill() instead.
  day_full[numeric_cols] = day_full[numeric_cols].interpolate(method='linear').fillna(method='bfill')
2026-02-16 08:30:59,093 - INFO - 所有日期处理完成: 原始288条记录 -> 新1152条记录
2026-02-16 08:30:59,096 - INFO - 样本数量:288
2026-02-16 08:30:59,096 - INFO - 读取模型文件: /data00/chenjiajun/20250711/daily_test/jiangsu_power_cronjob_v1/local/checkpoints/new_energy_solar-realtime-by_day-noa-unweighted.json
2026-02-16 08:30:59,199 - INFO - Finish predicting new_energy_solar
/data00/chenjiajun/20250711/daily_test/jiangsu_power_cronjob_v1/df_to_mongo.py:196: FutureWarning: DataFrame.interpolate with object dtype is deprecated and will raise in a future version. Call obj.infer_objects(copy=False) before interpolating instead.
  day_resampled = day_group.resample('15min').interpolate(method='linear')
/data00/chenjiajun/20250711/daily_test/jiangsu_power_cronjob_v1/df_to_mongo.py:200: FutureWarning: DataFrame.fillna with 'method' is deprecated and will raise in a future version. Use obj.ffill() or obj.bfill() instead.
  day_full[numeric_cols] = day_full[numeric_cols].interpolate(method='linear').fillna(method='bfill')
/data00/chenjiajun/20250711/daily_test/jiangsu_power_cronjob_v1/df_to_mongo.py:196: FutureWarning: DataFrame.interpolate with object dtype is deprecated and will raise in a future version. Call obj.infer_objects(copy=False) before interpolating instead.
  day_resampled = day_group.resample('15min').interpolate(method='linear')
/data00/chenjiajun/20250711/daily_test/jiangsu_power_cronjob_v1/df_to_mongo.py:200: FutureWarning: DataFrame.fillna with 'method' is deprecated and will raise in a future version. Use obj.ffill() or obj.bfill() instead.
  day_full[numeric_cols] = day_full[numeric_cols].interpolate(method='linear').fillna(method='bfill')
/data00/chenjiajun/20250711/daily_test/jiangsu_power_cronjob_v1/df_to_mongo.py:196: FutureWarning: DataFrame.interpolate with object dtype is deprecated and will raise in a future version. Call obj.infer_objects(copy=False) before interpolating instead.
  day_resampled = day_group.resample('15min').interpolate(method='linear')
/data00/chenjiajun/20250711/daily_test/jiangsu_power_cronjob_v1/df_to_mongo.py:200: FutureWarning: DataFrame.fillna with 'method' is deprecated and will raise in a future version. Use obj.ffill() or obj.bfill() instead.
  day_full[numeric_cols] = day_full[numeric_cols].interpolate(method='linear').fillna(method='bfill')
/data00/chenjiajun/20250711/daily_test/jiangsu_power_cronjob_v1/df_to_mongo.py:196: FutureWarning: DataFrame.interpolate with object dtype is deprecated and will raise in a future version. Call obj.infer_objects(copy=False) before interpolating instead.
  day_resampled = day_group.resample('15min').interpolate(method='linear')
/data00/chenjiajun/20250711/daily_test/jiangsu_power_cronjob_v1/df_to_mongo.py:200: FutureWarning: DataFrame.fillna with 'method' is deprecated and will raise in a future version. Use obj.ffill() or obj.bfill() instead.
  day_full[numeric_cols] = day_full[numeric_cols].interpolate(method='linear').fillna(method='bfill')
/data00/chenjiajun/20250711/daily_test/jiangsu_power_cronjob_v1/df_to_mongo.py:196: FutureWarning: DataFrame.interpolate with object dtype is deprecated and will raise in a future version. Call obj.infer_objects(copy=False) before interpolating instead.
  day_resampled = day_group.resample('15min').interpolate(method='linear')
/data00/chenjiajun/20250711/daily_test/jiangsu_power_cronjob_v1/df_to_mongo.py:200: FutureWarning: DataFrame.fillna with 'method' is deprecated and will raise in a future version. Use obj.ffill() or obj.bfill() instead.
  day_full[numeric_cols] = day_full[numeric_cols].interpolate(method='linear').fillna(method='bfill')
/data00/chenjiajun/20250711/daily_test/jiangsu_power_cronjob_v1/df_to_mongo.py:196: FutureWarning: DataFrame.interpolate with object dtype is deprecated and will raise in a future version. Call obj.infer_objects(copy=False) before interpolating instead.
  day_resampled = day_group.resample('15min').interpolate(method='linear')
/data00/chenjiajun/20250711/daily_test/jiangsu_power_cronjob_v1/df_to_mongo.py:200: FutureWarning: DataFrame.fillna with 'method' is deprecated and will raise in a future version. Use obj.ffill() or obj.bfill() instead.
  day_full[numeric_cols] = day_full[numeric_cols].interpolate(method='linear').fillna(method='bfill')
/data00/chenjiajun/20250711/daily_test/jiangsu_power_cronjob_v1/df_to_mongo.py:196: FutureWarning: DataFrame.interpolate with object dtype is deprecated and will raise in a future version. Call obj.infer_objects(copy=False) before interpolating instead.
  day_resampled = day_group.resample('15min').interpolate(method='linear')
/data00/chenjiajun/20250711/daily_test/jiangsu_power_cronjob_v1/df_to_mongo.py:200: FutureWarning: DataFrame.fillna with 'method' is deprecated and will raise in a future version. Use obj.ffill() or obj.bfill() instead.
  day_full[numeric_cols] = day_full[numeric_cols].interpolate(method='linear').fillna(method='bfill')
/data00/chenjiajun/20250711/daily_test/jiangsu_power_cronjob_v1/df_to_mongo.py:196: FutureWarning: DataFrame.interpolate with object dtype is deprecated and will raise in a future version. Call obj.infer_objects(copy=False) before interpolating instead.
  day_resampled = day_group.resample('15min').interpolate(method='linear')
/data00/chenjiajun/20250711/daily_test/jiangsu_power_cronjob_v1/df_to_mongo.py:200: FutureWarning: DataFrame.fillna with 'method' is deprecated and will raise in a future version. Use obj.ffill() or obj.bfill() instead.
  day_full[numeric_cols] = day_full[numeric_cols].interpolate(method='linear').fillna(method='bfill')
/data00/chenjiajun/20250711/daily_test/jiangsu_power_cronjob_v1/df_to_mongo.py:196: FutureWarning: DataFrame.interpolate with object dtype is deprecated and will raise in a future version. Call obj.infer_objects(copy=False) before interpolating instead.
  day_resampled = day_group.resample('15min').interpolate(method='linear')
/data00/chenjiajun/20250711/daily_test/jiangsu_power_cronjob_v1/df_to_mongo.py:200: FutureWarning: DataFrame.fillna with 'method' is deprecated and will raise in a future version. Use obj.ffill() or obj.bfill() instead.
  day_full[numeric_cols] = day_full[numeric_cols].interpolate(method='linear').fillna(method='bfill')
/data00/chenjiajun/20250711/daily_test/jiangsu_power_cronjob_v1/df_to_mongo.py:196: FutureWarning: DataFrame.interpolate with object dtype is deprecated and will raise in a future version. Call obj.infer_objects(copy=False) before interpolating instead.
  day_resampled = day_group.resample('15min').interpolate(method='linear')
/data00/chenjiajun/20250711/daily_test/jiangsu_power_cronjob_v1/df_to_mongo.py:200: FutureWarning: DataFrame.fillna with 'method' is deprecated and will raise in a future version. Use obj.ffill() or obj.bfill() instead.
  day_full[numeric_cols] = day_full[numeric_cols].interpolate(method='linear').fillna(method='bfill')
/data00/chenjiajun/20250711/daily_test/jiangsu_power_cronjob_v1/df_to_mongo.py:196: FutureWarning: DataFrame.interpolate with object dtype is deprecated and will raise in a future version. Call obj.infer_objects(copy=False) before interpolating instead.
  day_resampled = day_group.resample('15min').interpolate(method='linear')
/data00/chenjiajun/20250711/daily_test/jiangsu_power_cronjob_v1/df_to_mongo.py:200: FutureWarning: DataFrame.fillna with 'method' is deprecated and will raise in a future version. Use obj.ffill() or obj.bfill() instead.
  day_full[numeric_cols] = day_full[numeric_cols].interpolate(method='linear').fillna(method='bfill')
/data00/chenjiajun/20250711/daily_test/jiangsu_power_cronjob_v1/df_to_mongo.py:196: FutureWarning: DataFrame.interpolate with object dtype is deprecated and will raise in a future version. Call obj.infer_objects(copy=False) before interpolating instead.
  day_resampled = day_group.resample('15min').interpolate(method='linear')
/data00/chenjiajun/20250711/daily_test/jiangsu_power_cronjob_v1/df_to_mongo.py:200: FutureWarning: DataFrame.fillna with 'method' is deprecated and will raise in a future version. Use obj.ffill() or obj.bfill() instead.
  day_full[numeric_cols] = day_full[numeric_cols].interpolate(method='linear').fillna(method='bfill')
2026-02-16 08:30:59,407 - INFO - 所有日期处理完成: 原始288条记录 -> 新1152条记录
2026-02-16 08:30:59,639 - INFO - 成功连接到MongoDB
2026-02-16 08:38:00,829 - INFO - 处理完成 - 成功: 1056 条, 失败: 0 条
               date_time create_time  ... version_date  version_time
0    2026-02-16 00:00:00  2026-02-16  ...   2026-02-15      20:00:00
1    2026-02-16 00:15:00  2026-02-16  ...   2026-02-15      20:00:00
2    2026-02-16 00:30:00  2026-02-16  ...   2026-02-15      20:00:00
3    2026-02-16 00:45:00  2026-02-16  ...   2026-02-15      20:00:00
4    2026-02-16 01:00:00  2026-02-16  ...   2026-02-15      20:00:00
...                  ...         ...  ...          ...           ...
1051 2026-02-26 22:45:00  2026-02-16  ...   2026-02-15      20:00:00
1052 2026-02-26 23:00:00  2026-02-16  ...   2026-02-15      20:00:00
1053 2026-02-26 23:15:00  2026-02-16  ...   2026-02-15      20:00:00
1054 2026-02-26 23:30:00  2026-02-16  ...   2026-02-15      20:00:00
1055 2026-02-26 23:45:00  2026-02-16  ...   2026-02-15      20:00:00

[1056 rows x 11 columns]
Current working directory: /data00/chenjiajun/20250711/daily_test/jiangsu_power_cronjob_v1
2026-02-17 08:30:04,022 - INFO - [job] model: xgboost, train: True, labels: ['new_energy_wind', 'new_energy_solar'], date: 2025-10-13~2026-02-10, pipeline: 20260217-083004, meteo_source: HRES
2026-02-17 08:30:04,023 - data.py[line:1416] - INFO: Start to get ahead data.
2026-02-17 08:30:04,023 - INFO - Start to get ahead data.
2026-02-17 08:30:04,023 - data.py[line:1425] - INFO: Finish getting ahead data.
2026-02-17 08:30:04,023 - INFO - Finish getting ahead data.
2026-02-17 08:30:04,023 - data.py[line:1428] - INFO: Start to get realtime data.
2026-02-17 08:30:04,023 - INFO - Start to get realtime data.
2026-02-17 08:30:13,795 - data.py[line:1439] - INFO: Finish getting realtime data.
2026-02-17 08:30:13,795 - INFO - Finish getting realtime data.
2026-02-17 08:30:13,798 - data.py[line:1445] - INFO: Start to get meteo data.
2026-02-17 08:30:13,798 - INFO - Start to get meteo data.
/data00/chenjiajun/20250711/daily_test/jiangsu_power_cronjob_v1/api/io/mysql.py:27: UserWarning: pandas only supports SQLAlchemy connectable (engine/connection) or database string URI or sqlite3 DBAPI2 connection. Other DBAPI2 objects are not tested. Please consider using SQLAlchemy.
  df = pd.read_sql(
2026-02-17 08:30:43,503 - data.py[line:1459] - INFO: Finish getting meteo data.
2026-02-17 08:30:43,503 - INFO - Finish getting meteo data.
2026-02-17 08:30:43,638 - INFO - 样本数量:2878
2026-02-17 08:30:43,638 - INFO - 训练模型: new_energy_wind
2026-02-17 08:30:49,784 - INFO - 保存模型到: /data00/chenjiajun/20250711/daily_test/jiangsu_power_cronjob_v1/local/checkpoints/new_energy_wind-realtime-by_day-noa-unweighted.json
2026-02-17 08:30:49,828 - INFO - 读取模型文件: /data00/chenjiajun/20250711/daily_test/jiangsu_power_cronjob_v1/local/checkpoints/new_energy_wind-realtime-by_day-noa-unweighted.json
2026-02-17 08:30:49,971 - INFO - Finish predicting new_energy_wind
2026-02-17 08:30:50,013 - INFO - 样本数量:2878
2026-02-17 08:30:50,014 - INFO - 训练模型: new_energy_solar
2026-02-17 08:30:51,208 - INFO - 保存模型到: /data00/chenjiajun/20250711/daily_test/jiangsu_power_cronjob_v1/local/checkpoints/new_energy_solar-realtime-by_day-noa-unweighted.json
2026-02-17 08:30:51,232 - INFO - 读取模型文件: /data00/chenjiajun/20250711/daily_test/jiangsu_power_cronjob_v1/local/checkpoints/new_energy_solar-realtime-by_day-noa-unweighted.json
2026-02-17 08:30:51,316 - INFO - Finish predicting new_energy_solar
2026-02-17 08:30:51,364 - INFO - new_energy_wind 预测准确率: 0.9813446718915882
2026-02-17 08:30:51,367 - INFO - new_energy_solar 预测准确率: 0.988924403521898
2026-02-17 08:30:53,471 - INFO - [job] model: xgboost, train: False, labels: ['new_energy_wind', 'new_energy_solar'], date: 2026-02-16~2026-02-28, pipeline: 20260217-083053, meteo_source: HRES
2026-02-17 08:30:53,472 - data.py[line:1445] - INFO: Start to get meteo data.
2026-02-17 08:30:53,472 - INFO - Start to get meteo data.
/data00/chenjiajun/20250711/daily_test/jiangsu_power_cronjob_v1/api/io/mysql.py:27: UserWarning: pandas only supports SQLAlchemy connectable (engine/connection) or database string URI or sqlite3 DBAPI2 connection. Other DBAPI2 objects are not tested. Please consider using SQLAlchemy.
  df = pd.read_sql(
2026-02-17 08:30:58,314 - data.py[line:1459] - INFO: Finish getting meteo data.
2026-02-17 08:30:58,314 - INFO - Finish getting meteo data.
2026-02-17 08:30:58,326 - INFO - 样本数量:288
2026-02-17 08:30:58,326 - INFO - 读取模型文件: /data00/chenjiajun/20250711/daily_test/jiangsu_power_cronjob_v1/local/checkpoints/new_energy_wind-realtime-by_day-noa-unweighted.json
2026-02-17 08:30:59,377 - INFO - Finish predicting new_energy_wind
/data00/chenjiajun/20250711/daily_test/jiangsu_power_cronjob_v1/df_to_mongo.py:196: FutureWarning: DataFrame.interpolate with object dtype is deprecated and will raise in a future version. Call obj.infer_objects(copy=False) before interpolating instead.
  day_resampled = day_group.resample('15min').interpolate(method='linear')
/data00/chenjiajun/20250711/daily_test/jiangsu_power_cronjob_v1/df_to_mongo.py:200: FutureWarning: DataFrame.fillna with 'method' is deprecated and will raise in a future version. Use obj.ffill() or obj.bfill() instead.
  day_full[numeric_cols] = day_full[numeric_cols].interpolate(method='linear').fillna(method='bfill')
/data00/chenjiajun/20250711/daily_test/jiangsu_power_cronjob_v1/df_to_mongo.py:196: FutureWarning: DataFrame.interpolate with object dtype is deprecated and will raise in a future version. Call obj.infer_objects(copy=False) before interpolating instead.
  day_resampled = day_group.resample('15min').interpolate(method='linear')
/data00/chenjiajun/20250711/daily_test/jiangsu_power_cronjob_v1/df_to_mongo.py:200: FutureWarning: DataFrame.fillna with 'method' is deprecated and will raise in a future version. Use obj.ffill() or obj.bfill() instead.
  day_full[numeric_cols] = day_full[numeric_cols].interpolate(method='linear').fillna(method='bfill')
/data00/chenjiajun/20250711/daily_test/jiangsu_power_cronjob_v1/df_to_mongo.py:196: FutureWarning: DataFrame.interpolate with object dtype is deprecated and will raise in a future version. Call obj.infer_objects(copy=False) before interpolating instead.
  day_resampled = day_group.resample('15min').interpolate(method='linear')
/data00/chenjiajun/20250711/daily_test/jiangsu_power_cronjob_v1/df_to_mongo.py:200: FutureWarning: DataFrame.fillna with 'method' is deprecated and will raise in a future version. Use obj.ffill() or obj.bfill() instead.
  day_full[numeric_cols] = day_full[numeric_cols].interpolate(method='linear').fillna(method='bfill')
/data00/chenjiajun/20250711/daily_test/jiangsu_power_cronjob_v1/df_to_mongo.py:196: FutureWarning: DataFrame.interpolate with object dtype is deprecated and will raise in a future version. Call obj.infer_objects(copy=False) before interpolating instead.
  day_resampled = day_group.resample('15min').interpolate(method='linear')
/data00/chenjiajun/20250711/daily_test/jiangsu_power_cronjob_v1/df_to_mongo.py:200: FutureWarning: DataFrame.fillna with 'method' is deprecated and will raise in a future version. Use obj.ffill() or obj.bfill() instead.
  day_full[numeric_cols] = day_full[numeric_cols].interpolate(method='linear').fillna(method='bfill')
/data00/chenjiajun/20250711/daily_test/jiangsu_power_cronjob_v1/df_to_mongo.py:196: FutureWarning: DataFrame.interpolate with object dtype is deprecated and will raise in a future version. Call obj.infer_objects(copy=False) before interpolating instead.
  day_resampled = day_group.resample('15min').interpolate(method='linear')
/data00/chenjiajun/20250711/daily_test/jiangsu_power_cronjob_v1/df_to_mongo.py:200: FutureWarning: DataFrame.fillna with 'method' is deprecated and will raise in a future version. Use obj.ffill() or obj.bfill() instead.
  day_full[numeric_cols] = day_full[numeric_cols].interpolate(method='linear').fillna(method='bfill')
/data00/chenjiajun/20250711/daily_test/jiangsu_power_cronjob_v1/df_to_mongo.py:196: FutureWarning: DataFrame.interpolate with object dtype is deprecated and will raise in a future version. Call obj.infer_objects(copy=False) before interpolating instead.
  day_resampled = day_group.resample('15min').interpolate(method='linear')
/data00/chenjiajun/20250711/daily_test/jiangsu_power_cronjob_v1/df_to_mongo.py:200: FutureWarning: DataFrame.fillna with 'method' is deprecated and will raise in a future version. Use obj.ffill() or obj.bfill() instead.
  day_full[numeric_cols] = day_full[numeric_cols].interpolate(method='linear').fillna(method='bfill')
/data00/chenjiajun/20250711/daily_test/jiangsu_power_cronjob_v1/df_to_mongo.py:196: FutureWarning: DataFrame.interpolate with object dtype is deprecated and will raise in a future version. Call obj.infer_objects(copy=False) before interpolating instead.
  day_resampled = day_group.resample('15min').interpolate(method='linear')
/data00/chenjiajun/20250711/daily_test/jiangsu_power_cronjob_v1/df_to_mongo.py:200: FutureWarning: DataFrame.fillna with 'method' is deprecated and will raise in a future version. Use obj.ffill() or obj.bfill() instead.
  day_full[numeric_cols] = day_full[numeric_cols].interpolate(method='linear').fillna(method='bfill')
/data00/chenjiajun/20250711/daily_test/jiangsu_power_cronjob_v1/df_to_mongo.py:196: FutureWarning: DataFrame.interpolate with object dtype is deprecated and will raise in a future version. Call obj.infer_objects(copy=False) before interpolating instead.
  day_resampled = day_group.resample('15min').interpolate(method='linear')
/data00/chenjiajun/20250711/daily_test/jiangsu_power_cronjob_v1/df_to_mongo.py:200: FutureWarning: DataFrame.fillna with 'method' is deprecated and will raise in a future version. Use obj.ffill() or obj.bfill() instead.
  day_full[numeric_cols] = day_full[numeric_cols].interpolate(method='linear').fillna(method='bfill')
/data00/chenjiajun/20250711/daily_test/jiangsu_power_cronjob_v1/df_to_mongo.py:196: FutureWarning: DataFrame.interpolate with object dtype is deprecated and will raise in a future version. Call obj.infer_objects(copy=False) before interpolating instead.
  day_resampled = day_group.resample('15min').interpolate(method='linear')
/data00/chenjiajun/20250711/daily_test/jiangsu_power_cronjob_v1/df_to_mongo.py:200: FutureWarning: DataFrame.fillna with 'method' is deprecated and will raise in a future version. Use obj.ffill() or obj.bfill() instead.
  day_full[numeric_cols] = day_full[numeric_cols].interpolate(method='linear').fillna(method='bfill')
/data00/chenjiajun/20250711/daily_test/jiangsu_power_cronjob_v1/df_to_mongo.py:196: FutureWarning: DataFrame.interpolate with object dtype is deprecated and will raise in a future version. Call obj.infer_objects(copy=False) before interpolating instead.
  day_resampled = day_group.resample('15min').interpolate(method='linear')
/data00/chenjiajun/20250711/daily_test/jiangsu_power_cronjob_v1/df_to_mongo.py:200: FutureWarning: DataFrame.fillna with 'method' is deprecated and will raise in a future version. Use obj.ffill() or obj.bfill() instead.
  day_full[numeric_cols] = day_full[numeric_cols].interpolate(method='linear').fillna(method='bfill')
/data00/chenjiajun/20250711/daily_test/jiangsu_power_cronjob_v1/df_to_mongo.py:196: FutureWarning: DataFrame.interpolate with object dtype is deprecated and will raise in a future version. Call obj.infer_objects(copy=False) before interpolating instead.
  day_resampled = day_group.resample('15min').interpolate(method='linear')
/data00/chenjiajun/20250711/daily_test/jiangsu_power_cronjob_v1/df_to_mongo.py:200: FutureWarning: DataFrame.fillna with 'method' is deprecated and will raise in a future version. Use obj.ffill() or obj.bfill() instead.
  day_full[numeric_cols] = day_full[numeric_cols].interpolate(method='linear').fillna(method='bfill')
/data00/chenjiajun/20250711/daily_test/jiangsu_power_cronjob_v1/df_to_mongo.py:196: FutureWarning: DataFrame.interpolate with object dtype is deprecated and will raise in a future version. Call obj.infer_objects(copy=False) before interpolating instead.
  day_resampled = day_group.resample('15min').interpolate(method='linear')
/data00/chenjiajun/20250711/daily_test/jiangsu_power_cronjob_v1/df_to_mongo.py:200: FutureWarning: DataFrame.fillna with 'method' is deprecated and will raise in a future version. Use obj.ffill() or obj.bfill() instead.
  day_full[numeric_cols] = day_full[numeric_cols].interpolate(method='linear').fillna(method='bfill')
2026-02-17 08:30:59,739 - INFO - 所有日期处理完成: 原始288条记录 -> 新1152条记录
2026-02-17 08:30:59,741 - INFO - 样本数量:288
2026-02-17 08:30:59,741 - INFO - 读取模型文件: /data00/chenjiajun/20250711/daily_test/jiangsu_power_cronjob_v1/local/checkpoints/new_energy_solar-realtime-by_day-noa-unweighted.json
2026-02-17 08:30:59,826 - INFO - Finish predicting new_energy_solar
/data00/chenjiajun/20250711/daily_test/jiangsu_power_cronjob_v1/df_to_mongo.py:196: FutureWarning: DataFrame.interpolate with object dtype is deprecated and will raise in a future version. Call obj.infer_objects(copy=False) before interpolating instead.
  day_resampled = day_group.resample('15min').interpolate(method='linear')
/data00/chenjiajun/20250711/daily_test/jiangsu_power_cronjob_v1/df_to_mongo.py:200: FutureWarning: DataFrame.fillna with 'method' is deprecated and will raise in a future version. Use obj.ffill() or obj.bfill() instead.
  day_full[numeric_cols] = day_full[numeric_cols].interpolate(method='linear').fillna(method='bfill')
/data00/chenjiajun/20250711/daily_test/jiangsu_power_cronjob_v1/df_to_mongo.py:196: FutureWarning: DataFrame.interpolate with object dtype is deprecated and will raise in a future version. Call obj.infer_objects(copy=False) before interpolating instead.
  day_resampled = day_group.resample('15min').interpolate(method='linear')
/data00/chenjiajun/20250711/daily_test/jiangsu_power_cronjob_v1/df_to_mongo.py:200: FutureWarning: DataFrame.fillna with 'method' is deprecated and will raise in a future version. Use obj.ffill() or obj.bfill() instead.
  day_full[numeric_cols] = day_full[numeric_cols].interpolate(method='linear').fillna(method='bfill')
/data00/chenjiajun/20250711/daily_test/jiangsu_power_cronjob_v1/df_to_mongo.py:196: FutureWarning: DataFrame.interpolate with object dtype is deprecated and will raise in a future version. Call obj.infer_objects(copy=False) before interpolating instead.
  day_resampled = day_group.resample('15min').interpolate(method='linear')
/data00/chenjiajun/20250711/daily_test/jiangsu_power_cronjob_v1/df_to_mongo.py:200: FutureWarning: DataFrame.fillna with 'method' is deprecated and will raise in a future version. Use obj.ffill() or obj.bfill() instead.
  day_full[numeric_cols] = day_full[numeric_cols].interpolate(method='linear').fillna(method='bfill')
/data00/chenjiajun/20250711/daily_test/jiangsu_power_cronjob_v1/df_to_mongo.py:196: FutureWarning: DataFrame.interpolate with object dtype is deprecated and will raise in a future version. Call obj.infer_objects(copy=False) before interpolating instead.
  day_resampled = day_group.resample('15min').interpolate(method='linear')
/data00/chenjiajun/20250711/daily_test/jiangsu_power_cronjob_v1/df_to_mongo.py:200: FutureWarning: DataFrame.fillna with 'method' is deprecated and will raise in a future version. Use obj.ffill() or obj.bfill() instead.
  day_full[numeric_cols] = day_full[numeric_cols].interpolate(method='linear').fillna(method='bfill')
/data00/chenjiajun/20250711/daily_test/jiangsu_power_cronjob_v1/df_to_mongo.py:196: FutureWarning: DataFrame.interpolate with object dtype is deprecated and will raise in a future version. Call obj.infer_objects(copy=False) before interpolating instead.
  day_resampled = day_group.resample('15min').interpolate(method='linear')
/data00/chenjiajun/20250711/daily_test/jiangsu_power_cronjob_v1/df_to_mongo.py:200: FutureWarning: DataFrame.fillna with 'method' is deprecated and will raise in a future version. Use obj.ffill() or obj.bfill() instead.
  day_full[numeric_cols] = day_full[numeric_cols].interpolate(method='linear').fillna(method='bfill')
/data00/chenjiajun/20250711/daily_test/jiangsu_power_cronjob_v1/df_to_mongo.py:196: FutureWarning: DataFrame.interpolate with object dtype is deprecated and will raise in a future version. Call obj.infer_objects(copy=False) before interpolating instead.
  day_resampled = day_group.resample('15min').interpolate(method='linear')
/data00/chenjiajun/20250711/daily_test/jiangsu_power_cronjob_v1/df_to_mongo.py:200: FutureWarning: DataFrame.fillna with 'method' is deprecated and will raise in a future version. Use obj.ffill() or obj.bfill() instead.
  day_full[numeric_cols] = day_full[numeric_cols].interpolate(method='linear').fillna(method='bfill')
/data00/chenjiajun/20250711/daily_test/jiangsu_power_cronjob_v1/df_to_mongo.py:196: FutureWarning: DataFrame.interpolate with object dtype is deprecated and will raise in a future version. Call obj.infer_objects(copy=False) before interpolating instead.
  day_resampled = day_group.resample('15min').interpolate(method='linear')
/data00/chenjiajun/20250711/daily_test/jiangsu_power_cronjob_v1/df_to_mongo.py:200: FutureWarning: DataFrame.fillna with 'method' is deprecated and will raise in a future version. Use obj.ffill() or obj.bfill() instead.
  day_full[numeric_cols] = day_full[numeric_cols].interpolate(method='linear').fillna(method='bfill')
/data00/chenjiajun/20250711/daily_test/jiangsu_power_cronjob_v1/df_to_mongo.py:196: FutureWarning: DataFrame.interpolate with object dtype is deprecated and will raise in a future version. Call obj.infer_objects(copy=False) before interpolating instead.
  day_resampled = day_group.resample('15min').interpolate(method='linear')
/data00/chenjiajun/20250711/daily_test/jiangsu_power_cronjob_v1/df_to_mongo.py:200: FutureWarning: DataFrame.fillna with 'method' is deprecated and will raise in a future version. Use obj.ffill() or obj.bfill() instead.
  day_full[numeric_cols] = day_full[numeric_cols].interpolate(method='linear').fillna(method='bfill')
/data00/chenjiajun/20250711/daily_test/jiangsu_power_cronjob_v1/df_to_mongo.py:196: FutureWarning: DataFrame.interpolate with object dtype is deprecated and will raise in a future version. Call obj.infer_objects(copy=False) before interpolating instead.
  day_resampled = day_group.resample('15min').interpolate(method='linear')
/data00/chenjiajun/20250711/daily_test/jiangsu_power_cronjob_v1/df_to_mongo.py:200: FutureWarning: DataFrame.fillna with 'method' is deprecated and will raise in a future version. Use obj.ffill() or obj.bfill() instead.
  day_full[numeric_cols] = day_full[numeric_cols].interpolate(method='linear').fillna(method='bfill')
/data00/chenjiajun/20250711/daily_test/jiangsu_power_cronjob_v1/df_to_mongo.py:196: FutureWarning: DataFrame.interpolate with object dtype is deprecated and will raise in a future version. Call obj.infer_objects(copy=False) before interpolating instead.
  day_resampled = day_group.resample('15min').interpolate(method='linear')
/data00/chenjiajun/20250711/daily_test/jiangsu_power_cronjob_v1/df_to_mongo.py:200: FutureWarning: DataFrame.fillna with 'method' is deprecated and will raise in a future version. Use obj.ffill() or obj.bfill() instead.
  day_full[numeric_cols] = day_full[numeric_cols].interpolate(method='linear').fillna(method='bfill')
/data00/chenjiajun/20250711/daily_test/jiangsu_power_cronjob_v1/df_to_mongo.py:196: FutureWarning: DataFrame.interpolate with object dtype is deprecated and will raise in a future version. Call obj.infer_objects(copy=False) before interpolating instead.
  day_resampled = day_group.resample('15min').interpolate(method='linear')
/data00/chenjiajun/20250711/daily_test/jiangsu_power_cronjob_v1/df_to_mongo.py:200: FutureWarning: DataFrame.fillna with 'method' is deprecated and will raise in a future version. Use obj.ffill() or obj.bfill() instead.
  day_full[numeric_cols] = day_full[numeric_cols].interpolate(method='linear').fillna(method='bfill')
/data00/chenjiajun/20250711/daily_test/jiangsu_power_cronjob_v1/df_to_mongo.py:196: FutureWarning: DataFrame.interpolate with object dtype is deprecated and will raise in a future version. Call obj.infer_objects(copy=False) before interpolating instead.
  day_resampled = day_group.resample('15min').interpolate(method='linear')
/data00/chenjiajun/20250711/daily_test/jiangsu_power_cronjob_v1/df_to_mongo.py:200: FutureWarning: DataFrame.fillna with 'method' is deprecated and will raise in a future version. Use obj.ffill() or obj.bfill() instead.
  day_full[numeric_cols] = day_full[numeric_cols].interpolate(method='linear').fillna(method='bfill')
2026-02-17 08:30:59,990 - INFO - 所有日期处理完成: 原始288条记录 -> 新1152条记录
2026-02-17 08:31:00,264 - INFO - 成功连接到MongoDB
2026-02-17 08:38:29,601 - INFO - 处理完成 - 成功: 1056 条, 失败: 0 条
               date_time create_time  ... version_date  version_time
0    2026-02-17 00:00:00  2026-02-17  ...   2026-02-16      20:00:00
1    2026-02-17 00:15:00  2026-02-17  ...   2026-02-16      20:00:00
2    2026-02-17 00:30:00  2026-02-17  ...   2026-02-16      20:00:00
3    2026-02-17 00:45:00  2026-02-17  ...   2026-02-16      20:00:00
4    2026-02-17 01:00:00  2026-02-17  ...   2026-02-16      20:00:00
...                  ...         ...  ...          ...           ...
1051 2026-02-27 22:45:00  2026-02-17  ...   2026-02-16      20:00:00
1052 2026-02-27 23:00:00  2026-02-17  ...   2026-02-16      20:00:00
1053 2026-02-27 23:15:00  2026-02-17  ...   2026-02-16      20:00:00
1054 2026-02-27 23:30:00  2026-02-17  ...   2026-02-16      20:00:00
1055 2026-02-27 23:45:00  2026-02-17  ...   2026-02-16      20:00:00

[1056 rows x 11 columns]
Current working directory: /data00/chenjiajun/20250711/daily_test/jiangsu_power_cronjob_v1
2026-02-18 08:30:04,106 - INFO - [job] model: xgboost, train: True, labels: ['new_energy_wind', 'new_energy_solar'], date: 2025-10-14~2026-02-11, pipeline: 20260218-083004, meteo_source: HRES
2026-02-18 08:30:04,107 - data.py[line:1416] - INFO: Start to get ahead data.
2026-02-18 08:30:04,107 - INFO - Start to get ahead data.
2026-02-18 08:30:04,107 - data.py[line:1425] - INFO: Finish getting ahead data.
2026-02-18 08:30:04,107 - INFO - Finish getting ahead data.
2026-02-18 08:30:04,107 - data.py[line:1428] - INFO: Start to get realtime data.
2026-02-18 08:30:04,107 - INFO - Start to get realtime data.
2026-02-18 08:30:13,613 - data.py[line:1439] - INFO: Finish getting realtime data.
2026-02-18 08:30:13,613 - INFO - Finish getting realtime data.
2026-02-18 08:30:13,615 - data.py[line:1445] - INFO: Start to get meteo data.
2026-02-18 08:30:13,615 - INFO - Start to get meteo data.
/data00/chenjiajun/20250711/daily_test/jiangsu_power_cronjob_v1/api/io/mysql.py:27: UserWarning: pandas only supports SQLAlchemy connectable (engine/connection) or database string URI or sqlite3 DBAPI2 connection. Other DBAPI2 objects are not tested. Please consider using SQLAlchemy.
  df = pd.read_sql(
2026-02-18 08:30:48,202 - data.py[line:1459] - INFO: Finish getting meteo data.
2026-02-18 08:30:48,202 - INFO - Finish getting meteo data.
2026-02-18 08:30:48,316 - INFO - 样本数量:2880
2026-02-18 08:30:48,317 - INFO - 训练模型: new_energy_wind
2026-02-18 08:30:55,633 - INFO - 保存模型到: /data00/chenjiajun/20250711/daily_test/jiangsu_power_cronjob_v1/local/checkpoints/new_energy_wind-realtime-by_day-noa-unweighted.json
2026-02-18 08:30:55,678 - INFO - 读取模型文件: /data00/chenjiajun/20250711/daily_test/jiangsu_power_cronjob_v1/local/checkpoints/new_energy_wind-realtime-by_day-noa-unweighted.json
2026-02-18 08:30:55,828 - INFO - Finish predicting new_energy_wind
2026-02-18 08:30:55,869 - INFO - 样本数量:2880
2026-02-18 08:30:55,869 - INFO - 训练模型: new_energy_solar
2026-02-18 08:30:57,209 - INFO - 保存模型到: /data00/chenjiajun/20250711/daily_test/jiangsu_power_cronjob_v1/local/checkpoints/new_energy_solar-realtime-by_day-noa-unweighted.json
2026-02-18 08:30:57,234 - INFO - 读取模型文件: /data00/chenjiajun/20250711/daily_test/jiangsu_power_cronjob_v1/local/checkpoints/new_energy_solar-realtime-by_day-noa-unweighted.json
2026-02-18 08:30:57,321 - INFO - Finish predicting new_energy_solar
2026-02-18 08:30:57,360 - INFO - new_energy_wind 预测准确率: 0.9815337999493527
2026-02-18 08:30:57,363 - INFO - new_energy_solar 预测准确率: 0.9887914165393733
2026-02-18 08:30:59,557 - INFO - [job] model: xgboost, train: False, labels: ['new_energy_wind', 'new_energy_solar'], date: 2026-02-17~2026-03-01, pipeline: 20260218-083059, meteo_source: HRES
2026-02-18 08:30:59,558 - data.py[line:1445] - INFO: Start to get meteo data.
2026-02-18 08:30:59,558 - INFO - Start to get meteo data.
/data00/chenjiajun/20250711/daily_test/jiangsu_power_cronjob_v1/api/io/mysql.py:27: UserWarning: pandas only supports SQLAlchemy connectable (engine/connection) or database string URI or sqlite3 DBAPI2 connection. Other DBAPI2 objects are not tested. Please consider using SQLAlchemy.
  df = pd.read_sql(
2026-02-18 08:31:06,324 - data.py[line:1459] - INFO: Finish getting meteo data.
2026-02-18 08:31:06,324 - INFO - Finish getting meteo data.
2026-02-18 08:31:06,338 - INFO - 样本数量:288
2026-02-18 08:31:06,339 - INFO - 读取模型文件: /data00/chenjiajun/20250711/daily_test/jiangsu_power_cronjob_v1/local/checkpoints/new_energy_wind-realtime-by_day-noa-unweighted.json
2026-02-18 08:31:07,545 - INFO - Finish predicting new_energy_wind
/data00/chenjiajun/20250711/daily_test/jiangsu_power_cronjob_v1/df_to_mongo.py:196: FutureWarning: DataFrame.interpolate with object dtype is deprecated and will raise in a future version. Call obj.infer_objects(copy=False) before interpolating instead.
  day_resampled = day_group.resample('15min').interpolate(method='linear')
/data00/chenjiajun/20250711/daily_test/jiangsu_power_cronjob_v1/df_to_mongo.py:200: FutureWarning: DataFrame.fillna with 'method' is deprecated and will raise in a future version. Use obj.ffill() or obj.bfill() instead.
  day_full[numeric_cols] = day_full[numeric_cols].interpolate(method='linear').fillna(method='bfill')
/data00/chenjiajun/20250711/daily_test/jiangsu_power_cronjob_v1/df_to_mongo.py:196: FutureWarning: DataFrame.interpolate with object dtype is deprecated and will raise in a future version. Call obj.infer_objects(copy=False) before interpolating instead.
  day_resampled = day_group.resample('15min').interpolate(method='linear')
/data00/chenjiajun/20250711/daily_test/jiangsu_power_cronjob_v1/df_to_mongo.py:200: FutureWarning: DataFrame.fillna with 'method' is deprecated and will raise in a future version. Use obj.ffill() or obj.bfill() instead.
  day_full[numeric_cols] = day_full[numeric_cols].interpolate(method='linear').fillna(method='bfill')
/data00/chenjiajun/20250711/daily_test/jiangsu_power_cronjob_v1/df_to_mongo.py:196: FutureWarning: DataFrame.interpolate with object dtype is deprecated and will raise in a future version. Call obj.infer_objects(copy=False) before interpolating instead.
  day_resampled = day_group.resample('15min').interpolate(method='linear')
/data00/chenjiajun/20250711/daily_test/jiangsu_power_cronjob_v1/df_to_mongo.py:200: FutureWarning: DataFrame.fillna with 'method' is deprecated and will raise in a future version. Use obj.ffill() or obj.bfill() instead.
  day_full[numeric_cols] = day_full[numeric_cols].interpolate(method='linear').fillna(method='bfill')
/data00/chenjiajun/20250711/daily_test/jiangsu_power_cronjob_v1/df_to_mongo.py:196: FutureWarning: DataFrame.interpolate with object dtype is deprecated and will raise in a future version. Call obj.infer_objects(copy=False) before interpolating instead.
  day_resampled = day_group.resample('15min').interpolate(method='linear')
/data00/chenjiajun/20250711/daily_test/jiangsu_power_cronjob_v1/df_to_mongo.py:200: FutureWarning: DataFrame.fillna with 'method' is deprecated and will raise in a future version. Use obj.ffill() or obj.bfill() instead.
  day_full[numeric_cols] = day_full[numeric_cols].interpolate(method='linear').fillna(method='bfill')
/data00/chenjiajun/20250711/daily_test/jiangsu_power_cronjob_v1/df_to_mongo.py:196: FutureWarning: DataFrame.interpolate with object dtype is deprecated and will raise in a future version. Call obj.infer_objects(copy=False) before interpolating instead.
  day_resampled = day_group.resample('15min').interpolate(method='linear')
/data00/chenjiajun/20250711/daily_test/jiangsu_power_cronjob_v1/df_to_mongo.py:200: FutureWarning: DataFrame.fillna with 'method' is deprecated and will raise in a future version. Use obj.ffill() or obj.bfill() instead.
  day_full[numeric_cols] = day_full[numeric_cols].interpolate(method='linear').fillna(method='bfill')
/data00/chenjiajun/20250711/daily_test/jiangsu_power_cronjob_v1/df_to_mongo.py:196: FutureWarning: DataFrame.interpolate with object dtype is deprecated and will raise in a future version. Call obj.infer_objects(copy=False) before interpolating instead.
  day_resampled = day_group.resample('15min').interpolate(method='linear')
/data00/chenjiajun/20250711/daily_test/jiangsu_power_cronjob_v1/df_to_mongo.py:200: FutureWarning: DataFrame.fillna with 'method' is deprecated and will raise in a future version. Use obj.ffill() or obj.bfill() instead.
  day_full[numeric_cols] = day_full[numeric_cols].interpolate(method='linear').fillna(method='bfill')
/data00/chenjiajun/20250711/daily_test/jiangsu_power_cronjob_v1/df_to_mongo.py:196: FutureWarning: DataFrame.interpolate with object dtype is deprecated and will raise in a future version. Call obj.infer_objects(copy=False) before interpolating instead.
  day_resampled = day_group.resample('15min').interpolate(method='linear')
/data00/chenjiajun/20250711/daily_test/jiangsu_power_cronjob_v1/df_to_mongo.py:200: FutureWarning: DataFrame.fillna with 'method' is deprecated and will raise in a future version. Use obj.ffill() or obj.bfill() instead.
  day_full[numeric_cols] = day_full[numeric_cols].interpolate(method='linear').fillna(method='bfill')
/data00/chenjiajun/20250711/daily_test/jiangsu_power_cronjob_v1/df_to_mongo.py:196: FutureWarning: DataFrame.interpolate with object dtype is deprecated and will raise in a future version. Call obj.infer_objects(copy=False) before interpolating instead.
  day_resampled = day_group.resample('15min').interpolate(method='linear')
/data00/chenjiajun/20250711/daily_test/jiangsu_power_cronjob_v1/df_to_mongo.py:200: FutureWarning: DataFrame.fillna with 'method' is deprecated and will raise in a future version. Use obj.ffill() or obj.bfill() instead.
  day_full[numeric_cols] = day_full[numeric_cols].interpolate(method='linear').fillna(method='bfill')
/data00/chenjiajun/20250711/daily_test/jiangsu_power_cronjob_v1/df_to_mongo.py:196: FutureWarning: DataFrame.interpolate with object dtype is deprecated and will raise in a future version. Call obj.infer_objects(copy=False) before interpolating instead.
  day_resampled = day_group.resample('15min').interpolate(method='linear')
/data00/chenjiajun/20250711/daily_test/jiangsu_power_cronjob_v1/df_to_mongo.py:200: FutureWarning: DataFrame.fillna with 'method' is deprecated and will raise in a future version. Use obj.ffill() or obj.bfill() instead.
  day_full[numeric_cols] = day_full[numeric_cols].interpolate(method='linear').fillna(method='bfill')
/data00/chenjiajun/20250711/daily_test/jiangsu_power_cronjob_v1/df_to_mongo.py:196: FutureWarning: DataFrame.interpolate with object dtype is deprecated and will raise in a future version. Call obj.infer_objects(copy=False) before interpolating instead.
  day_resampled = day_group.resample('15min').interpolate(method='linear')
/data00/chenjiajun/20250711/daily_test/jiangsu_power_cronjob_v1/df_to_mongo.py:200: FutureWarning: DataFrame.fillna with 'method' is deprecated and will raise in a future version. Use obj.ffill() or obj.bfill() instead.
  day_full[numeric_cols] = day_full[numeric_cols].interpolate(method='linear').fillna(method='bfill')
/data00/chenjiajun/20250711/daily_test/jiangsu_power_cronjob_v1/df_to_mongo.py:196: FutureWarning: DataFrame.interpolate with object dtype is deprecated and will raise in a future version. Call obj.infer_objects(copy=False) before interpolating instead.
  day_resampled = day_group.resample('15min').interpolate(method='linear')
/data00/chenjiajun/20250711/daily_test/jiangsu_power_cronjob_v1/df_to_mongo.py:200: FutureWarning: DataFrame.fillna with 'method' is deprecated and will raise in a future version. Use obj.ffill() or obj.bfill() instead.
  day_full[numeric_cols] = day_full[numeric_cols].interpolate(method='linear').fillna(method='bfill')
/data00/chenjiajun/20250711/daily_test/jiangsu_power_cronjob_v1/df_to_mongo.py:196: FutureWarning: DataFrame.interpolate with object dtype is deprecated and will raise in a future version. Call obj.infer_objects(copy=False) before interpolating instead.
  day_resampled = day_group.resample('15min').interpolate(method='linear')
/data00/chenjiajun/20250711/daily_test/jiangsu_power_cronjob_v1/df_to_mongo.py:200: FutureWarning: DataFrame.fillna with 'method' is deprecated and will raise in a future version. Use obj.ffill() or obj.bfill() instead.
  day_full[numeric_cols] = day_full[numeric_cols].interpolate(method='linear').fillna(method='bfill')
2026-02-18 08:31:07,965 - INFO - 所有日期处理完成: 原始288条记录 -> 新1152条记录
2026-02-18 08:31:07,968 - INFO - 样本数量:288
2026-02-18 08:31:07,968 - INFO - 读取模型文件: /data00/chenjiajun/20250711/daily_test/jiangsu_power_cronjob_v1/local/checkpoints/new_energy_solar-realtime-by_day-noa-unweighted.json
2026-02-18 08:31:08,067 - INFO - Finish predicting new_energy_solar
/data00/chenjiajun/20250711/daily_test/jiangsu_power_cronjob_v1/df_to_mongo.py:196: FutureWarning: DataFrame.interpolate with object dtype is deprecated and will raise in a future version. Call obj.infer_objects(copy=False) before interpolating instead.
  day_resampled = day_group.resample('15min').interpolate(method='linear')
/data00/chenjiajun/20250711/daily_test/jiangsu_power_cronjob_v1/df_to_mongo.py:200: FutureWarning: DataFrame.fillna with 'method' is deprecated and will raise in a future version. Use obj.ffill() or obj.bfill() instead.
  day_full[numeric_cols] = day_full[numeric_cols].interpolate(method='linear').fillna(method='bfill')
/data00/chenjiajun/20250711/daily_test/jiangsu_power_cronjob_v1/df_to_mongo.py:196: FutureWarning: DataFrame.interpolate with object dtype is deprecated and will raise in a future version. Call obj.infer_objects(copy=False) before interpolating instead.
  day_resampled = day_group.resample('15min').interpolate(method='linear')
/data00/chenjiajun/20250711/daily_test/jiangsu_power_cronjob_v1/df_to_mongo.py:200: FutureWarning: DataFrame.fillna with 'method' is deprecated and will raise in a future version. Use obj.ffill() or obj.bfill() instead.
  day_full[numeric_cols] = day_full[numeric_cols].interpolate(method='linear').fillna(method='bfill')
/data00/chenjiajun/20250711/daily_test/jiangsu_power_cronjob_v1/df_to_mongo.py:196: FutureWarning: DataFrame.interpolate with object dtype is deprecated and will raise in a future version. Call obj.infer_objects(copy=False) before interpolating instead.
  day_resampled = day_group.resample('15min').interpolate(method='linear')
/data00/chenjiajun/20250711/daily_test/jiangsu_power_cronjob_v1/df_to_mongo.py:200: FutureWarning: DataFrame.fillna with 'method' is deprecated and will raise in a future version. Use obj.ffill() or obj.bfill() instead.
  day_full[numeric_cols] = day_full[numeric_cols].interpolate(method='linear').fillna(method='bfill')
/data00/chenjiajun/20250711/daily_test/jiangsu_power_cronjob_v1/df_to_mongo.py:196: FutureWarning: DataFrame.interpolate with object dtype is deprecated and will raise in a future version. Call obj.infer_objects(copy=False) before interpolating instead.
  day_resampled = day_group.resample('15min').interpolate(method='linear')
/data00/chenjiajun/20250711/daily_test/jiangsu_power_cronjob_v1/df_to_mongo.py:200: FutureWarning: DataFrame.fillna with 'method' is deprecated and will raise in a future version. Use obj.ffill() or obj.bfill() instead.
  day_full[numeric_cols] = day_full[numeric_cols].interpolate(method='linear').fillna(method='bfill')
/data00/chenjiajun/20250711/daily_test/jiangsu_power_cronjob_v1/df_to_mongo.py:196: FutureWarning: DataFrame.interpolate with object dtype is deprecated and will raise in a future version. Call obj.infer_objects(copy=False) before interpolating instead.
  day_resampled = day_group.resample('15min').interpolate(method='linear')
/data00/chenjiajun/20250711/daily_test/jiangsu_power_cronjob_v1/df_to_mongo.py:200: FutureWarning: DataFrame.fillna with 'method' is deprecated and will raise in a future version. Use obj.ffill() or obj.bfill() instead.
  day_full[numeric_cols] = day_full[numeric_cols].interpolate(method='linear').fillna(method='bfill')
/data00/chenjiajun/20250711/daily_test/jiangsu_power_cronjob_v1/df_to_mongo.py:196: FutureWarning: DataFrame.interpolate with object dtype is deprecated and will raise in a future version. Call obj.infer_objects(copy=False) before interpolating instead.
  day_resampled = day_group.resample('15min').interpolate(method='linear')
/data00/chenjiajun/20250711/daily_test/jiangsu_power_cronjob_v1/df_to_mongo.py:200: FutureWarning: DataFrame.fillna with 'method' is deprecated and will raise in a future version. Use obj.ffill() or obj.bfill() instead.
  day_full[numeric_cols] = day_full[numeric_cols].interpolate(method='linear').fillna(method='bfill')
/data00/chenjiajun/20250711/daily_test/jiangsu_power_cronjob_v1/df_to_mongo.py:196: FutureWarning: DataFrame.interpolate with object dtype is deprecated and will raise in a future version. Call obj.infer_objects(copy=False) before interpolating instead.
  day_resampled = day_group.resample('15min').interpolate(method='linear')
/data00/chenjiajun/20250711/daily_test/jiangsu_power_cronjob_v1/df_to_mongo.py:200: FutureWarning: DataFrame.fillna with 'method' is deprecated and will raise in a future version. Use obj.ffill() or obj.bfill() instead.
  day_full[numeric_cols] = day_full[numeric_cols].interpolate(method='linear').fillna(method='bfill')
/data00/chenjiajun/20250711/daily_test/jiangsu_power_cronjob_v1/df_to_mongo.py:196: FutureWarning: DataFrame.interpolate with object dtype is deprecated and will raise in a future version. Call obj.infer_objects(copy=False) before interpolating instead.
  day_resampled = day_group.resample('15min').interpolate(method='linear')
/data00/chenjiajun/20250711/daily_test/jiangsu_power_cronjob_v1/df_to_mongo.py:200: FutureWarning: DataFrame.fillna with 'method' is deprecated and will raise in a future version. Use obj.ffill() or obj.bfill() instead.
  day_full[numeric_cols] = day_full[numeric_cols].interpolate(method='linear').fillna(method='bfill')
/data00/chenjiajun/20250711/daily_test/jiangsu_power_cronjob_v1/df_to_mongo.py:196: FutureWarning: DataFrame.interpolate with object dtype is deprecated and will raise in a future version. Call obj.infer_objects(copy=False) before interpolating instead.
  day_resampled = day_group.resample('15min').interpolate(method='linear')
/data00/chenjiajun/20250711/daily_test/jiangsu_power_cronjob_v1/df_to_mongo.py:200: FutureWarning: DataFrame.fillna with 'method' is deprecated and will raise in a future version. Use obj.ffill() or obj.bfill() instead.
  day_full[numeric_cols] = day_full[numeric_cols].interpolate(method='linear').fillna(method='bfill')
/data00/chenjiajun/20250711/daily_test/jiangsu_power_cronjob_v1/df_to_mongo.py:196: FutureWarning: DataFrame.interpolate with object dtype is deprecated and will raise in a future version. Call obj.infer_objects(copy=False) before interpolating instead.
  day_resampled = day_group.resample('15min').interpolate(method='linear')
/data00/chenjiajun/20250711/daily_test/jiangsu_power_cronjob_v1/df_to_mongo.py:200: FutureWarning: DataFrame.fillna with 'method' is deprecated and will raise in a future version. Use obj.ffill() or obj.bfill() instead.
  day_full[numeric_cols] = day_full[numeric_cols].interpolate(method='linear').fillna(method='bfill')
/data00/chenjiajun/20250711/daily_test/jiangsu_power_cronjob_v1/df_to_mongo.py:196: FutureWarning: DataFrame.interpolate with object dtype is deprecated and will raise in a future version. Call obj.infer_objects(copy=False) before interpolating instead.
  day_resampled = day_group.resample('15min').interpolate(method='linear')
/data00/chenjiajun/20250711/daily_test/jiangsu_power_cronjob_v1/df_to_mongo.py:200: FutureWarning: DataFrame.fillna with 'method' is deprecated and will raise in a future version. Use obj.ffill() or obj.bfill() instead.
  day_full[numeric_cols] = day_full[numeric_cols].interpolate(method='linear').fillna(method='bfill')
/data00/chenjiajun/20250711/daily_test/jiangsu_power_cronjob_v1/df_to_mongo.py:196: FutureWarning: DataFrame.interpolate with object dtype is deprecated and will raise in a future version. Call obj.infer_objects(copy=False) before interpolating instead.
  day_resampled = day_group.resample('15min').interpolate(method='linear')
/data00/chenjiajun/20250711/daily_test/jiangsu_power_cronjob_v1/df_to_mongo.py:200: FutureWarning: DataFrame.fillna with 'method' is deprecated and will raise in a future version. Use obj.ffill() or obj.bfill() instead.
  day_full[numeric_cols] = day_full[numeric_cols].interpolate(method='linear').fillna(method='bfill')
2026-02-18 08:31:08,285 - INFO - 所有日期处理完成: 原始288条记录 -> 新1152条记录
2026-02-18 08:31:08,495 - INFO - 成功连接到MongoDB
2026-02-18 08:38:54,921 - INFO - 处理完成 - 成功: 1056 条, 失败: 0 条
               date_time create_time  ... version_date  version_time
0    2026-02-18 00:00:00  2026-02-18  ...   2026-02-17      20:00:00
1    2026-02-18 00:15:00  2026-02-18  ...   2026-02-17      20:00:00
2    2026-02-18 00:30:00  2026-02-18  ...   2026-02-17      20:00:00
3    2026-02-18 00:45:00  2026-02-18  ...   2026-02-17      20:00:00
4    2026-02-18 01:00:00  2026-02-18  ...   2026-02-17      20:00:00
...                  ...         ...  ...          ...           ...
1051 2026-02-28 22:45:00  2026-02-18  ...   2026-02-17      20:00:00
1052 2026-02-28 23:00:00  2026-02-18  ...   2026-02-17      20:00:00
1053 2026-02-28 23:15:00  2026-02-18  ...   2026-02-17      20:00:00
1054 2026-02-28 23:30:00  2026-02-18  ...   2026-02-17      20:00:00
1055 2026-02-28 23:45:00  2026-02-18  ...   2026-02-17      20:00:00

[1056 rows x 11 columns]
Current working directory: /data00/chenjiajun/20250711/daily_test/jiangsu_power_cronjob_v1
2026-02-19 08:30:03,892 - INFO - [job] model: xgboost, train: True, labels: ['new_energy_wind', 'new_energy_solar'], date: 2025-10-15~2026-02-12, pipeline: 20260219-083003, meteo_source: HRES
2026-02-19 08:30:03,894 - data.py[line:1416] - INFO: Start to get ahead data.
2026-02-19 08:30:03,894 - INFO - Start to get ahead data.
2026-02-19 08:30:03,894 - data.py[line:1425] - INFO: Finish getting ahead data.
2026-02-19 08:30:03,894 - INFO - Finish getting ahead data.
2026-02-19 08:30:03,894 - data.py[line:1428] - INFO: Start to get realtime data.
2026-02-19 08:30:03,894 - INFO - Start to get realtime data.
2026-02-19 08:30:13,304 - data.py[line:1439] - INFO: Finish getting realtime data.
2026-02-19 08:30:13,304 - INFO - Finish getting realtime data.
2026-02-19 08:30:13,307 - data.py[line:1445] - INFO: Start to get meteo data.
2026-02-19 08:30:13,307 - INFO - Start to get meteo data.
/data00/chenjiajun/20250711/daily_test/jiangsu_power_cronjob_v1/api/io/mysql.py:27: UserWarning: pandas only supports SQLAlchemy connectable (engine/connection) or database string URI or sqlite3 DBAPI2 connection. Other DBAPI2 objects are not tested. Please consider using SQLAlchemy.
  df = pd.read_sql(
2026-02-19 08:33:44,720 - ERROR - Execution failed on sql '
                    SELECT
                        date_time,
                        city,

                        ANY(version) AS version,
                        ANY(version_diff) AS version_diff,
                        SUM(temperature_2m) / SUM(1) AS temperature_2m,
                        SUM(apparent_temperature) / SUM(1) AS apparent_temperature,
                        SUM(humidity) / SUM(1) AS humidity,
                        SUM(pressure_surface) / SUM(1) AS pressure_surface,
                        SUM(precipitation_instant) / SUM(1) AS precipitation_instant,
                        SUM(cloudcover) / SUM(1) AS cloudcover,
                        SUM(windspeed_10m) / SUM(1) AS windspeed_10m,
                        SUM(windspeed_100m) / SUM(1) AS windspeed_100m,
                        SUM(windspeed_200m) / SUM(1) AS windspeed_200m,
                        SUM(winddir_10m) / SUM(1) AS winddir_10m,
                        SUM(winddir_100m) / SUM(1) AS winddir_100m,
                        SUM(winddir_200m) / SUM(1) AS winddir_200m,
                        SUM(shortwave_radiation_instant) / SUM(1) AS shortwave_radiation_instant
                    FROM
                        (
                        SELECT
                            *,
                            ROW_NUMBER() OVER ( PARTITION BY date_time, station_code ORDER BY version DESC, update_time DESC ) AS rank_id
                        FROM
                            ads_terraqt_ecmwf_hres_by_station_v 
                        WHERE
                            date_time BETWEEN '2025-10-15 00:00:00' AND '2026-02-12 23:59:59'
                            
                            AND province = '江苏省'
                            AND city IN ('南京市','无锡市','徐州市','常州市','苏州市','南通市','连云港市','淮安市','盐城市','扬州市','镇江市','泰州市','宿迁市') 

                        ) subquery 
                    WHERE
                        rank_id = 1
                    GROUP BY
                        date_time, city
                    ORDER BY
                        date_time
                    ': (1105, 'errCode = 2, detailMessage = cancelled')
Traceback (most recent call last):
  File "/data00/chenjiajun/miniconda3/envs/jiangsu_power/lib/python3.10/site-packages/pandas/io/sql.py", line 2664, in execute
    cur.execute(sql, *args)
  File "/data00/chenjiajun/miniconda3/envs/jiangsu_power/lib/python3.10/site-packages/pymysql/cursors.py", line 153, in execute
    result = self._query(query)
  File "/data00/chenjiajun/miniconda3/envs/jiangsu_power/lib/python3.10/site-packages/pymysql/cursors.py", line 322, in _query
    conn.query(q)
  File "/data00/chenjiajun/miniconda3/envs/jiangsu_power/lib/python3.10/site-packages/pymysql/connections.py", line 563, in query
    self._affected_rows = self._read_query_result(unbuffered=unbuffered)
  File "/data00/chenjiajun/miniconda3/envs/jiangsu_power/lib/python3.10/site-packages/pymysql/connections.py", line 825, in _read_query_result
    result.read()
  File "/data00/chenjiajun/miniconda3/envs/jiangsu_power/lib/python3.10/site-packages/pymysql/connections.py", line 1199, in read
    first_packet = self.connection._read_packet()
  File "/data00/chenjiajun/miniconda3/envs/jiangsu_power/lib/python3.10/site-packages/pymysql/connections.py", line 775, in _read_packet
    packet.raise_for_error()
  File "/data00/chenjiajun/miniconda3/envs/jiangsu_power/lib/python3.10/site-packages/pymysql/protocol.py", line 219, in raise_for_error
    err.raise_mysql_exception(self._data)
  File "/data00/chenjiajun/miniconda3/envs/jiangsu_power/lib/python3.10/site-packages/pymysql/err.py", line 150, in raise_mysql_exception
    raise errorclass(errno, errval)
pymysql.err.OperationalError: (1105, 'errCode = 2, detailMessage = cancelled')

The above exception was the direct cause of the following exception:

Traceback (most recent call last):
  File "/data00/chenjiajun/20250711/daily_test/jiangsu_power_cronjob_v1/jobs.py", line 83, in daily_energy_job
    pipeline.run()
  File "/data00/chenjiajun/20250711/daily_test/jiangsu_power_cronjob_v1/api/model/pipeline.py", line 163, in run
    pdf_data_src = get_data(
  File "/data00/chenjiajun/20250711/daily_test/jiangsu_power_cronjob_v1/api/model/data.py", line 1534, in get_data
    pdf_data = get_data_by_hour(feature_list=feature_list,
  File "/data00/chenjiajun/20250711/daily_test/jiangsu_power_cronjob_v1/api/model/data.py", line 1446, in get_data_by_hour
    meteo_data = MeteoDorisData(
  File "/data00/chenjiajun/20250711/daily_test/jiangsu_power_cronjob_v1/api/model/data.py", line 726, in __init__
    self.get_meteo_data(start_date, end_date, version_start_date, version_end_date)
  File "/data00/chenjiajun/20250711/daily_test/jiangsu_power_cronjob_v1/api/model/data.py", line 740, in get_meteo_data
    load_func(start_date=start_date, end_date=end_date)
  File "/data00/chenjiajun/20250711/daily_test/jiangsu_power_cronjob_v1/api/model/data.py", line 1082, in load_city_data
    pdf_weather_source = read_mysql(
  File "/data00/chenjiajun/20250711/daily_test/jiangsu_power_cronjob_v1/api/io/mysql.py", line 27, in read_mysql
    df = pd.read_sql(
  File "/data00/chenjiajun/miniconda3/envs/jiangsu_power/lib/python3.10/site-packages/pandas/io/sql.py", line 708, in read_sql
    return pandas_sql.read_query(
  File "/data00/chenjiajun/miniconda3/envs/jiangsu_power/lib/python3.10/site-packages/pandas/io/sql.py", line 2728, in read_query
    cursor = self.execute(sql, params)
  File "/data00/chenjiajun/miniconda3/envs/jiangsu_power/lib/python3.10/site-packages/pandas/io/sql.py", line 2676, in execute
    raise ex from exc
pandas.errors.DatabaseError: Execution failed on sql '
                    SELECT
                        date_time,
                        city,

                        ANY(version) AS version,
                        ANY(version_diff) AS version_diff,
                        SUM(temperature_2m) / SUM(1) AS temperature_2m,
                        SUM(apparent_temperature) / SUM(1) AS apparent_temperature,
                        SUM(humidity) / SUM(1) AS humidity,
                        SUM(pressure_surface) / SUM(1) AS pressure_surface,
                        SUM(precipitation_instant) / SUM(1) AS precipitation_instant,
                        SUM(cloudcover) / SUM(1) AS cloudcover,
                        SUM(windspeed_10m) / SUM(1) AS windspeed_10m,
                        SUM(windspeed_100m) / SUM(1) AS windspeed_100m,
                        SUM(windspeed_200m) / SUM(1) AS windspeed_200m,
                        SUM(winddir_10m) / SUM(1) AS winddir_10m,
                        SUM(winddir_100m) / SUM(1) AS winddir_100m,
                        SUM(winddir_200m) / SUM(1) AS winddir_200m,
                        SUM(shortwave_radiation_instant) / SUM(1) AS shortwave_radiation_instant
                    FROM
                        (
                        SELECT
                            *,
                            ROW_NUMBER() OVER ( PARTITION BY date_time, station_code ORDER BY version DESC, update_time DESC ) AS rank_id
                        FROM
                            ads_terraqt_ecmwf_hres_by_station_v 
                        WHERE
                            date_time BETWEEN '2025-10-15 00:00:00' AND '2026-02-12 23:59:59'
                            
                            AND province = '江苏省'
                            AND city IN ('南京市','无锡市','徐州市','常州市','苏州市','南通市','连云港市','淮安市','盐城市','扬州市','镇江市','泰州市','宿迁市') 

                        ) subquery 
                    WHERE
                        rank_id = 1
                    GROUP BY
                        date_time, city
                    ORDER BY
                        date_time
                    ': (1105, 'errCode = 2, detailMessage = cancelled')
2026-02-19 08:33:46,589 - INFO - [job] model: xgboost, train: False, labels: ['new_energy_wind', 'new_energy_solar'], date: 2026-02-18~2026-03-02, pipeline: 20260219-083346, meteo_source: HRES
2026-02-19 08:33:46,590 - data.py[line:1445] - INFO: Start to get meteo data.
2026-02-19 08:33:46,590 - INFO - Start to get meteo data.
/data00/chenjiajun/20250711/daily_test/jiangsu_power_cronjob_v1/api/io/mysql.py:27: UserWarning: pandas only supports SQLAlchemy connectable (engine/connection) or database string URI or sqlite3 DBAPI2 connection. Other DBAPI2 objects are not tested. Please consider using SQLAlchemy.
  df = pd.read_sql(
2026-02-19 08:33:47,034 - ERROR - Execution failed on sql '
                    SELECT
                        date_time,
                        city,

                        ANY(version) AS version,
                        ANY(version_diff) AS version_diff,
                        SUM(temperature_2m) / SUM(1) AS temperature_2m,
                        SUM(apparent_temperature) / SUM(1) AS apparent_temperature,
                        SUM(humidity) / SUM(1) AS humidity,
                        SUM(pressure_surface) / SUM(1) AS pressure_surface,
                        SUM(precipitation_instant) / SUM(1) AS precipitation_instant,
                        SUM(cloudcover) / SUM(1) AS cloudcover,
                        SUM(windspeed_10m) / SUM(1) AS windspeed_10m,
                        SUM(windspeed_100m) / SUM(1) AS windspeed_100m,
                        SUM(windspeed_200m) / SUM(1) AS windspeed_200m,
                        SUM(winddir_10m) / SUM(1) AS winddir_10m,
                        SUM(winddir_100m) / SUM(1) AS winddir_100m,
                        SUM(winddir_200m) / SUM(1) AS winddir_200m,
                        SUM(shortwave_radiation_instant) / SUM(1) AS shortwave_radiation_instant
                    FROM
                        (
                        SELECT
                            *,
                            ROW_NUMBER() OVER ( PARTITION BY date_time, station_code ORDER BY version DESC, update_time DESC ) AS rank_id
                        FROM
                            ads_terraqt_ecmwf_hres_by_station_v 
                        WHERE
                            date_time BETWEEN '2026-02-18 00:00:00' AND '2026-03-02 23:59:59'
                            
                            AND province = '江苏省'
                            AND city IN ('南京市','无锡市','徐州市','常州市','苏州市','南通市','连云港市','淮安市','盐城市','扬州市','镇江市','泰州市','宿迁市') 

                        ) subquery 
                    WHERE
                        rank_id = 1
                    GROUP BY
                        date_time, city
                    ORDER BY
                        date_time
                    ': (1105, "errCode = 2, detailMessage = tablet 1798343 has no queryable replicas. err: replica 1798344's backend 10003 does not exist or not alive")
Traceback (most recent call last):
  File "/data00/chenjiajun/miniconda3/envs/jiangsu_power/lib/python3.10/site-packages/pandas/io/sql.py", line 2664, in execute
    cur.execute(sql, *args)
  File "/data00/chenjiajun/miniconda3/envs/jiangsu_power/lib/python3.10/site-packages/pymysql/cursors.py", line 153, in execute
    result = self._query(query)
  File "/data00/chenjiajun/miniconda3/envs/jiangsu_power/lib/python3.10/site-packages/pymysql/cursors.py", line 322, in _query
    conn.query(q)
  File "/data00/chenjiajun/miniconda3/envs/jiangsu_power/lib/python3.10/site-packages/pymysql/connections.py", line 563, in query
    self._affected_rows = self._read_query_result(unbuffered=unbuffered)
  File "/data00/chenjiajun/miniconda3/envs/jiangsu_power/lib/python3.10/site-packages/pymysql/connections.py", line 825, in _read_query_result
    result.read()
  File "/data00/chenjiajun/miniconda3/envs/jiangsu_power/lib/python3.10/site-packages/pymysql/connections.py", line 1199, in read
    first_packet = self.connection._read_packet()
  File "/data00/chenjiajun/miniconda3/envs/jiangsu_power/lib/python3.10/site-packages/pymysql/connections.py", line 775, in _read_packet
    packet.raise_for_error()
  File "/data00/chenjiajun/miniconda3/envs/jiangsu_power/lib/python3.10/site-packages/pymysql/protocol.py", line 219, in raise_for_error
    err.raise_mysql_exception(self._data)
  File "/data00/chenjiajun/miniconda3/envs/jiangsu_power/lib/python3.10/site-packages/pymysql/err.py", line 150, in raise_mysql_exception
    raise errorclass(errno, errval)
pymysql.err.OperationalError: (1105, "errCode = 2, detailMessage = tablet 1798343 has no queryable replicas. err: replica 1798344's backend 10003 does not exist or not alive")

The above exception was the direct cause of the following exception:

Traceback (most recent call last):
  File "/data00/chenjiajun/20250711/daily_test/jiangsu_power_cronjob_v1/jobs.py", line 83, in daily_energy_job
    pipeline.run()
  File "/data00/chenjiajun/20250711/daily_test/jiangsu_power_cronjob_v1/api/model/pipeline.py", line 163, in run
    pdf_data_src = get_data(
  File "/data00/chenjiajun/20250711/daily_test/jiangsu_power_cronjob_v1/api/model/data.py", line 1534, in get_data
    pdf_data = get_data_by_hour(feature_list=feature_list,
  File "/data00/chenjiajun/20250711/daily_test/jiangsu_power_cronjob_v1/api/model/data.py", line 1446, in get_data_by_hour
    meteo_data = MeteoDorisData(
  File "/data00/chenjiajun/20250711/daily_test/jiangsu_power_cronjob_v1/api/model/data.py", line 726, in __init__
    self.get_meteo_data(start_date, end_date, version_start_date, version_end_date)
  File "/data00/chenjiajun/20250711/daily_test/jiangsu_power_cronjob_v1/api/model/data.py", line 740, in get_meteo_data
    load_func(start_date=start_date, end_date=end_date)
  File "/data00/chenjiajun/20250711/daily_test/jiangsu_power_cronjob_v1/api/model/data.py", line 1082, in load_city_data
    pdf_weather_source = read_mysql(
  File "/data00/chenjiajun/20250711/daily_test/jiangsu_power_cronjob_v1/api/io/mysql.py", line 27, in read_mysql
    df = pd.read_sql(
  File "/data00/chenjiajun/miniconda3/envs/jiangsu_power/lib/python3.10/site-packages/pandas/io/sql.py", line 708, in read_sql
    return pandas_sql.read_query(
  File "/data00/chenjiajun/miniconda3/envs/jiangsu_power/lib/python3.10/site-packages/pandas/io/sql.py", line 2728, in read_query
    cursor = self.execute(sql, params)
  File "/data00/chenjiajun/miniconda3/envs/jiangsu_power/lib/python3.10/site-packages/pandas/io/sql.py", line 2676, in execute
    raise ex from exc
pandas.errors.DatabaseError: Execution failed on sql '
                    SELECT
                        date_time,
                        city,

                        ANY(version) AS version,
                        ANY(version_diff) AS version_diff,
                        SUM(temperature_2m) / SUM(1) AS temperature_2m,
                        SUM(apparent_temperature) / SUM(1) AS apparent_temperature,
                        SUM(humidity) / SUM(1) AS humidity,
                        SUM(pressure_surface) / SUM(1) AS pressure_surface,
                        SUM(precipitation_instant) / SUM(1) AS precipitation_instant,
                        SUM(cloudcover) / SUM(1) AS cloudcover,
                        SUM(windspeed_10m) / SUM(1) AS windspeed_10m,
                        SUM(windspeed_100m) / SUM(1) AS windspeed_100m,
                        SUM(windspeed_200m) / SUM(1) AS windspeed_200m,
                        SUM(winddir_10m) / SUM(1) AS winddir_10m,
                        SUM(winddir_100m) / SUM(1) AS winddir_100m,
                        SUM(winddir_200m) / SUM(1) AS winddir_200m,
                        SUM(shortwave_radiation_instant) / SUM(1) AS shortwave_radiation_instant
                    FROM
                        (
                        SELECT
                            *,
                            ROW_NUMBER() OVER ( PARTITION BY date_time, station_code ORDER BY version DESC, update_time DESC ) AS rank_id
                        FROM
                            ads_terraqt_ecmwf_hres_by_station_v 
                        WHERE
                            date_time BETWEEN '2026-02-18 00:00:00' AND '2026-03-02 23:59:59'
                            
                            AND province = '江苏省'
                            AND city IN ('南京市','无锡市','徐州市','常州市','苏州市','南通市','连云港市','淮安市','盐城市','扬州市','镇江市','泰州市','宿迁市') 

                        ) subquery 
                    WHERE
                        rank_id = 1
                    GROUP BY
                        date_time, city
                    ORDER BY
                        date_time
                    ': (1105, "errCode = 2, detailMessage = tablet 1798343 has no queryable replicas. err: replica 1798344's backend 10003 does not exist or not alive")
Current working directory: /data00/chenjiajun/20250711/daily_test/jiangsu_power_cronjob_v1
2026-02-20 08:30:03,990 - INFO - [job] model: xgboost, train: True, labels: ['new_energy_wind', 'new_energy_solar'], date: 2025-10-16~2026-02-13, pipeline: 20260220-083003, meteo_source: HRES
2026-02-20 08:30:03,991 - data.py[line:1416] - INFO: Start to get ahead data.
2026-02-20 08:30:03,991 - INFO - Start to get ahead data.
2026-02-20 08:30:03,991 - data.py[line:1425] - INFO: Finish getting ahead data.
2026-02-20 08:30:03,991 - INFO - Finish getting ahead data.
2026-02-20 08:30:03,991 - data.py[line:1428] - INFO: Start to get realtime data.
2026-02-20 08:30:03,991 - INFO - Start to get realtime data.
2026-02-20 08:30:14,558 - data.py[line:1439] - INFO: Finish getting realtime data.
2026-02-20 08:30:14,558 - INFO - Finish getting realtime data.
2026-02-20 08:30:14,560 - data.py[line:1445] - INFO: Start to get meteo data.
2026-02-20 08:30:14,560 - INFO - Start to get meteo data.
/data00/chenjiajun/20250711/daily_test/jiangsu_power_cronjob_v1/api/io/mysql.py:27: UserWarning: pandas only supports SQLAlchemy connectable (engine/connection) or database string URI or sqlite3 DBAPI2 connection. Other DBAPI2 objects are not tested. Please consider using SQLAlchemy.
  df = pd.read_sql(
2026-02-20 08:30:25,703 - data.py[line:1459] - INFO: Finish getting meteo data.
2026-02-20 08:30:25,703 - INFO - Finish getting meteo data.
2026-02-20 08:30:25,832 - INFO - 样本数量:2880
2026-02-20 08:30:25,832 - INFO - 训练模型: new_energy_wind
2026-02-20 08:30:32,954 - INFO - 保存模型到: /data00/chenjiajun/20250711/daily_test/jiangsu_power_cronjob_v1/local/checkpoints/new_energy_wind-realtime-by_day-noa-unweighted.json
2026-02-20 08:30:32,999 - INFO - 读取模型文件: /data00/chenjiajun/20250711/daily_test/jiangsu_power_cronjob_v1/local/checkpoints/new_energy_wind-realtime-by_day-noa-unweighted.json
2026-02-20 08:30:33,139 - INFO - Finish predicting new_energy_wind
2026-02-20 08:30:33,179 - INFO - 样本数量:2880
2026-02-20 08:30:33,179 - INFO - 训练模型: new_energy_solar
2026-02-20 08:30:34,596 - INFO - 保存模型到: /data00/chenjiajun/20250711/daily_test/jiangsu_power_cronjob_v1/local/checkpoints/new_energy_solar-realtime-by_day-noa-unweighted.json
2026-02-20 08:30:34,624 - INFO - 读取模型文件: /data00/chenjiajun/20250711/daily_test/jiangsu_power_cronjob_v1/local/checkpoints/new_energy_solar-realtime-by_day-noa-unweighted.json
2026-02-20 08:30:34,710 - INFO - Finish predicting new_energy_solar
2026-02-20 08:30:34,752 - INFO - new_energy_wind 预测准确率: 0.980817710042699
2026-02-20 08:30:34,756 - INFO - new_energy_solar 预测准确率: 0.988924254319803
2026-02-20 08:30:36,848 - INFO - [job] model: xgboost, train: False, labels: ['new_energy_wind', 'new_energy_solar'], date: 2026-02-19~2026-03-03, pipeline: 20260220-083036, meteo_source: HRES
2026-02-20 08:30:36,849 - data.py[line:1445] - INFO: Start to get meteo data.
2026-02-20 08:30:36,849 - INFO - Start to get meteo data.
/data00/chenjiajun/20250711/daily_test/jiangsu_power_cronjob_v1/api/io/mysql.py:27: UserWarning: pandas only supports SQLAlchemy connectable (engine/connection) or database string URI or sqlite3 DBAPI2 connection. Other DBAPI2 objects are not tested. Please consider using SQLAlchemy.
  df = pd.read_sql(
2026-02-20 08:30:38,923 - data.py[line:1459] - INFO: Finish getting meteo data.
2026-02-20 08:30:38,923 - INFO - Finish getting meteo data.
2026-02-20 08:30:38,938 - INFO - 样本数量:288
2026-02-20 08:30:38,938 - INFO - 读取模型文件: /data00/chenjiajun/20250711/daily_test/jiangsu_power_cronjob_v1/local/checkpoints/new_energy_wind-realtime-by_day-noa-unweighted.json
2026-02-20 08:30:40,170 - INFO - Finish predicting new_energy_wind
/data00/chenjiajun/20250711/daily_test/jiangsu_power_cronjob_v1/df_to_mongo.py:196: FutureWarning: DataFrame.interpolate with object dtype is deprecated and will raise in a future version. Call obj.infer_objects(copy=False) before interpolating instead.
  day_resampled = day_group.resample('15min').interpolate(method='linear')
/data00/chenjiajun/20250711/daily_test/jiangsu_power_cronjob_v1/df_to_mongo.py:200: FutureWarning: DataFrame.fillna with 'method' is deprecated and will raise in a future version. Use obj.ffill() or obj.bfill() instead.
  day_full[numeric_cols] = day_full[numeric_cols].interpolate(method='linear').fillna(method='bfill')
/data00/chenjiajun/20250711/daily_test/jiangsu_power_cronjob_v1/df_to_mongo.py:196: FutureWarning: DataFrame.interpolate with object dtype is deprecated and will raise in a future version. Call obj.infer_objects(copy=False) before interpolating instead.
  day_resampled = day_group.resample('15min').interpolate(method='linear')
/data00/chenjiajun/20250711/daily_test/jiangsu_power_cronjob_v1/df_to_mongo.py:200: FutureWarning: DataFrame.fillna with 'method' is deprecated and will raise in a future version. Use obj.ffill() or obj.bfill() instead.
  day_full[numeric_cols] = day_full[numeric_cols].interpolate(method='linear').fillna(method='bfill')
/data00/chenjiajun/20250711/daily_test/jiangsu_power_cronjob_v1/df_to_mongo.py:196: FutureWarning: DataFrame.interpolate with object dtype is deprecated and will raise in a future version. Call obj.infer_objects(copy=False) before interpolating instead.
  day_resampled = day_group.resample('15min').interpolate(method='linear')
/data00/chenjiajun/20250711/daily_test/jiangsu_power_cronjob_v1/df_to_mongo.py:200: FutureWarning: DataFrame.fillna with 'method' is deprecated and will raise in a future version. Use obj.ffill() or obj.bfill() instead.
  day_full[numeric_cols] = day_full[numeric_cols].interpolate(method='linear').fillna(method='bfill')
/data00/chenjiajun/20250711/daily_test/jiangsu_power_cronjob_v1/df_to_mongo.py:196: FutureWarning: DataFrame.interpolate with object dtype is deprecated and will raise in a future version. Call obj.infer_objects(copy=False) before interpolating instead.
  day_resampled = day_group.resample('15min').interpolate(method='linear')
/data00/chenjiajun/20250711/daily_test/jiangsu_power_cronjob_v1/df_to_mongo.py:200: FutureWarning: DataFrame.fillna with 'method' is deprecated and will raise in a future version. Use obj.ffill() or obj.bfill() instead.
  day_full[numeric_cols] = day_full[numeric_cols].interpolate(method='linear').fillna(method='bfill')
/data00/chenjiajun/20250711/daily_test/jiangsu_power_cronjob_v1/df_to_mongo.py:196: FutureWarning: DataFrame.interpolate with object dtype is deprecated and will raise in a future version. Call obj.infer_objects(copy=False) before interpolating instead.
  day_resampled = day_group.resample('15min').interpolate(method='linear')
/data00/chenjiajun/20250711/daily_test/jiangsu_power_cronjob_v1/df_to_mongo.py:200: FutureWarning: DataFrame.fillna with 'method' is deprecated and will raise in a future version. Use obj.ffill() or obj.bfill() instead.
  day_full[numeric_cols] = day_full[numeric_cols].interpolate(method='linear').fillna(method='bfill')
/data00/chenjiajun/20250711/daily_test/jiangsu_power_cronjob_v1/df_to_mongo.py:196: FutureWarning: DataFrame.interpolate with object dtype is deprecated and will raise in a future version. Call obj.infer_objects(copy=False) before interpolating instead.
  day_resampled = day_group.resample('15min').interpolate(method='linear')
/data00/chenjiajun/20250711/daily_test/jiangsu_power_cronjob_v1/df_to_mongo.py:200: FutureWarning: DataFrame.fillna with 'method' is deprecated and will raise in a future version. Use obj.ffill() or obj.bfill() instead.
  day_full[numeric_cols] = day_full[numeric_cols].interpolate(method='linear').fillna(method='bfill')
/data00/chenjiajun/20250711/daily_test/jiangsu_power_cronjob_v1/df_to_mongo.py:196: FutureWarning: DataFrame.interpolate with object dtype is deprecated and will raise in a future version. Call obj.infer_objects(copy=False) before interpolating instead.
  day_resampled = day_group.resample('15min').interpolate(method='linear')
/data00/chenjiajun/20250711/daily_test/jiangsu_power_cronjob_v1/df_to_mongo.py:200: FutureWarning: DataFrame.fillna with 'method' is deprecated and will raise in a future version. Use obj.ffill() or obj.bfill() instead.
  day_full[numeric_cols] = day_full[numeric_cols].interpolate(method='linear').fillna(method='bfill')
/data00/chenjiajun/20250711/daily_test/jiangsu_power_cronjob_v1/df_to_mongo.py:196: FutureWarning: DataFrame.interpolate with object dtype is deprecated and will raise in a future version. Call obj.infer_objects(copy=False) before interpolating instead.
  day_resampled = day_group.resample('15min').interpolate(method='linear')
/data00/chenjiajun/20250711/daily_test/jiangsu_power_cronjob_v1/df_to_mongo.py:200: FutureWarning: DataFrame.fillna with 'method' is deprecated and will raise in a future version. Use obj.ffill() or obj.bfill() instead.
  day_full[numeric_cols] = day_full[numeric_cols].interpolate(method='linear').fillna(method='bfill')
/data00/chenjiajun/20250711/daily_test/jiangsu_power_cronjob_v1/df_to_mongo.py:196: FutureWarning: DataFrame.interpolate with object dtype is deprecated and will raise in a future version. Call obj.infer_objects(copy=False) before interpolating instead.
  day_resampled = day_group.resample('15min').interpolate(method='linear')
/data00/chenjiajun/20250711/daily_test/jiangsu_power_cronjob_v1/df_to_mongo.py:200: FutureWarning: DataFrame.fillna with 'method' is deprecated and will raise in a future version. Use obj.ffill() or obj.bfill() instead.
  day_full[numeric_cols] = day_full[numeric_cols].interpolate(method='linear').fillna(method='bfill')
/data00/chenjiajun/20250711/daily_test/jiangsu_power_cronjob_v1/df_to_mongo.py:196: FutureWarning: DataFrame.interpolate with object dtype is deprecated and will raise in a future version. Call obj.infer_objects(copy=False) before interpolating instead.
  day_resampled = day_group.resample('15min').interpolate(method='linear')
/data00/chenjiajun/20250711/daily_test/jiangsu_power_cronjob_v1/df_to_mongo.py:200: FutureWarning: DataFrame.fillna with 'method' is deprecated and will raise in a future version. Use obj.ffill() or obj.bfill() instead.
  day_full[numeric_cols] = day_full[numeric_cols].interpolate(method='linear').fillna(method='bfill')
/data00/chenjiajun/20250711/daily_test/jiangsu_power_cronjob_v1/df_to_mongo.py:196: FutureWarning: DataFrame.interpolate with object dtype is deprecated and will raise in a future version. Call obj.infer_objects(copy=False) before interpolating instead.
  day_resampled = day_group.resample('15min').interpolate(method='linear')
/data00/chenjiajun/20250711/daily_test/jiangsu_power_cronjob_v1/df_to_mongo.py:200: FutureWarning: DataFrame.fillna with 'method' is deprecated and will raise in a future version. Use obj.ffill() or obj.bfill() instead.
  day_full[numeric_cols] = day_full[numeric_cols].interpolate(method='linear').fillna(method='bfill')
/data00/chenjiajun/20250711/daily_test/jiangsu_power_cronjob_v1/df_to_mongo.py:196: FutureWarning: DataFrame.interpolate with object dtype is deprecated and will raise in a future version. Call obj.infer_objects(copy=False) before interpolating instead.
  day_resampled = day_group.resample('15min').interpolate(method='linear')
/data00/chenjiajun/20250711/daily_test/jiangsu_power_cronjob_v1/df_to_mongo.py:200: FutureWarning: DataFrame.fillna with 'method' is deprecated and will raise in a future version. Use obj.ffill() or obj.bfill() instead.
  day_full[numeric_cols] = day_full[numeric_cols].interpolate(method='linear').fillna(method='bfill')
2026-02-20 08:30:40,605 - INFO - 所有日期处理完成: 原始288条记录 -> 新1152条记录
2026-02-20 08:30:40,608 - INFO - 样本数量:288
2026-02-20 08:30:40,608 - INFO - 读取模型文件: /data00/chenjiajun/20250711/daily_test/jiangsu_power_cronjob_v1/local/checkpoints/new_energy_solar-realtime-by_day-noa-unweighted.json
2026-02-20 08:30:40,708 - INFO - Finish predicting new_energy_solar
/data00/chenjiajun/20250711/daily_test/jiangsu_power_cronjob_v1/df_to_mongo.py:196: FutureWarning: DataFrame.interpolate with object dtype is deprecated and will raise in a future version. Call obj.infer_objects(copy=False) before interpolating instead.
  day_resampled = day_group.resample('15min').interpolate(method='linear')
/data00/chenjiajun/20250711/daily_test/jiangsu_power_cronjob_v1/df_to_mongo.py:200: FutureWarning: DataFrame.fillna with 'method' is deprecated and will raise in a future version. Use obj.ffill() or obj.bfill() instead.
  day_full[numeric_cols] = day_full[numeric_cols].interpolate(method='linear').fillna(method='bfill')
/data00/chenjiajun/20250711/daily_test/jiangsu_power_cronjob_v1/df_to_mongo.py:196: FutureWarning: DataFrame.interpolate with object dtype is deprecated and will raise in a future version. Call obj.infer_objects(copy=False) before interpolating instead.
  day_resampled = day_group.resample('15min').interpolate(method='linear')
/data00/chenjiajun/20250711/daily_test/jiangsu_power_cronjob_v1/df_to_mongo.py:200: FutureWarning: DataFrame.fillna with 'method' is deprecated and will raise in a future version. Use obj.ffill() or obj.bfill() instead.
  day_full[numeric_cols] = day_full[numeric_cols].interpolate(method='linear').fillna(method='bfill')
/data00/chenjiajun/20250711/daily_test/jiangsu_power_cronjob_v1/df_to_mongo.py:196: FutureWarning: DataFrame.interpolate with object dtype is deprecated and will raise in a future version. Call obj.infer_objects(copy=False) before interpolating instead.
  day_resampled = day_group.resample('15min').interpolate(method='linear')
/data00/chenjiajun/20250711/daily_test/jiangsu_power_cronjob_v1/df_to_mongo.py:200: FutureWarning: DataFrame.fillna with 'method' is deprecated and will raise in a future version. Use obj.ffill() or obj.bfill() instead.
  day_full[numeric_cols] = day_full[numeric_cols].interpolate(method='linear').fillna(method='bfill')
/data00/chenjiajun/20250711/daily_test/jiangsu_power_cronjob_v1/df_to_mongo.py:196: FutureWarning: DataFrame.interpolate with object dtype is deprecated and will raise in a future version. Call obj.infer_objects(copy=False) before interpolating instead.
  day_resampled = day_group.resample('15min').interpolate(method='linear')
/data00/chenjiajun/20250711/daily_test/jiangsu_power_cronjob_v1/df_to_mongo.py:200: FutureWarning: DataFrame.fillna with 'method' is deprecated and will raise in a future version. Use obj.ffill() or obj.bfill() instead.
  day_full[numeric_cols] = day_full[numeric_cols].interpolate(method='linear').fillna(method='bfill')
/data00/chenjiajun/20250711/daily_test/jiangsu_power_cronjob_v1/df_to_mongo.py:196: FutureWarning: DataFrame.interpolate with object dtype is deprecated and will raise in a future version. Call obj.infer_objects(copy=False) before interpolating instead.
  day_resampled = day_group.resample('15min').interpolate(method='linear')
/data00/chenjiajun/20250711/daily_test/jiangsu_power_cronjob_v1/df_to_mongo.py:200: FutureWarning: DataFrame.fillna with 'method' is deprecated and will raise in a future version. Use obj.ffill() or obj.bfill() instead.
  day_full[numeric_cols] = day_full[numeric_cols].interpolate(method='linear').fillna(method='bfill')
/data00/chenjiajun/20250711/daily_test/jiangsu_power_cronjob_v1/df_to_mongo.py:196: FutureWarning: DataFrame.interpolate with object dtype is deprecated and will raise in a future version. Call obj.infer_objects(copy=False) before interpolating instead.
  day_resampled = day_group.resample('15min').interpolate(method='linear')
/data00/chenjiajun/20250711/daily_test/jiangsu_power_cronjob_v1/df_to_mongo.py:200: FutureWarning: DataFrame.fillna with 'method' is deprecated and will raise in a future version. Use obj.ffill() or obj.bfill() instead.
  day_full[numeric_cols] = day_full[numeric_cols].interpolate(method='linear').fillna(method='bfill')
/data00/chenjiajun/20250711/daily_test/jiangsu_power_cronjob_v1/df_to_mongo.py:196: FutureWarning: DataFrame.interpolate with object dtype is deprecated and will raise in a future version. Call obj.infer_objects(copy=False) before interpolating instead.
  day_resampled = day_group.resample('15min').interpolate(method='linear')
/data00/chenjiajun/20250711/daily_test/jiangsu_power_cronjob_v1/df_to_mongo.py:200: FutureWarning: DataFrame.fillna with 'method' is deprecated and will raise in a future version. Use obj.ffill() or obj.bfill() instead.
  day_full[numeric_cols] = day_full[numeric_cols].interpolate(method='linear').fillna(method='bfill')
/data00/chenjiajun/20250711/daily_test/jiangsu_power_cronjob_v1/df_to_mongo.py:196: FutureWarning: DataFrame.interpolate with object dtype is deprecated and will raise in a future version. Call obj.infer_objects(copy=False) before interpolating instead.
  day_resampled = day_group.resample('15min').interpolate(method='linear')
/data00/chenjiajun/20250711/daily_test/jiangsu_power_cronjob_v1/df_to_mongo.py:200: FutureWarning: DataFrame.fillna with 'method' is deprecated and will raise in a future version. Use obj.ffill() or obj.bfill() instead.
  day_full[numeric_cols] = day_full[numeric_cols].interpolate(method='linear').fillna(method='bfill')
/data00/chenjiajun/20250711/daily_test/jiangsu_power_cronjob_v1/df_to_mongo.py:196: FutureWarning: DataFrame.interpolate with object dtype is deprecated and will raise in a future version. Call obj.infer_objects(copy=False) before interpolating instead.
  day_resampled = day_group.resample('15min').interpolate(method='linear')
/data00/chenjiajun/20250711/daily_test/jiangsu_power_cronjob_v1/df_to_mongo.py:200: FutureWarning: DataFrame.fillna with 'method' is deprecated and will raise in a future version. Use obj.ffill() or obj.bfill() instead.
  day_full[numeric_cols] = day_full[numeric_cols].interpolate(method='linear').fillna(method='bfill')
/data00/chenjiajun/20250711/daily_test/jiangsu_power_cronjob_v1/df_to_mongo.py:196: FutureWarning: DataFrame.interpolate with object dtype is deprecated and will raise in a future version. Call obj.infer_objects(copy=False) before interpolating instead.
  day_resampled = day_group.resample('15min').interpolate(method='linear')
/data00/chenjiajun/20250711/daily_test/jiangsu_power_cronjob_v1/df_to_mongo.py:200: FutureWarning: DataFrame.fillna with 'method' is deprecated and will raise in a future version. Use obj.ffill() or obj.bfill() instead.
  day_full[numeric_cols] = day_full[numeric_cols].interpolate(method='linear').fillna(method='bfill')
/data00/chenjiajun/20250711/daily_test/jiangsu_power_cronjob_v1/df_to_mongo.py:196: FutureWarning: DataFrame.interpolate with object dtype is deprecated and will raise in a future version. Call obj.infer_objects(copy=False) before interpolating instead.
  day_resampled = day_group.resample('15min').interpolate(method='linear')
/data00/chenjiajun/20250711/daily_test/jiangsu_power_cronjob_v1/df_to_mongo.py:200: FutureWarning: DataFrame.fillna with 'method' is deprecated and will raise in a future version. Use obj.ffill() or obj.bfill() instead.
  day_full[numeric_cols] = day_full[numeric_cols].interpolate(method='linear').fillna(method='bfill')
/data00/chenjiajun/20250711/daily_test/jiangsu_power_cronjob_v1/df_to_mongo.py:196: FutureWarning: DataFrame.interpolate with object dtype is deprecated and will raise in a future version. Call obj.infer_objects(copy=False) before interpolating instead.
  day_resampled = day_group.resample('15min').interpolate(method='linear')
/data00/chenjiajun/20250711/daily_test/jiangsu_power_cronjob_v1/df_to_mongo.py:200: FutureWarning: DataFrame.fillna with 'method' is deprecated and will raise in a future version. Use obj.ffill() or obj.bfill() instead.
  day_full[numeric_cols] = day_full[numeric_cols].interpolate(method='linear').fillna(method='bfill')
2026-02-20 08:30:40,913 - INFO - 所有日期处理完成: 原始288条记录 -> 新1152条记录
2026-02-20 08:30:41,141 - INFO - 成功连接到MongoDB
2026-02-20 08:38:23,006 - INFO - 处理完成 - 成功: 1056 条, 失败: 0 条
               date_time create_time  ... version_date  version_time
0    2026-02-20 00:00:00  2026-02-20  ...   2026-02-19      20:00:00
1    2026-02-20 00:15:00  2026-02-20  ...   2026-02-19      20:00:00
2    2026-02-20 00:30:00  2026-02-20  ...   2026-02-19      20:00:00
3    2026-02-20 00:45:00  2026-02-20  ...   2026-02-19      20:00:00
4    2026-02-20 01:00:00  2026-02-20  ...   2026-02-19      20:00:00
...                  ...         ...  ...          ...           ...
1051 2026-03-02 22:45:00  2026-02-20  ...   2026-02-19      20:00:00
1052 2026-03-02 23:00:00  2026-02-20  ...   2026-02-19      20:00:00
1053 2026-03-02 23:15:00  2026-02-20  ...   2026-02-19      20:00:00
1054 2026-03-02 23:30:00  2026-02-20  ...   2026-02-19      20:00:00
1055 2026-03-02 23:45:00  2026-02-20  ...   2026-02-19      20:00:00

[1056 rows x 11 columns]
Current working directory: /data00/chenjiajun/20250711/daily_test/jiangsu_power_cronjob_v1
2026-02-21 08:30:03,376 - INFO - [job] model: xgboost, train: True, labels: ['new_energy_wind', 'new_energy_solar'], date: 2025-10-17~2026-02-14, pipeline: 20260221-083003, meteo_source: HRES
2026-02-21 08:30:03,377 - data.py[line:1416] - INFO: Start to get ahead data.
2026-02-21 08:30:03,377 - INFO - Start to get ahead data.
2026-02-21 08:30:03,377 - data.py[line:1425] - INFO: Finish getting ahead data.
2026-02-21 08:30:03,377 - INFO - Finish getting ahead data.
2026-02-21 08:30:03,377 - data.py[line:1428] - INFO: Start to get realtime data.
2026-02-21 08:30:03,377 - INFO - Start to get realtime data.
2026-02-21 08:30:12,543 - data.py[line:1439] - INFO: Finish getting realtime data.
2026-02-21 08:30:12,543 - INFO - Finish getting realtime data.
2026-02-21 08:30:12,546 - data.py[line:1445] - INFO: Start to get meteo data.
2026-02-21 08:30:12,546 - INFO - Start to get meteo data.
/data00/chenjiajun/20250711/daily_test/jiangsu_power_cronjob_v1/api/io/mysql.py:27: UserWarning: pandas only supports SQLAlchemy connectable (engine/connection) or database string URI or sqlite3 DBAPI2 connection. Other DBAPI2 objects are not tested. Please consider using SQLAlchemy.
  df = pd.read_sql(
2026-02-21 08:30:23,714 - data.py[line:1459] - INFO: Finish getting meteo data.
2026-02-21 08:30:23,714 - INFO - Finish getting meteo data.
2026-02-21 08:30:23,832 - INFO - 样本数量:2880
2026-02-21 08:30:23,832 - INFO - 训练模型: new_energy_wind
2026-02-21 08:30:31,444 - INFO - 保存模型到: /data00/chenjiajun/20250711/daily_test/jiangsu_power_cronjob_v1/local/checkpoints/new_energy_wind-realtime-by_day-noa-unweighted.json
2026-02-21 08:30:31,495 - INFO - 读取模型文件: /data00/chenjiajun/20250711/daily_test/jiangsu_power_cronjob_v1/local/checkpoints/new_energy_wind-realtime-by_day-noa-unweighted.json
2026-02-21 08:30:31,635 - INFO - Finish predicting new_energy_wind
2026-02-21 08:30:31,676 - INFO - 样本数量:2880
2026-02-21 08:30:31,676 - INFO - 训练模型: new_energy_solar
2026-02-21 08:30:33,071 - INFO - 保存模型到: /data00/chenjiajun/20250711/daily_test/jiangsu_power_cronjob_v1/local/checkpoints/new_energy_solar-realtime-by_day-noa-unweighted.json
2026-02-21 08:30:33,097 - INFO - 读取模型文件: /data00/chenjiajun/20250711/daily_test/jiangsu_power_cronjob_v1/local/checkpoints/new_energy_solar-realtime-by_day-noa-unweighted.json
2026-02-21 08:30:33,184 - INFO - Finish predicting new_energy_solar
2026-02-21 08:30:33,214 - INFO - new_energy_wind 预测准确率: 0.9805861745382194
2026-02-21 08:30:33,217 - INFO - new_energy_solar 预测准确率: 0.9871898925589038
2026-02-21 08:30:35,236 - INFO - [job] model: xgboost, train: False, labels: ['new_energy_wind', 'new_energy_solar'], date: 2026-02-20~2026-03-04, pipeline: 20260221-083035, meteo_source: HRES
2026-02-21 08:30:35,237 - data.py[line:1445] - INFO: Start to get meteo data.
2026-02-21 08:30:35,237 - INFO - Start to get meteo data.
/data00/chenjiajun/20250711/daily_test/jiangsu_power_cronjob_v1/api/io/mysql.py:27: UserWarning: pandas only supports SQLAlchemy connectable (engine/connection) or database string URI or sqlite3 DBAPI2 connection. Other DBAPI2 objects are not tested. Please consider using SQLAlchemy.
  df = pd.read_sql(
2026-02-21 08:30:37,259 - data.py[line:1459] - INFO: Finish getting meteo data.
2026-02-21 08:30:37,259 - INFO - Finish getting meteo data.
2026-02-21 08:30:37,272 - INFO - 样本数量:288
2026-02-21 08:30:37,272 - INFO - 读取模型文件: /data00/chenjiajun/20250711/daily_test/jiangsu_power_cronjob_v1/local/checkpoints/new_energy_wind-realtime-by_day-noa-unweighted.json
2026-02-21 08:30:38,380 - INFO - Finish predicting new_energy_wind
/data00/chenjiajun/20250711/daily_test/jiangsu_power_cronjob_v1/df_to_mongo.py:196: FutureWarning: DataFrame.interpolate with object dtype is deprecated and will raise in a future version. Call obj.infer_objects(copy=False) before interpolating instead.
  day_resampled = day_group.resample('15min').interpolate(method='linear')
/data00/chenjiajun/20250711/daily_test/jiangsu_power_cronjob_v1/df_to_mongo.py:200: FutureWarning: DataFrame.fillna with 'method' is deprecated and will raise in a future version. Use obj.ffill() or obj.bfill() instead.
  day_full[numeric_cols] = day_full[numeric_cols].interpolate(method='linear').fillna(method='bfill')
/data00/chenjiajun/20250711/daily_test/jiangsu_power_cronjob_v1/df_to_mongo.py:196: FutureWarning: DataFrame.interpolate with object dtype is deprecated and will raise in a future version. Call obj.infer_objects(copy=False) before interpolating instead.
  day_resampled = day_group.resample('15min').interpolate(method='linear')
/data00/chenjiajun/20250711/daily_test/jiangsu_power_cronjob_v1/df_to_mongo.py:200: FutureWarning: DataFrame.fillna with 'method' is deprecated and will raise in a future version. Use obj.ffill() or obj.bfill() instead.
  day_full[numeric_cols] = day_full[numeric_cols].interpolate(method='linear').fillna(method='bfill')
/data00/chenjiajun/20250711/daily_test/jiangsu_power_cronjob_v1/df_to_mongo.py:196: FutureWarning: DataFrame.interpolate with object dtype is deprecated and will raise in a future version. Call obj.infer_objects(copy=False) before interpolating instead.
  day_resampled = day_group.resample('15min').interpolate(method='linear')
/data00/chenjiajun/20250711/daily_test/jiangsu_power_cronjob_v1/df_to_mongo.py:200: FutureWarning: DataFrame.fillna with 'method' is deprecated and will raise in a future version. Use obj.ffill() or obj.bfill() instead.
  day_full[numeric_cols] = day_full[numeric_cols].interpolate(method='linear').fillna(method='bfill')
/data00/chenjiajun/20250711/daily_test/jiangsu_power_cronjob_v1/df_to_mongo.py:196: FutureWarning: DataFrame.interpolate with object dtype is deprecated and will raise in a future version. Call obj.infer_objects(copy=False) before interpolating instead.
  day_resampled = day_group.resample('15min').interpolate(method='linear')
/data00/chenjiajun/20250711/daily_test/jiangsu_power_cronjob_v1/df_to_mongo.py:200: FutureWarning: DataFrame.fillna with 'method' is deprecated and will raise in a future version. Use obj.ffill() or obj.bfill() instead.
  day_full[numeric_cols] = day_full[numeric_cols].interpolate(method='linear').fillna(method='bfill')
/data00/chenjiajun/20250711/daily_test/jiangsu_power_cronjob_v1/df_to_mongo.py:196: FutureWarning: DataFrame.interpolate with object dtype is deprecated and will raise in a future version. Call obj.infer_objects(copy=False) before interpolating instead.
  day_resampled = day_group.resample('15min').interpolate(method='linear')
/data00/chenjiajun/20250711/daily_test/jiangsu_power_cronjob_v1/df_to_mongo.py:200: FutureWarning: DataFrame.fillna with 'method' is deprecated and will raise in a future version. Use obj.ffill() or obj.bfill() instead.
  day_full[numeric_cols] = day_full[numeric_cols].interpolate(method='linear').fillna(method='bfill')
/data00/chenjiajun/20250711/daily_test/jiangsu_power_cronjob_v1/df_to_mongo.py:196: FutureWarning: DataFrame.interpolate with object dtype is deprecated and will raise in a future version. Call obj.infer_objects(copy=False) before interpolating instead.
  day_resampled = day_group.resample('15min').interpolate(method='linear')
/data00/chenjiajun/20250711/daily_test/jiangsu_power_cronjob_v1/df_to_mongo.py:200: FutureWarning: DataFrame.fillna with 'method' is deprecated and will raise in a future version. Use obj.ffill() or obj.bfill() instead.
  day_full[numeric_cols] = day_full[numeric_cols].interpolate(method='linear').fillna(method='bfill')
/data00/chenjiajun/20250711/daily_test/jiangsu_power_cronjob_v1/df_to_mongo.py:196: FutureWarning: DataFrame.interpolate with object dtype is deprecated and will raise in a future version. Call obj.infer_objects(copy=False) before interpolating instead.
  day_resampled = day_group.resample('15min').interpolate(method='linear')
/data00/chenjiajun/20250711/daily_test/jiangsu_power_cronjob_v1/df_to_mongo.py:200: FutureWarning: DataFrame.fillna with 'method' is deprecated and will raise in a future version. Use obj.ffill() or obj.bfill() instead.
  day_full[numeric_cols] = day_full[numeric_cols].interpolate(method='linear').fillna(method='bfill')
/data00/chenjiajun/20250711/daily_test/jiangsu_power_cronjob_v1/df_to_mongo.py:196: FutureWarning: DataFrame.interpolate with object dtype is deprecated and will raise in a future version. Call obj.infer_objects(copy=False) before interpolating instead.
  day_resampled = day_group.resample('15min').interpolate(method='linear')
/data00/chenjiajun/20250711/daily_test/jiangsu_power_cronjob_v1/df_to_mongo.py:200: FutureWarning: DataFrame.fillna with 'method' is deprecated and will raise in a future version. Use obj.ffill() or obj.bfill() instead.
  day_full[numeric_cols] = day_full[numeric_cols].interpolate(method='linear').fillna(method='bfill')
/data00/chenjiajun/20250711/daily_test/jiangsu_power_cronjob_v1/df_to_mongo.py:196: FutureWarning: DataFrame.interpolate with object dtype is deprecated and will raise in a future version. Call obj.infer_objects(copy=False) before interpolating instead.
  day_resampled = day_group.resample('15min').interpolate(method='linear')
/data00/chenjiajun/20250711/daily_test/jiangsu_power_cronjob_v1/df_to_mongo.py:200: FutureWarning: DataFrame.fillna with 'method' is deprecated and will raise in a future version. Use obj.ffill() or obj.bfill() instead.
  day_full[numeric_cols] = day_full[numeric_cols].interpolate(method='linear').fillna(method='bfill')
/data00/chenjiajun/20250711/daily_test/jiangsu_power_cronjob_v1/df_to_mongo.py:196: FutureWarning: DataFrame.interpolate with object dtype is deprecated and will raise in a future version. Call obj.infer_objects(copy=False) before interpolating instead.
  day_resampled = day_group.resample('15min').interpolate(method='linear')
/data00/chenjiajun/20250711/daily_test/jiangsu_power_cronjob_v1/df_to_mongo.py:200: FutureWarning: DataFrame.fillna with 'method' is deprecated and will raise in a future version. Use obj.ffill() or obj.bfill() instead.
  day_full[numeric_cols] = day_full[numeric_cols].interpolate(method='linear').fillna(method='bfill')
/data00/chenjiajun/20250711/daily_test/jiangsu_power_cronjob_v1/df_to_mongo.py:196: FutureWarning: DataFrame.interpolate with object dtype is deprecated and will raise in a future version. Call obj.infer_objects(copy=False) before interpolating instead.
  day_resampled = day_group.resample('15min').interpolate(method='linear')
/data00/chenjiajun/20250711/daily_test/jiangsu_power_cronjob_v1/df_to_mongo.py:200: FutureWarning: DataFrame.fillna with 'method' is deprecated and will raise in a future version. Use obj.ffill() or obj.bfill() instead.
  day_full[numeric_cols] = day_full[numeric_cols].interpolate(method='linear').fillna(method='bfill')
/data00/chenjiajun/20250711/daily_test/jiangsu_power_cronjob_v1/df_to_mongo.py:196: FutureWarning: DataFrame.interpolate with object dtype is deprecated and will raise in a future version. Call obj.infer_objects(copy=False) before interpolating instead.
  day_resampled = day_group.resample('15min').interpolate(method='linear')
/data00/chenjiajun/20250711/daily_test/jiangsu_power_cronjob_v1/df_to_mongo.py:200: FutureWarning: DataFrame.fillna with 'method' is deprecated and will raise in a future version. Use obj.ffill() or obj.bfill() instead.
  day_full[numeric_cols] = day_full[numeric_cols].interpolate(method='linear').fillna(method='bfill')
2026-02-21 08:30:38,785 - INFO - 所有日期处理完成: 原始288条记录 -> 新1152条记录
2026-02-21 08:30:38,787 - INFO - 样本数量:288
2026-02-21 08:30:38,788 - INFO - 读取模型文件: /data00/chenjiajun/20250711/daily_test/jiangsu_power_cronjob_v1/local/checkpoints/new_energy_solar-realtime-by_day-noa-unweighted.json
2026-02-21 08:30:38,916 - INFO - Finish predicting new_energy_solar
/data00/chenjiajun/20250711/daily_test/jiangsu_power_cronjob_v1/df_to_mongo.py:196: FutureWarning: DataFrame.interpolate with object dtype is deprecated and will raise in a future version. Call obj.infer_objects(copy=False) before interpolating instead.
  day_resampled = day_group.resample('15min').interpolate(method='linear')
/data00/chenjiajun/20250711/daily_test/jiangsu_power_cronjob_v1/df_to_mongo.py:200: FutureWarning: DataFrame.fillna with 'method' is deprecated and will raise in a future version. Use obj.ffill() or obj.bfill() instead.
  day_full[numeric_cols] = day_full[numeric_cols].interpolate(method='linear').fillna(method='bfill')
/data00/chenjiajun/20250711/daily_test/jiangsu_power_cronjob_v1/df_to_mongo.py:196: FutureWarning: DataFrame.interpolate with object dtype is deprecated and will raise in a future version. Call obj.infer_objects(copy=False) before interpolating instead.
  day_resampled = day_group.resample('15min').interpolate(method='linear')
/data00/chenjiajun/20250711/daily_test/jiangsu_power_cronjob_v1/df_to_mongo.py:200: FutureWarning: DataFrame.fillna with 'method' is deprecated and will raise in a future version. Use obj.ffill() or obj.bfill() instead.
  day_full[numeric_cols] = day_full[numeric_cols].interpolate(method='linear').fillna(method='bfill')
/data00/chenjiajun/20250711/daily_test/jiangsu_power_cronjob_v1/df_to_mongo.py:196: FutureWarning: DataFrame.interpolate with object dtype is deprecated and will raise in a future version. Call obj.infer_objects(copy=False) before interpolating instead.
  day_resampled = day_group.resample('15min').interpolate(method='linear')
/data00/chenjiajun/20250711/daily_test/jiangsu_power_cronjob_v1/df_to_mongo.py:200: FutureWarning: DataFrame.fillna with 'method' is deprecated and will raise in a future version. Use obj.ffill() or obj.bfill() instead.
  day_full[numeric_cols] = day_full[numeric_cols].interpolate(method='linear').fillna(method='bfill')
/data00/chenjiajun/20250711/daily_test/jiangsu_power_cronjob_v1/df_to_mongo.py:196: FutureWarning: DataFrame.interpolate with object dtype is deprecated and will raise in a future version. Call obj.infer_objects(copy=False) before interpolating instead.
  day_resampled = day_group.resample('15min').interpolate(method='linear')
/data00/chenjiajun/20250711/daily_test/jiangsu_power_cronjob_v1/df_to_mongo.py:200: FutureWarning: DataFrame.fillna with 'method' is deprecated and will raise in a future version. Use obj.ffill() or obj.bfill() instead.
  day_full[numeric_cols] = day_full[numeric_cols].interpolate(method='linear').fillna(method='bfill')
/data00/chenjiajun/20250711/daily_test/jiangsu_power_cronjob_v1/df_to_mongo.py:196: FutureWarning: DataFrame.interpolate with object dtype is deprecated and will raise in a future version. Call obj.infer_objects(copy=False) before interpolating instead.
  day_resampled = day_group.resample('15min').interpolate(method='linear')
/data00/chenjiajun/20250711/daily_test/jiangsu_power_cronjob_v1/df_to_mongo.py:200: FutureWarning: DataFrame.fillna with 'method' is deprecated and will raise in a future version. Use obj.ffill() or obj.bfill() instead.
  day_full[numeric_cols] = day_full[numeric_cols].interpolate(method='linear').fillna(method='bfill')
/data00/chenjiajun/20250711/daily_test/jiangsu_power_cronjob_v1/df_to_mongo.py:196: FutureWarning: DataFrame.interpolate with object dtype is deprecated and will raise in a future version. Call obj.infer_objects(copy=False) before interpolating instead.
  day_resampled = day_group.resample('15min').interpolate(method='linear')
/data00/chenjiajun/20250711/daily_test/jiangsu_power_cronjob_v1/df_to_mongo.py:200: FutureWarning: DataFrame.fillna with 'method' is deprecated and will raise in a future version. Use obj.ffill() or obj.bfill() instead.
  day_full[numeric_cols] = day_full[numeric_cols].interpolate(method='linear').fillna(method='bfill')
/data00/chenjiajun/20250711/daily_test/jiangsu_power_cronjob_v1/df_to_mongo.py:196: FutureWarning: DataFrame.interpolate with object dtype is deprecated and will raise in a future version. Call obj.infer_objects(copy=False) before interpolating instead.
  day_resampled = day_group.resample('15min').interpolate(method='linear')
/data00/chenjiajun/20250711/daily_test/jiangsu_power_cronjob_v1/df_to_mongo.py:200: FutureWarning: DataFrame.fillna with 'method' is deprecated and will raise in a future version. Use obj.ffill() or obj.bfill() instead.
  day_full[numeric_cols] = day_full[numeric_cols].interpolate(method='linear').fillna(method='bfill')
/data00/chenjiajun/20250711/daily_test/jiangsu_power_cronjob_v1/df_to_mongo.py:196: FutureWarning: DataFrame.interpolate with object dtype is deprecated and will raise in a future version. Call obj.infer_objects(copy=False) before interpolating instead.
  day_resampled = day_group.resample('15min').interpolate(method='linear')
/data00/chenjiajun/20250711/daily_test/jiangsu_power_cronjob_v1/df_to_mongo.py:200: FutureWarning: DataFrame.fillna with 'method' is deprecated and will raise in a future version. Use obj.ffill() or obj.bfill() instead.
  day_full[numeric_cols] = day_full[numeric_cols].interpolate(method='linear').fillna(method='bfill')
/data00/chenjiajun/20250711/daily_test/jiangsu_power_cronjob_v1/df_to_mongo.py:196: FutureWarning: DataFrame.interpolate with object dtype is deprecated and will raise in a future version. Call obj.infer_objects(copy=False) before interpolating instead.
  day_resampled = day_group.resample('15min').interpolate(method='linear')
/data00/chenjiajun/20250711/daily_test/jiangsu_power_cronjob_v1/df_to_mongo.py:200: FutureWarning: DataFrame.fillna with 'method' is deprecated and will raise in a future version. Use obj.ffill() or obj.bfill() instead.
  day_full[numeric_cols] = day_full[numeric_cols].interpolate(method='linear').fillna(method='bfill')
/data00/chenjiajun/20250711/daily_test/jiangsu_power_cronjob_v1/df_to_mongo.py:196: FutureWarning: DataFrame.interpolate with object dtype is deprecated and will raise in a future version. Call obj.infer_objects(copy=False) before interpolating instead.
  day_resampled = day_group.resample('15min').interpolate(method='linear')
/data00/chenjiajun/20250711/daily_test/jiangsu_power_cronjob_v1/df_to_mongo.py:200: FutureWarning: DataFrame.fillna with 'method' is deprecated and will raise in a future version. Use obj.ffill() or obj.bfill() instead.
  day_full[numeric_cols] = day_full[numeric_cols].interpolate(method='linear').fillna(method='bfill')
/data00/chenjiajun/20250711/daily_test/jiangsu_power_cronjob_v1/df_to_mongo.py:196: FutureWarning: DataFrame.interpolate with object dtype is deprecated and will raise in a future version. Call obj.infer_objects(copy=False) before interpolating instead.
  day_resampled = day_group.resample('15min').interpolate(method='linear')
/data00/chenjiajun/20250711/daily_test/jiangsu_power_cronjob_v1/df_to_mongo.py:200: FutureWarning: DataFrame.fillna with 'method' is deprecated and will raise in a future version. Use obj.ffill() or obj.bfill() instead.
  day_full[numeric_cols] = day_full[numeric_cols].interpolate(method='linear').fillna(method='bfill')
/data00/chenjiajun/20250711/daily_test/jiangsu_power_cronjob_v1/df_to_mongo.py:196: FutureWarning: DataFrame.interpolate with object dtype is deprecated and will raise in a future version. Call obj.infer_objects(copy=False) before interpolating instead.
  day_resampled = day_group.resample('15min').interpolate(method='linear')
/data00/chenjiajun/20250711/daily_test/jiangsu_power_cronjob_v1/df_to_mongo.py:200: FutureWarning: DataFrame.fillna with 'method' is deprecated and will raise in a future version. Use obj.ffill() or obj.bfill() instead.
  day_full[numeric_cols] = day_full[numeric_cols].interpolate(method='linear').fillna(method='bfill')
2026-02-21 08:30:39,131 - INFO - 所有日期处理完成: 原始288条记录 -> 新1152条记录
2026-02-21 08:30:39,304 - INFO - 成功连接到MongoDB
2026-02-21 08:38:55,456 - INFO - 处理完成 - 成功: 1056 条, 失败: 0 条
               date_time create_time  ... version_date  version_time
0    2026-02-21 00:00:00  2026-02-21  ...   2026-02-20      20:00:00
1    2026-02-21 00:15:00  2026-02-21  ...   2026-02-20      20:00:00
2    2026-02-21 00:30:00  2026-02-21  ...   2026-02-20      20:00:00
3    2026-02-21 00:45:00  2026-02-21  ...   2026-02-20      20:00:00
4    2026-02-21 01:00:00  2026-02-21  ...   2026-02-20      20:00:00
...                  ...         ...  ...          ...           ...
1051 2026-03-03 22:45:00  2026-02-21  ...   2026-02-20      20:00:00
1052 2026-03-03 23:00:00  2026-02-21  ...   2026-02-20      20:00:00
1053 2026-03-03 23:15:00  2026-02-21  ...   2026-02-20      20:00:00
1054 2026-03-03 23:30:00  2026-02-21  ...   2026-02-20      20:00:00
1055 2026-03-03 23:45:00  2026-02-21  ...   2026-02-20      20:00:00

[1056 rows x 11 columns]
Current working directory: /data00/chenjiajun/20250711/daily_test/jiangsu_power_cronjob_v1
2026-02-22 08:30:03,568 - INFO - [job] model: xgboost, train: True, labels: ['new_energy_wind', 'new_energy_solar'], date: 2025-10-18~2026-02-15, pipeline: 20260222-083003, meteo_source: HRES
2026-02-22 08:30:03,570 - data.py[line:1416] - INFO: Start to get ahead data.
2026-02-22 08:30:03,570 - INFO - Start to get ahead data.
2026-02-22 08:30:03,570 - data.py[line:1425] - INFO: Finish getting ahead data.
2026-02-22 08:30:03,570 - INFO - Finish getting ahead data.
2026-02-22 08:30:03,570 - data.py[line:1428] - INFO: Start to get realtime data.
2026-02-22 08:30:03,570 - INFO - Start to get realtime data.
2026-02-22 08:30:13,306 - data.py[line:1439] - INFO: Finish getting realtime data.
2026-02-22 08:30:13,306 - INFO - Finish getting realtime data.
2026-02-22 08:30:13,308 - data.py[line:1445] - INFO: Start to get meteo data.
2026-02-22 08:30:13,308 - INFO - Start to get meteo data.
/data00/chenjiajun/20250711/daily_test/jiangsu_power_cronjob_v1/api/io/mysql.py:27: UserWarning: pandas only supports SQLAlchemy connectable (engine/connection) or database string URI or sqlite3 DBAPI2 connection. Other DBAPI2 objects are not tested. Please consider using SQLAlchemy.
  df = pd.read_sql(
2026-02-22 08:30:39,713 - data.py[line:1459] - INFO: Finish getting meteo data.
2026-02-22 08:30:39,713 - INFO - Finish getting meteo data.
2026-02-22 08:30:39,817 - INFO - 样本数量:2880
2026-02-22 08:30:39,817 - INFO - 训练模型: new_energy_wind
2026-02-22 08:30:47,063 - INFO - 保存模型到: /data00/chenjiajun/20250711/daily_test/jiangsu_power_cronjob_v1/local/checkpoints/new_energy_wind-realtime-by_day-noa-unweighted.json
2026-02-22 08:30:47,108 - INFO - 读取模型文件: /data00/chenjiajun/20250711/daily_test/jiangsu_power_cronjob_v1/local/checkpoints/new_energy_wind-realtime-by_day-noa-unweighted.json
2026-02-22 08:30:47,253 - INFO - Finish predicting new_energy_wind
2026-02-22 08:30:47,295 - INFO - 样本数量:2880
2026-02-22 08:30:47,295 - INFO - 训练模型: new_energy_solar
2026-02-22 08:30:48,919 - INFO - 保存模型到: /data00/chenjiajun/20250711/daily_test/jiangsu_power_cronjob_v1/local/checkpoints/new_energy_solar-realtime-by_day-noa-unweighted.json
2026-02-22 08:30:48,945 - INFO - 读取模型文件: /data00/chenjiajun/20250711/daily_test/jiangsu_power_cronjob_v1/local/checkpoints/new_energy_solar-realtime-by_day-noa-unweighted.json
2026-02-22 08:30:49,030 - INFO - Finish predicting new_energy_solar
2026-02-22 08:30:49,059 - INFO - new_energy_wind 预测准确率: 0.979251151721841
2026-02-22 08:30:49,062 - INFO - new_energy_solar 预测准确率: 0.9868387827779195
2026-02-22 08:30:51,106 - INFO - [job] model: xgboost, train: False, labels: ['new_energy_wind', 'new_energy_solar'], date: 2026-02-21~2026-03-05, pipeline: 20260222-083051, meteo_source: HRES
2026-02-22 08:30:51,106 - data.py[line:1445] - INFO: Start to get meteo data.
2026-02-22 08:30:51,106 - INFO - Start to get meteo data.
/data00/chenjiajun/20250711/daily_test/jiangsu_power_cronjob_v1/api/io/mysql.py:27: UserWarning: pandas only supports SQLAlchemy connectable (engine/connection) or database string URI or sqlite3 DBAPI2 connection. Other DBAPI2 objects are not tested. Please consider using SQLAlchemy.
  df = pd.read_sql(
2026-02-22 08:30:53,674 - data.py[line:1459] - INFO: Finish getting meteo data.
2026-02-22 08:30:53,674 - INFO - Finish getting meteo data.
2026-02-22 08:30:53,688 - INFO - 样本数量:288
2026-02-22 08:30:53,688 - INFO - 读取模型文件: /data00/chenjiajun/20250711/daily_test/jiangsu_power_cronjob_v1/local/checkpoints/new_energy_wind-realtime-by_day-noa-unweighted.json
2026-02-22 08:30:54,927 - INFO - Finish predicting new_energy_wind
/data00/chenjiajun/20250711/daily_test/jiangsu_power_cronjob_v1/df_to_mongo.py:196: FutureWarning: DataFrame.interpolate with object dtype is deprecated and will raise in a future version. Call obj.infer_objects(copy=False) before interpolating instead.
  day_resampled = day_group.resample('15min').interpolate(method='linear')
/data00/chenjiajun/20250711/daily_test/jiangsu_power_cronjob_v1/df_to_mongo.py:200: FutureWarning: DataFrame.fillna with 'method' is deprecated and will raise in a future version. Use obj.ffill() or obj.bfill() instead.
  day_full[numeric_cols] = day_full[numeric_cols].interpolate(method='linear').fillna(method='bfill')
/data00/chenjiajun/20250711/daily_test/jiangsu_power_cronjob_v1/df_to_mongo.py:196: FutureWarning: DataFrame.interpolate with object dtype is deprecated and will raise in a future version. Call obj.infer_objects(copy=False) before interpolating instead.
  day_resampled = day_group.resample('15min').interpolate(method='linear')
/data00/chenjiajun/20250711/daily_test/jiangsu_power_cronjob_v1/df_to_mongo.py:200: FutureWarning: DataFrame.fillna with 'method' is deprecated and will raise in a future version. Use obj.ffill() or obj.bfill() instead.
  day_full[numeric_cols] = day_full[numeric_cols].interpolate(method='linear').fillna(method='bfill')
/data00/chenjiajun/20250711/daily_test/jiangsu_power_cronjob_v1/df_to_mongo.py:196: FutureWarning: DataFrame.interpolate with object dtype is deprecated and will raise in a future version. Call obj.infer_objects(copy=False) before interpolating instead.
  day_resampled = day_group.resample('15min').interpolate(method='linear')
/data00/chenjiajun/20250711/daily_test/jiangsu_power_cronjob_v1/df_to_mongo.py:200: FutureWarning: DataFrame.fillna with 'method' is deprecated and will raise in a future version. Use obj.ffill() or obj.bfill() instead.
  day_full[numeric_cols] = day_full[numeric_cols].interpolate(method='linear').fillna(method='bfill')
/data00/chenjiajun/20250711/daily_test/jiangsu_power_cronjob_v1/df_to_mongo.py:196: FutureWarning: DataFrame.interpolate with object dtype is deprecated and will raise in a future version. Call obj.infer_objects(copy=False) before interpolating instead.
  day_resampled = day_group.resample('15min').interpolate(method='linear')
/data00/chenjiajun/20250711/daily_test/jiangsu_power_cronjob_v1/df_to_mongo.py:200: FutureWarning: DataFrame.fillna with 'method' is deprecated and will raise in a future version. Use obj.ffill() or obj.bfill() instead.
  day_full[numeric_cols] = day_full[numeric_cols].interpolate(method='linear').fillna(method='bfill')
/data00/chenjiajun/20250711/daily_test/jiangsu_power_cronjob_v1/df_to_mongo.py:196: FutureWarning: DataFrame.interpolate with object dtype is deprecated and will raise in a future version. Call obj.infer_objects(copy=False) before interpolating instead.
  day_resampled = day_group.resample('15min').interpolate(method='linear')
/data00/chenjiajun/20250711/daily_test/jiangsu_power_cronjob_v1/df_to_mongo.py:200: FutureWarning: DataFrame.fillna with 'method' is deprecated and will raise in a future version. Use obj.ffill() or obj.bfill() instead.
  day_full[numeric_cols] = day_full[numeric_cols].interpolate(method='linear').fillna(method='bfill')
/data00/chenjiajun/20250711/daily_test/jiangsu_power_cronjob_v1/df_to_mongo.py:196: FutureWarning: DataFrame.interpolate with object dtype is deprecated and will raise in a future version. Call obj.infer_objects(copy=False) before interpolating instead.
  day_resampled = day_group.resample('15min').interpolate(method='linear')
/data00/chenjiajun/20250711/daily_test/jiangsu_power_cronjob_v1/df_to_mongo.py:200: FutureWarning: DataFrame.fillna with 'method' is deprecated and will raise in a future version. Use obj.ffill() or obj.bfill() instead.
  day_full[numeric_cols] = day_full[numeric_cols].interpolate(method='linear').fillna(method='bfill')
/data00/chenjiajun/20250711/daily_test/jiangsu_power_cronjob_v1/df_to_mongo.py:196: FutureWarning: DataFrame.interpolate with object dtype is deprecated and will raise in a future version. Call obj.infer_objects(copy=False) before interpolating instead.
  day_resampled = day_group.resample('15min').interpolate(method='linear')
/data00/chenjiajun/20250711/daily_test/jiangsu_power_cronjob_v1/df_to_mongo.py:200: FutureWarning: DataFrame.fillna with 'method' is deprecated and will raise in a future version. Use obj.ffill() or obj.bfill() instead.
  day_full[numeric_cols] = day_full[numeric_cols].interpolate(method='linear').fillna(method='bfill')
/data00/chenjiajun/20250711/daily_test/jiangsu_power_cronjob_v1/df_to_mongo.py:196: FutureWarning: DataFrame.interpolate with object dtype is deprecated and will raise in a future version. Call obj.infer_objects(copy=False) before interpolating instead.
  day_resampled = day_group.resample('15min').interpolate(method='linear')
/data00/chenjiajun/20250711/daily_test/jiangsu_power_cronjob_v1/df_to_mongo.py:200: FutureWarning: DataFrame.fillna with 'method' is deprecated and will raise in a future version. Use obj.ffill() or obj.bfill() instead.
  day_full[numeric_cols] = day_full[numeric_cols].interpolate(method='linear').fillna(method='bfill')
/data00/chenjiajun/20250711/daily_test/jiangsu_power_cronjob_v1/df_to_mongo.py:196: FutureWarning: DataFrame.interpolate with object dtype is deprecated and will raise in a future version. Call obj.infer_objects(copy=False) before interpolating instead.
  day_resampled = day_group.resample('15min').interpolate(method='linear')
/data00/chenjiajun/20250711/daily_test/jiangsu_power_cronjob_v1/df_to_mongo.py:200: FutureWarning: DataFrame.fillna with 'method' is deprecated and will raise in a future version. Use obj.ffill() or obj.bfill() instead.
  day_full[numeric_cols] = day_full[numeric_cols].interpolate(method='linear').fillna(method='bfill')
/data00/chenjiajun/20250711/daily_test/jiangsu_power_cronjob_v1/df_to_mongo.py:196: FutureWarning: DataFrame.interpolate with object dtype is deprecated and will raise in a future version. Call obj.infer_objects(copy=False) before interpolating instead.
  day_resampled = day_group.resample('15min').interpolate(method='linear')
/data00/chenjiajun/20250711/daily_test/jiangsu_power_cronjob_v1/df_to_mongo.py:200: FutureWarning: DataFrame.fillna with 'method' is deprecated and will raise in a future version. Use obj.ffill() or obj.bfill() instead.
  day_full[numeric_cols] = day_full[numeric_cols].interpolate(method='linear').fillna(method='bfill')
/data00/chenjiajun/20250711/daily_test/jiangsu_power_cronjob_v1/df_to_mongo.py:196: FutureWarning: DataFrame.interpolate with object dtype is deprecated and will raise in a future version. Call obj.infer_objects(copy=False) before interpolating instead.
  day_resampled = day_group.resample('15min').interpolate(method='linear')
/data00/chenjiajun/20250711/daily_test/jiangsu_power_cronjob_v1/df_to_mongo.py:200: FutureWarning: DataFrame.fillna with 'method' is deprecated and will raise in a future version. Use obj.ffill() or obj.bfill() instead.
  day_full[numeric_cols] = day_full[numeric_cols].interpolate(method='linear').fillna(method='bfill')
/data00/chenjiajun/20250711/daily_test/jiangsu_power_cronjob_v1/df_to_mongo.py:196: FutureWarning: DataFrame.interpolate with object dtype is deprecated and will raise in a future version. Call obj.infer_objects(copy=False) before interpolating instead.
  day_resampled = day_group.resample('15min').interpolate(method='linear')
/data00/chenjiajun/20250711/daily_test/jiangsu_power_cronjob_v1/df_to_mongo.py:200: FutureWarning: DataFrame.fillna with 'method' is deprecated and will raise in a future version. Use obj.ffill() or obj.bfill() instead.
  day_full[numeric_cols] = day_full[numeric_cols].interpolate(method='linear').fillna(method='bfill')
2026-02-22 08:30:55,374 - INFO - 所有日期处理完成: 原始288条记录 -> 新1152条记录
2026-02-22 08:30:55,377 - INFO - 样本数量:288
2026-02-22 08:30:55,377 - INFO - 读取模型文件: /data00/chenjiajun/20250711/daily_test/jiangsu_power_cronjob_v1/local/checkpoints/new_energy_solar-realtime-by_day-noa-unweighted.json
2026-02-22 08:30:55,475 - INFO - Finish predicting new_energy_solar
/data00/chenjiajun/20250711/daily_test/jiangsu_power_cronjob_v1/df_to_mongo.py:196: FutureWarning: DataFrame.interpolate with object dtype is deprecated and will raise in a future version. Call obj.infer_objects(copy=False) before interpolating instead.
  day_resampled = day_group.resample('15min').interpolate(method='linear')
/data00/chenjiajun/20250711/daily_test/jiangsu_power_cronjob_v1/df_to_mongo.py:200: FutureWarning: DataFrame.fillna with 'method' is deprecated and will raise in a future version. Use obj.ffill() or obj.bfill() instead.
  day_full[numeric_cols] = day_full[numeric_cols].interpolate(method='linear').fillna(method='bfill')
/data00/chenjiajun/20250711/daily_test/jiangsu_power_cronjob_v1/df_to_mongo.py:196: FutureWarning: DataFrame.interpolate with object dtype is deprecated and will raise in a future version. Call obj.infer_objects(copy=False) before interpolating instead.
  day_resampled = day_group.resample('15min').interpolate(method='linear')
/data00/chenjiajun/20250711/daily_test/jiangsu_power_cronjob_v1/df_to_mongo.py:200: FutureWarning: DataFrame.fillna with 'method' is deprecated and will raise in a future version. Use obj.ffill() or obj.bfill() instead.
  day_full[numeric_cols] = day_full[numeric_cols].interpolate(method='linear').fillna(method='bfill')
/data00/chenjiajun/20250711/daily_test/jiangsu_power_cronjob_v1/df_to_mongo.py:196: FutureWarning: DataFrame.interpolate with object dtype is deprecated and will raise in a future version. Call obj.infer_objects(copy=False) before interpolating instead.
  day_resampled = day_group.resample('15min').interpolate(method='linear')
/data00/chenjiajun/20250711/daily_test/jiangsu_power_cronjob_v1/df_to_mongo.py:200: FutureWarning: DataFrame.fillna with 'method' is deprecated and will raise in a future version. Use obj.ffill() or obj.bfill() instead.
  day_full[numeric_cols] = day_full[numeric_cols].interpolate(method='linear').fillna(method='bfill')
/data00/chenjiajun/20250711/daily_test/jiangsu_power_cronjob_v1/df_to_mongo.py:196: FutureWarning: DataFrame.interpolate with object dtype is deprecated and will raise in a future version. Call obj.infer_objects(copy=False) before interpolating instead.
  day_resampled = day_group.resample('15min').interpolate(method='linear')
/data00/chenjiajun/20250711/daily_test/jiangsu_power_cronjob_v1/df_to_mongo.py:200: FutureWarning: DataFrame.fillna with 'method' is deprecated and will raise in a future version. Use obj.ffill() or obj.bfill() instead.
  day_full[numeric_cols] = day_full[numeric_cols].interpolate(method='linear').fillna(method='bfill')
/data00/chenjiajun/20250711/daily_test/jiangsu_power_cronjob_v1/df_to_mongo.py:196: FutureWarning: DataFrame.interpolate with object dtype is deprecated and will raise in a future version. Call obj.infer_objects(copy=False) before interpolating instead.
  day_resampled = day_group.resample('15min').interpolate(method='linear')
/data00/chenjiajun/20250711/daily_test/jiangsu_power_cronjob_v1/df_to_mongo.py:200: FutureWarning: DataFrame.fillna with 'method' is deprecated and will raise in a future version. Use obj.ffill() or obj.bfill() instead.
  day_full[numeric_cols] = day_full[numeric_cols].interpolate(method='linear').fillna(method='bfill')
/data00/chenjiajun/20250711/daily_test/jiangsu_power_cronjob_v1/df_to_mongo.py:196: FutureWarning: DataFrame.interpolate with object dtype is deprecated and will raise in a future version. Call obj.infer_objects(copy=False) before interpolating instead.
  day_resampled = day_group.resample('15min').interpolate(method='linear')
/data00/chenjiajun/20250711/daily_test/jiangsu_power_cronjob_v1/df_to_mongo.py:200: FutureWarning: DataFrame.fillna with 'method' is deprecated and will raise in a future version. Use obj.ffill() or obj.bfill() instead.
  day_full[numeric_cols] = day_full[numeric_cols].interpolate(method='linear').fillna(method='bfill')
/data00/chenjiajun/20250711/daily_test/jiangsu_power_cronjob_v1/df_to_mongo.py:196: FutureWarning: DataFrame.interpolate with object dtype is deprecated and will raise in a future version. Call obj.infer_objects(copy=False) before interpolating instead.
  day_resampled = day_group.resample('15min').interpolate(method='linear')
/data00/chenjiajun/20250711/daily_test/jiangsu_power_cronjob_v1/df_to_mongo.py:200: FutureWarning: DataFrame.fillna with 'method' is deprecated and will raise in a future version. Use obj.ffill() or obj.bfill() instead.
  day_full[numeric_cols] = day_full[numeric_cols].interpolate(method='linear').fillna(method='bfill')
/data00/chenjiajun/20250711/daily_test/jiangsu_power_cronjob_v1/df_to_mongo.py:196: FutureWarning: DataFrame.interpolate with object dtype is deprecated and will raise in a future version. Call obj.infer_objects(copy=False) before interpolating instead.
  day_resampled = day_group.resample('15min').interpolate(method='linear')
/data00/chenjiajun/20250711/daily_test/jiangsu_power_cronjob_v1/df_to_mongo.py:200: FutureWarning: DataFrame.fillna with 'method' is deprecated and will raise in a future version. Use obj.ffill() or obj.bfill() instead.
  day_full[numeric_cols] = day_full[numeric_cols].interpolate(method='linear').fillna(method='bfill')
/data00/chenjiajun/20250711/daily_test/jiangsu_power_cronjob_v1/df_to_mongo.py:196: FutureWarning: DataFrame.interpolate with object dtype is deprecated and will raise in a future version. Call obj.infer_objects(copy=False) before interpolating instead.
  day_resampled = day_group.resample('15min').interpolate(method='linear')
/data00/chenjiajun/20250711/daily_test/jiangsu_power_cronjob_v1/df_to_mongo.py:200: FutureWarning: DataFrame.fillna with 'method' is deprecated and will raise in a future version. Use obj.ffill() or obj.bfill() instead.
  day_full[numeric_cols] = day_full[numeric_cols].interpolate(method='linear').fillna(method='bfill')
/data00/chenjiajun/20250711/daily_test/jiangsu_power_cronjob_v1/df_to_mongo.py:196: FutureWarning: DataFrame.interpolate with object dtype is deprecated and will raise in a future version. Call obj.infer_objects(copy=False) before interpolating instead.
  day_resampled = day_group.resample('15min').interpolate(method='linear')
/data00/chenjiajun/20250711/daily_test/jiangsu_power_cronjob_v1/df_to_mongo.py:200: FutureWarning: DataFrame.fillna with 'method' is deprecated and will raise in a future version. Use obj.ffill() or obj.bfill() instead.
  day_full[numeric_cols] = day_full[numeric_cols].interpolate(method='linear').fillna(method='bfill')
/data00/chenjiajun/20250711/daily_test/jiangsu_power_cronjob_v1/df_to_mongo.py:196: FutureWarning: DataFrame.interpolate with object dtype is deprecated and will raise in a future version. Call obj.infer_objects(copy=False) before interpolating instead.
  day_resampled = day_group.resample('15min').interpolate(method='linear')
/data00/chenjiajun/20250711/daily_test/jiangsu_power_cronjob_v1/df_to_mongo.py:200: FutureWarning: DataFrame.fillna with 'method' is deprecated and will raise in a future version. Use obj.ffill() or obj.bfill() instead.
  day_full[numeric_cols] = day_full[numeric_cols].interpolate(method='linear').fillna(method='bfill')
/data00/chenjiajun/20250711/daily_test/jiangsu_power_cronjob_v1/df_to_mongo.py:196: FutureWarning: DataFrame.interpolate with object dtype is deprecated and will raise in a future version. Call obj.infer_objects(copy=False) before interpolating instead.
  day_resampled = day_group.resample('15min').interpolate(method='linear')
/data00/chenjiajun/20250711/daily_test/jiangsu_power_cronjob_v1/df_to_mongo.py:200: FutureWarning: DataFrame.fillna with 'method' is deprecated and will raise in a future version. Use obj.ffill() or obj.bfill() instead.
  day_full[numeric_cols] = day_full[numeric_cols].interpolate(method='linear').fillna(method='bfill')
2026-02-22 08:30:55,745 - INFO - 所有日期处理完成: 原始288条记录 -> 新1152条记录
2026-02-22 08:30:55,879 - INFO - 成功连接到MongoDB
2026-02-22 08:39:12,309 - INFO - 处理完成 - 成功: 1056 条, 失败: 0 条
               date_time create_time  ... version_date  version_time
0    2026-02-22 00:00:00  2026-02-22  ...   2026-02-21      20:00:00
1    2026-02-22 00:15:00  2026-02-22  ...   2026-02-21      20:00:00
2    2026-02-22 00:30:00  2026-02-22  ...   2026-02-21      20:00:00
3    2026-02-22 00:45:00  2026-02-22  ...   2026-02-21      20:00:00
4    2026-02-22 01:00:00  2026-02-22  ...   2026-02-21      20:00:00
...                  ...         ...  ...          ...           ...
1051 2026-03-04 22:45:00  2026-02-22  ...   2026-02-21      20:00:00
1052 2026-03-04 23:00:00  2026-02-22  ...   2026-02-21      20:00:00
1053 2026-03-04 23:15:00  2026-02-22  ...   2026-02-21      20:00:00
1054 2026-03-04 23:30:00  2026-02-22  ...   2026-02-21      20:00:00
1055 2026-03-04 23:45:00  2026-02-22  ...   2026-02-21      20:00:00

[1056 rows x 11 columns]
Current working directory: /data00/chenjiajun/20250711/daily_test/jiangsu_power_cronjob_v1
2026-02-23 08:30:03,651 - INFO - [job] model: xgboost, train: True, labels: ['new_energy_wind', 'new_energy_solar'], date: 2025-10-19~2026-02-16, pipeline: 20260223-083003, meteo_source: HRES
2026-02-23 08:30:03,652 - data.py[line:1416] - INFO: Start to get ahead data.
2026-02-23 08:30:03,652 - INFO - Start to get ahead data.
2026-02-23 08:30:03,652 - data.py[line:1425] - INFO: Finish getting ahead data.
2026-02-23 08:30:03,652 - INFO - Finish getting ahead data.
2026-02-23 08:30:03,652 - data.py[line:1428] - INFO: Start to get realtime data.
2026-02-23 08:30:03,652 - INFO - Start to get realtime data.
2026-02-23 08:30:16,123 - data.py[line:1439] - INFO: Finish getting realtime data.
2026-02-23 08:30:16,123 - INFO - Finish getting realtime data.
2026-02-23 08:30:16,126 - data.py[line:1445] - INFO: Start to get meteo data.
2026-02-23 08:30:16,126 - INFO - Start to get meteo data.
/data00/chenjiajun/20250711/daily_test/jiangsu_power_cronjob_v1/api/io/mysql.py:27: UserWarning: pandas only supports SQLAlchemy connectable (engine/connection) or database string URI or sqlite3 DBAPI2 connection. Other DBAPI2 objects are not tested. Please consider using SQLAlchemy.
  df = pd.read_sql(
2026-02-23 08:30:40,708 - data.py[line:1459] - INFO: Finish getting meteo data.
2026-02-23 08:30:40,708 - INFO - Finish getting meteo data.
2026-02-23 08:30:40,826 - INFO - 样本数量:2880
2026-02-23 08:30:40,826 - INFO - 训练模型: new_energy_wind
2026-02-23 08:30:48,804 - INFO - 保存模型到: /data00/chenjiajun/20250711/daily_test/jiangsu_power_cronjob_v1/local/checkpoints/new_energy_wind-realtime-by_day-noa-unweighted.json
2026-02-23 08:30:48,849 - INFO - 读取模型文件: /data00/chenjiajun/20250711/daily_test/jiangsu_power_cronjob_v1/local/checkpoints/new_energy_wind-realtime-by_day-noa-unweighted.json
2026-02-23 08:30:49,016 - INFO - Finish predicting new_energy_wind
2026-02-23 08:30:49,062 - INFO - 样本数量:2880
2026-02-23 08:30:49,062 - INFO - 训练模型: new_energy_solar
2026-02-23 08:30:50,627 - INFO - 保存模型到: /data00/chenjiajun/20250711/daily_test/jiangsu_power_cronjob_v1/local/checkpoints/new_energy_solar-realtime-by_day-noa-unweighted.json
2026-02-23 08:30:50,654 - INFO - 读取模型文件: /data00/chenjiajun/20250711/daily_test/jiangsu_power_cronjob_v1/local/checkpoints/new_energy_solar-realtime-by_day-noa-unweighted.json
2026-02-23 08:30:50,735 - INFO - Finish predicting new_energy_solar
2026-02-23 08:30:50,764 - INFO - new_energy_wind 预测准确率: 0.979247764092755
2026-02-23 08:30:50,767 - INFO - new_energy_solar 预测准确率: 0.9869400932306166
2026-02-23 08:30:52,810 - INFO - [job] model: xgboost, train: False, labels: ['new_energy_wind', 'new_energy_solar'], date: 2026-02-22~2026-03-06, pipeline: 20260223-083052, meteo_source: HRES
2026-02-23 08:30:52,810 - data.py[line:1445] - INFO: Start to get meteo data.
2026-02-23 08:30:52,810 - INFO - Start to get meteo data.
/data00/chenjiajun/20250711/daily_test/jiangsu_power_cronjob_v1/api/io/mysql.py:27: UserWarning: pandas only supports SQLAlchemy connectable (engine/connection) or database string URI or sqlite3 DBAPI2 connection. Other DBAPI2 objects are not tested. Please consider using SQLAlchemy.
  df = pd.read_sql(
2026-02-23 08:30:56,005 - data.py[line:1459] - INFO: Finish getting meteo data.
2026-02-23 08:30:56,005 - INFO - Finish getting meteo data.
2026-02-23 08:30:56,019 - INFO - 样本数量:288
2026-02-23 08:30:56,019 - INFO - 读取模型文件: /data00/chenjiajun/20250711/daily_test/jiangsu_power_cronjob_v1/local/checkpoints/new_energy_wind-realtime-by_day-noa-unweighted.json
2026-02-23 08:30:57,205 - INFO - Finish predicting new_energy_wind
/data00/chenjiajun/20250711/daily_test/jiangsu_power_cronjob_v1/df_to_mongo.py:196: FutureWarning: DataFrame.interpolate with object dtype is deprecated and will raise in a future version. Call obj.infer_objects(copy=False) before interpolating instead.
  day_resampled = day_group.resample('15min').interpolate(method='linear')
/data00/chenjiajun/20250711/daily_test/jiangsu_power_cronjob_v1/df_to_mongo.py:200: FutureWarning: DataFrame.fillna with 'method' is deprecated and will raise in a future version. Use obj.ffill() or obj.bfill() instead.
  day_full[numeric_cols] = day_full[numeric_cols].interpolate(method='linear').fillna(method='bfill')
/data00/chenjiajun/20250711/daily_test/jiangsu_power_cronjob_v1/df_to_mongo.py:196: FutureWarning: DataFrame.interpolate with object dtype is deprecated and will raise in a future version. Call obj.infer_objects(copy=False) before interpolating instead.
  day_resampled = day_group.resample('15min').interpolate(method='linear')
/data00/chenjiajun/20250711/daily_test/jiangsu_power_cronjob_v1/df_to_mongo.py:200: FutureWarning: DataFrame.fillna with 'method' is deprecated and will raise in a future version. Use obj.ffill() or obj.bfill() instead.
  day_full[numeric_cols] = day_full[numeric_cols].interpolate(method='linear').fillna(method='bfill')
/data00/chenjiajun/20250711/daily_test/jiangsu_power_cronjob_v1/df_to_mongo.py:196: FutureWarning: DataFrame.interpolate with object dtype is deprecated and will raise in a future version. Call obj.infer_objects(copy=False) before interpolating instead.
  day_resampled = day_group.resample('15min').interpolate(method='linear')
/data00/chenjiajun/20250711/daily_test/jiangsu_power_cronjob_v1/df_to_mongo.py:200: FutureWarning: DataFrame.fillna with 'method' is deprecated and will raise in a future version. Use obj.ffill() or obj.bfill() instead.
  day_full[numeric_cols] = day_full[numeric_cols].interpolate(method='linear').fillna(method='bfill')
/data00/chenjiajun/20250711/daily_test/jiangsu_power_cronjob_v1/df_to_mongo.py:196: FutureWarning: DataFrame.interpolate with object dtype is deprecated and will raise in a future version. Call obj.infer_objects(copy=False) before interpolating instead.
  day_resampled = day_group.resample('15min').interpolate(method='linear')
/data00/chenjiajun/20250711/daily_test/jiangsu_power_cronjob_v1/df_to_mongo.py:200: FutureWarning: DataFrame.fillna with 'method' is deprecated and will raise in a future version. Use obj.ffill() or obj.bfill() instead.
  day_full[numeric_cols] = day_full[numeric_cols].interpolate(method='linear').fillna(method='bfill')
/data00/chenjiajun/20250711/daily_test/jiangsu_power_cronjob_v1/df_to_mongo.py:196: FutureWarning: DataFrame.interpolate with object dtype is deprecated and will raise in a future version. Call obj.infer_objects(copy=False) before interpolating instead.
  day_resampled = day_group.resample('15min').interpolate(method='linear')
/data00/chenjiajun/20250711/daily_test/jiangsu_power_cronjob_v1/df_to_mongo.py:200: FutureWarning: DataFrame.fillna with 'method' is deprecated and will raise in a future version. Use obj.ffill() or obj.bfill() instead.
  day_full[numeric_cols] = day_full[numeric_cols].interpolate(method='linear').fillna(method='bfill')
/data00/chenjiajun/20250711/daily_test/jiangsu_power_cronjob_v1/df_to_mongo.py:196: FutureWarning: DataFrame.interpolate with object dtype is deprecated and will raise in a future version. Call obj.infer_objects(copy=False) before interpolating instead.
  day_resampled = day_group.resample('15min').interpolate(method='linear')
/data00/chenjiajun/20250711/daily_test/jiangsu_power_cronjob_v1/df_to_mongo.py:200: FutureWarning: DataFrame.fillna with 'method' is deprecated and will raise in a future version. Use obj.ffill() or obj.bfill() instead.
  day_full[numeric_cols] = day_full[numeric_cols].interpolate(method='linear').fillna(method='bfill')
/data00/chenjiajun/20250711/daily_test/jiangsu_power_cronjob_v1/df_to_mongo.py:196: FutureWarning: DataFrame.interpolate with object dtype is deprecated and will raise in a future version. Call obj.infer_objects(copy=False) before interpolating instead.
  day_resampled = day_group.resample('15min').interpolate(method='linear')
/data00/chenjiajun/20250711/daily_test/jiangsu_power_cronjob_v1/df_to_mongo.py:200: FutureWarning: DataFrame.fillna with 'method' is deprecated and will raise in a future version. Use obj.ffill() or obj.bfill() instead.
  day_full[numeric_cols] = day_full[numeric_cols].interpolate(method='linear').fillna(method='bfill')
/data00/chenjiajun/20250711/daily_test/jiangsu_power_cronjob_v1/df_to_mongo.py:196: FutureWarning: DataFrame.interpolate with object dtype is deprecated and will raise in a future version. Call obj.infer_objects(copy=False) before interpolating instead.
  day_resampled = day_group.resample('15min').interpolate(method='linear')
/data00/chenjiajun/20250711/daily_test/jiangsu_power_cronjob_v1/df_to_mongo.py:200: FutureWarning: DataFrame.fillna with 'method' is deprecated and will raise in a future version. Use obj.ffill() or obj.bfill() instead.
  day_full[numeric_cols] = day_full[numeric_cols].interpolate(method='linear').fillna(method='bfill')
/data00/chenjiajun/20250711/daily_test/jiangsu_power_cronjob_v1/df_to_mongo.py:196: FutureWarning: DataFrame.interpolate with object dtype is deprecated and will raise in a future version. Call obj.infer_objects(copy=False) before interpolating instead.
  day_resampled = day_group.resample('15min').interpolate(method='linear')
/data00/chenjiajun/20250711/daily_test/jiangsu_power_cronjob_v1/df_to_mongo.py:200: FutureWarning: DataFrame.fillna with 'method' is deprecated and will raise in a future version. Use obj.ffill() or obj.bfill() instead.
  day_full[numeric_cols] = day_full[numeric_cols].interpolate(method='linear').fillna(method='bfill')
/data00/chenjiajun/20250711/daily_test/jiangsu_power_cronjob_v1/df_to_mongo.py:196: FutureWarning: DataFrame.interpolate with object dtype is deprecated and will raise in a future version. Call obj.infer_objects(copy=False) before interpolating instead.
  day_resampled = day_group.resample('15min').interpolate(method='linear')
/data00/chenjiajun/20250711/daily_test/jiangsu_power_cronjob_v1/df_to_mongo.py:200: FutureWarning: DataFrame.fillna with 'method' is deprecated and will raise in a future version. Use obj.ffill() or obj.bfill() instead.
  day_full[numeric_cols] = day_full[numeric_cols].interpolate(method='linear').fillna(method='bfill')
/data00/chenjiajun/20250711/daily_test/jiangsu_power_cronjob_v1/df_to_mongo.py:196: FutureWarning: DataFrame.interpolate with object dtype is deprecated and will raise in a future version. Call obj.infer_objects(copy=False) before interpolating instead.
  day_resampled = day_group.resample('15min').interpolate(method='linear')
/data00/chenjiajun/20250711/daily_test/jiangsu_power_cronjob_v1/df_to_mongo.py:200: FutureWarning: DataFrame.fillna with 'method' is deprecated and will raise in a future version. Use obj.ffill() or obj.bfill() instead.
  day_full[numeric_cols] = day_full[numeric_cols].interpolate(method='linear').fillna(method='bfill')
/data00/chenjiajun/20250711/daily_test/jiangsu_power_cronjob_v1/df_to_mongo.py:196: FutureWarning: DataFrame.interpolate with object dtype is deprecated and will raise in a future version. Call obj.infer_objects(copy=False) before interpolating instead.
  day_resampled = day_group.resample('15min').interpolate(method='linear')
/data00/chenjiajun/20250711/daily_test/jiangsu_power_cronjob_v1/df_to_mongo.py:200: FutureWarning: DataFrame.fillna with 'method' is deprecated and will raise in a future version. Use obj.ffill() or obj.bfill() instead.
  day_full[numeric_cols] = day_full[numeric_cols].interpolate(method='linear').fillna(method='bfill')
2026-02-23 08:30:57,654 - INFO - 所有日期处理完成: 原始288条记录 -> 新1152条记录
2026-02-23 08:30:57,657 - INFO - 样本数量:288
2026-02-23 08:30:57,657 - INFO - 读取模型文件: /data00/chenjiajun/20250711/daily_test/jiangsu_power_cronjob_v1/local/checkpoints/new_energy_solar-realtime-by_day-noa-unweighted.json
2026-02-23 08:30:57,771 - INFO - Finish predicting new_energy_solar
/data00/chenjiajun/20250711/daily_test/jiangsu_power_cronjob_v1/df_to_mongo.py:196: FutureWarning: DataFrame.interpolate with object dtype is deprecated and will raise in a future version. Call obj.infer_objects(copy=False) before interpolating instead.
  day_resampled = day_group.resample('15min').interpolate(method='linear')
/data00/chenjiajun/20250711/daily_test/jiangsu_power_cronjob_v1/df_to_mongo.py:200: FutureWarning: DataFrame.fillna with 'method' is deprecated and will raise in a future version. Use obj.ffill() or obj.bfill() instead.
  day_full[numeric_cols] = day_full[numeric_cols].interpolate(method='linear').fillna(method='bfill')
/data00/chenjiajun/20250711/daily_test/jiangsu_power_cronjob_v1/df_to_mongo.py:196: FutureWarning: DataFrame.interpolate with object dtype is deprecated and will raise in a future version. Call obj.infer_objects(copy=False) before interpolating instead.
  day_resampled = day_group.resample('15min').interpolate(method='linear')
/data00/chenjiajun/20250711/daily_test/jiangsu_power_cronjob_v1/df_to_mongo.py:200: FutureWarning: DataFrame.fillna with 'method' is deprecated and will raise in a future version. Use obj.ffill() or obj.bfill() instead.
  day_full[numeric_cols] = day_full[numeric_cols].interpolate(method='linear').fillna(method='bfill')
/data00/chenjiajun/20250711/daily_test/jiangsu_power_cronjob_v1/df_to_mongo.py:196: FutureWarning: DataFrame.interpolate with object dtype is deprecated and will raise in a future version. Call obj.infer_objects(copy=False) before interpolating instead.
  day_resampled = day_group.resample('15min').interpolate(method='linear')
/data00/chenjiajun/20250711/daily_test/jiangsu_power_cronjob_v1/df_to_mongo.py:200: FutureWarning: DataFrame.fillna with 'method' is deprecated and will raise in a future version. Use obj.ffill() or obj.bfill() instead.
  day_full[numeric_cols] = day_full[numeric_cols].interpolate(method='linear').fillna(method='bfill')
/data00/chenjiajun/20250711/daily_test/jiangsu_power_cronjob_v1/df_to_mongo.py:196: FutureWarning: DataFrame.interpolate with object dtype is deprecated and will raise in a future version. Call obj.infer_objects(copy=False) before interpolating instead.
  day_resampled = day_group.resample('15min').interpolate(method='linear')
/data00/chenjiajun/20250711/daily_test/jiangsu_power_cronjob_v1/df_to_mongo.py:200: FutureWarning: DataFrame.fillna with 'method' is deprecated and will raise in a future version. Use obj.ffill() or obj.bfill() instead.
  day_full[numeric_cols] = day_full[numeric_cols].interpolate(method='linear').fillna(method='bfill')
/data00/chenjiajun/20250711/daily_test/jiangsu_power_cronjob_v1/df_to_mongo.py:196: FutureWarning: DataFrame.interpolate with object dtype is deprecated and will raise in a future version. Call obj.infer_objects(copy=False) before interpolating instead.
  day_resampled = day_group.resample('15min').interpolate(method='linear')
/data00/chenjiajun/20250711/daily_test/jiangsu_power_cronjob_v1/df_to_mongo.py:200: FutureWarning: DataFrame.fillna with 'method' is deprecated and will raise in a future version. Use obj.ffill() or obj.bfill() instead.
  day_full[numeric_cols] = day_full[numeric_cols].interpolate(method='linear').fillna(method='bfill')
/data00/chenjiajun/20250711/daily_test/jiangsu_power_cronjob_v1/df_to_mongo.py:196: FutureWarning: DataFrame.interpolate with object dtype is deprecated and will raise in a future version. Call obj.infer_objects(copy=False) before interpolating instead.
  day_resampled = day_group.resample('15min').interpolate(method='linear')
/data00/chenjiajun/20250711/daily_test/jiangsu_power_cronjob_v1/df_to_mongo.py:200: FutureWarning: DataFrame.fillna with 'method' is deprecated and will raise in a future version. Use obj.ffill() or obj.bfill() instead.
  day_full[numeric_cols] = day_full[numeric_cols].interpolate(method='linear').fillna(method='bfill')
/data00/chenjiajun/20250711/daily_test/jiangsu_power_cronjob_v1/df_to_mongo.py:196: FutureWarning: DataFrame.interpolate with object dtype is deprecated and will raise in a future version. Call obj.infer_objects(copy=False) before interpolating instead.
  day_resampled = day_group.resample('15min').interpolate(method='linear')
/data00/chenjiajun/20250711/daily_test/jiangsu_power_cronjob_v1/df_to_mongo.py:200: FutureWarning: DataFrame.fillna with 'method' is deprecated and will raise in a future version. Use obj.ffill() or obj.bfill() instead.
  day_full[numeric_cols] = day_full[numeric_cols].interpolate(method='linear').fillna(method='bfill')
/data00/chenjiajun/20250711/daily_test/jiangsu_power_cronjob_v1/df_to_mongo.py:196: FutureWarning: DataFrame.interpolate with object dtype is deprecated and will raise in a future version. Call obj.infer_objects(copy=False) before interpolating instead.
  day_resampled = day_group.resample('15min').interpolate(method='linear')
/data00/chenjiajun/20250711/daily_test/jiangsu_power_cronjob_v1/df_to_mongo.py:200: FutureWarning: DataFrame.fillna with 'method' is deprecated and will raise in a future version. Use obj.ffill() or obj.bfill() instead.
  day_full[numeric_cols] = day_full[numeric_cols].interpolate(method='linear').fillna(method='bfill')
/data00/chenjiajun/20250711/daily_test/jiangsu_power_cronjob_v1/df_to_mongo.py:196: FutureWarning: DataFrame.interpolate with object dtype is deprecated and will raise in a future version. Call obj.infer_objects(copy=False) before interpolating instead.
  day_resampled = day_group.resample('15min').interpolate(method='linear')
/data00/chenjiajun/20250711/daily_test/jiangsu_power_cronjob_v1/df_to_mongo.py:200: FutureWarning: DataFrame.fillna with 'method' is deprecated and will raise in a future version. Use obj.ffill() or obj.bfill() instead.
  day_full[numeric_cols] = day_full[numeric_cols].interpolate(method='linear').fillna(method='bfill')
/data00/chenjiajun/20250711/daily_test/jiangsu_power_cronjob_v1/df_to_mongo.py:196: FutureWarning: DataFrame.interpolate with object dtype is deprecated and will raise in a future version. Call obj.infer_objects(copy=False) before interpolating instead.
  day_resampled = day_group.resample('15min').interpolate(method='linear')
/data00/chenjiajun/20250711/daily_test/jiangsu_power_cronjob_v1/df_to_mongo.py:200: FutureWarning: DataFrame.fillna with 'method' is deprecated and will raise in a future version. Use obj.ffill() or obj.bfill() instead.
  day_full[numeric_cols] = day_full[numeric_cols].interpolate(method='linear').fillna(method='bfill')
/data00/chenjiajun/20250711/daily_test/jiangsu_power_cronjob_v1/df_to_mongo.py:196: FutureWarning: DataFrame.interpolate with object dtype is deprecated and will raise in a future version. Call obj.infer_objects(copy=False) before interpolating instead.
  day_resampled = day_group.resample('15min').interpolate(method='linear')
/data00/chenjiajun/20250711/daily_test/jiangsu_power_cronjob_v1/df_to_mongo.py:200: FutureWarning: DataFrame.fillna with 'method' is deprecated and will raise in a future version. Use obj.ffill() or obj.bfill() instead.
  day_full[numeric_cols] = day_full[numeric_cols].interpolate(method='linear').fillna(method='bfill')
/data00/chenjiajun/20250711/daily_test/jiangsu_power_cronjob_v1/df_to_mongo.py:196: FutureWarning: DataFrame.interpolate with object dtype is deprecated and will raise in a future version. Call obj.infer_objects(copy=False) before interpolating instead.
  day_resampled = day_group.resample('15min').interpolate(method='linear')
/data00/chenjiajun/20250711/daily_test/jiangsu_power_cronjob_v1/df_to_mongo.py:200: FutureWarning: DataFrame.fillna with 'method' is deprecated and will raise in a future version. Use obj.ffill() or obj.bfill() instead.
  day_full[numeric_cols] = day_full[numeric_cols].interpolate(method='linear').fillna(method='bfill')
2026-02-23 08:30:57,976 - INFO - 所有日期处理完成: 原始288条记录 -> 新1152条记录
2026-02-23 08:30:58,246 - INFO - 成功连接到MongoDB
2026-02-23 08:39:58,795 - INFO - 处理完成 - 成功: 1056 条, 失败: 0 条
               date_time create_time  ... version_date  version_time
0    2026-02-23 00:00:00  2026-02-23  ...   2026-02-22      20:00:00
1    2026-02-23 00:15:00  2026-02-23  ...   2026-02-22      20:00:00
2    2026-02-23 00:30:00  2026-02-23  ...   2026-02-22      20:00:00
3    2026-02-23 00:45:00  2026-02-23  ...   2026-02-22      20:00:00
4    2026-02-23 01:00:00  2026-02-23  ...   2026-02-22      20:00:00
...                  ...         ...  ...          ...           ...
1051 2026-03-05 22:45:00  2026-02-23  ...   2026-02-22      20:00:00
1052 2026-03-05 23:00:00  2026-02-23  ...   2026-02-22      20:00:00
1053 2026-03-05 23:15:00  2026-02-23  ...   2026-02-22      20:00:00
1054 2026-03-05 23:30:00  2026-02-23  ...   2026-02-22      20:00:00
1055 2026-03-05 23:45:00  2026-02-23  ...   2026-02-22      20:00:00

[1056 rows x 11 columns]
Current working directory: /data00/chenjiajun/20250711/daily_test/jiangsu_power_cronjob_v1
2026-02-24 08:30:04,129 - INFO - [job] model: xgboost, train: True, labels: ['new_energy_wind', 'new_energy_solar'], date: 2025-10-20~2026-02-17, pipeline: 20260224-083004, meteo_source: HRES
2026-02-24 08:30:04,130 - data.py[line:1416] - INFO: Start to get ahead data.
2026-02-24 08:30:04,130 - INFO - Start to get ahead data.
2026-02-24 08:30:04,131 - data.py[line:1425] - INFO: Finish getting ahead data.
2026-02-24 08:30:04,131 - INFO - Finish getting ahead data.
2026-02-24 08:30:04,131 - data.py[line:1428] - INFO: Start to get realtime data.
2026-02-24 08:30:04,131 - INFO - Start to get realtime data.
2026-02-24 08:30:14,846 - data.py[line:1439] - INFO: Finish getting realtime data.
2026-02-24 08:30:14,846 - INFO - Finish getting realtime data.
2026-02-24 08:30:14,849 - data.py[line:1445] - INFO: Start to get meteo data.
2026-02-24 08:30:14,849 - INFO - Start to get meteo data.
/data00/chenjiajun/20250711/daily_test/jiangsu_power_cronjob_v1/api/io/mysql.py:27: UserWarning: pandas only supports SQLAlchemy connectable (engine/connection) or database string URI or sqlite3 DBAPI2 connection. Other DBAPI2 objects are not tested. Please consider using SQLAlchemy.
  df = pd.read_sql(
2026-02-24 08:30:31,712 - data.py[line:1459] - INFO: Finish getting meteo data.
2026-02-24 08:30:31,712 - INFO - Finish getting meteo data.
2026-02-24 08:30:31,813 - INFO - 样本数量:2880
2026-02-24 08:30:31,814 - INFO - 训练模型: new_energy_wind
2026-02-24 08:30:39,806 - INFO - 保存模型到: /data00/chenjiajun/20250711/daily_test/jiangsu_power_cronjob_v1/local/checkpoints/new_energy_wind-realtime-by_day-noa-unweighted.json
2026-02-24 08:30:39,855 - INFO - 读取模型文件: /data00/chenjiajun/20250711/daily_test/jiangsu_power_cronjob_v1/local/checkpoints/new_energy_wind-realtime-by_day-noa-unweighted.json
2026-02-24 08:30:40,042 - INFO - Finish predicting new_energy_wind
2026-02-24 08:30:40,087 - INFO - 样本数量:2880
2026-02-24 08:30:40,087 - INFO - 训练模型: new_energy_solar
2026-02-24 08:30:41,754 - INFO - 保存模型到: /data00/chenjiajun/20250711/daily_test/jiangsu_power_cronjob_v1/local/checkpoints/new_energy_solar-realtime-by_day-noa-unweighted.json
2026-02-24 08:30:41,781 - INFO - 读取模型文件: /data00/chenjiajun/20250711/daily_test/jiangsu_power_cronjob_v1/local/checkpoints/new_energy_solar-realtime-by_day-noa-unweighted.json
2026-02-24 08:30:41,889 - INFO - Finish predicting new_energy_solar
2026-02-24 08:30:41,932 - INFO - new_energy_wind 预测准确率: 0.9793534427801815
2026-02-24 08:30:41,935 - INFO - new_energy_solar 预测准确率: 0.9861819545861372
2026-02-24 08:30:44,058 - INFO - [job] model: xgboost, train: False, labels: ['new_energy_wind', 'new_energy_solar'], date: 2026-02-23~2026-03-07, pipeline: 20260224-083044, meteo_source: HRES
2026-02-24 08:30:44,059 - data.py[line:1445] - INFO: Start to get meteo data.
2026-02-24 08:30:44,059 - INFO - Start to get meteo data.
/data00/chenjiajun/20250711/daily_test/jiangsu_power_cronjob_v1/api/io/mysql.py:27: UserWarning: pandas only supports SQLAlchemy connectable (engine/connection) or database string URI or sqlite3 DBAPI2 connection. Other DBAPI2 objects are not tested. Please consider using SQLAlchemy.
  df = pd.read_sql(
2026-02-24 08:30:46,804 - data.py[line:1459] - INFO: Finish getting meteo data.
2026-02-24 08:30:46,804 - INFO - Finish getting meteo data.
2026-02-24 08:30:46,817 - INFO - 样本数量:288
2026-02-24 08:30:46,817 - INFO - 读取模型文件: /data00/chenjiajun/20250711/daily_test/jiangsu_power_cronjob_v1/local/checkpoints/new_energy_wind-realtime-by_day-noa-unweighted.json
2026-02-24 08:30:47,999 - INFO - Finish predicting new_energy_wind
/data00/chenjiajun/20250711/daily_test/jiangsu_power_cronjob_v1/df_to_mongo.py:196: FutureWarning: DataFrame.interpolate with object dtype is deprecated and will raise in a future version. Call obj.infer_objects(copy=False) before interpolating instead.
  day_resampled = day_group.resample('15min').interpolate(method='linear')
/data00/chenjiajun/20250711/daily_test/jiangsu_power_cronjob_v1/df_to_mongo.py:200: FutureWarning: DataFrame.fillna with 'method' is deprecated and will raise in a future version. Use obj.ffill() or obj.bfill() instead.
  day_full[numeric_cols] = day_full[numeric_cols].interpolate(method='linear').fillna(method='bfill')
/data00/chenjiajun/20250711/daily_test/jiangsu_power_cronjob_v1/df_to_mongo.py:196: FutureWarning: DataFrame.interpolate with object dtype is deprecated and will raise in a future version. Call obj.infer_objects(copy=False) before interpolating instead.
  day_resampled = day_group.resample('15min').interpolate(method='linear')
/data00/chenjiajun/20250711/daily_test/jiangsu_power_cronjob_v1/df_to_mongo.py:200: FutureWarning: DataFrame.fillna with 'method' is deprecated and will raise in a future version. Use obj.ffill() or obj.bfill() instead.
  day_full[numeric_cols] = day_full[numeric_cols].interpolate(method='linear').fillna(method='bfill')
/data00/chenjiajun/20250711/daily_test/jiangsu_power_cronjob_v1/df_to_mongo.py:196: FutureWarning: DataFrame.interpolate with object dtype is deprecated and will raise in a future version. Call obj.infer_objects(copy=False) before interpolating instead.
  day_resampled = day_group.resample('15min').interpolate(method='linear')
/data00/chenjiajun/20250711/daily_test/jiangsu_power_cronjob_v1/df_to_mongo.py:200: FutureWarning: DataFrame.fillna with 'method' is deprecated and will raise in a future version. Use obj.ffill() or obj.bfill() instead.
  day_full[numeric_cols] = day_full[numeric_cols].interpolate(method='linear').fillna(method='bfill')
/data00/chenjiajun/20250711/daily_test/jiangsu_power_cronjob_v1/df_to_mongo.py:196: FutureWarning: DataFrame.interpolate with object dtype is deprecated and will raise in a future version. Call obj.infer_objects(copy=False) before interpolating instead.
  day_resampled = day_group.resample('15min').interpolate(method='linear')
/data00/chenjiajun/20250711/daily_test/jiangsu_power_cronjob_v1/df_to_mongo.py:200: FutureWarning: DataFrame.fillna with 'method' is deprecated and will raise in a future version. Use obj.ffill() or obj.bfill() instead.
  day_full[numeric_cols] = day_full[numeric_cols].interpolate(method='linear').fillna(method='bfill')
/data00/chenjiajun/20250711/daily_test/jiangsu_power_cronjob_v1/df_to_mongo.py:196: FutureWarning: DataFrame.interpolate with object dtype is deprecated and will raise in a future version. Call obj.infer_objects(copy=False) before interpolating instead.
  day_resampled = day_group.resample('15min').interpolate(method='linear')
/data00/chenjiajun/20250711/daily_test/jiangsu_power_cronjob_v1/df_to_mongo.py:200: FutureWarning: DataFrame.fillna with 'method' is deprecated and will raise in a future version. Use obj.ffill() or obj.bfill() instead.
  day_full[numeric_cols] = day_full[numeric_cols].interpolate(method='linear').fillna(method='bfill')
/data00/chenjiajun/20250711/daily_test/jiangsu_power_cronjob_v1/df_to_mongo.py:196: FutureWarning: DataFrame.interpolate with object dtype is deprecated and will raise in a future version. Call obj.infer_objects(copy=False) before interpolating instead.
  day_resampled = day_group.resample('15min').interpolate(method='linear')
/data00/chenjiajun/20250711/daily_test/jiangsu_power_cronjob_v1/df_to_mongo.py:200: FutureWarning: DataFrame.fillna with 'method' is deprecated and will raise in a future version. Use obj.ffill() or obj.bfill() instead.
  day_full[numeric_cols] = day_full[numeric_cols].interpolate(method='linear').fillna(method='bfill')
/data00/chenjiajun/20250711/daily_test/jiangsu_power_cronjob_v1/df_to_mongo.py:196: FutureWarning: DataFrame.interpolate with object dtype is deprecated and will raise in a future version. Call obj.infer_objects(copy=False) before interpolating instead.
  day_resampled = day_group.resample('15min').interpolate(method='linear')
/data00/chenjiajun/20250711/daily_test/jiangsu_power_cronjob_v1/df_to_mongo.py:200: FutureWarning: DataFrame.fillna with 'method' is deprecated and will raise in a future version. Use obj.ffill() or obj.bfill() instead.
  day_full[numeric_cols] = day_full[numeric_cols].interpolate(method='linear').fillna(method='bfill')
/data00/chenjiajun/20250711/daily_test/jiangsu_power_cronjob_v1/df_to_mongo.py:196: FutureWarning: DataFrame.interpolate with object dtype is deprecated and will raise in a future version. Call obj.infer_objects(copy=False) before interpolating instead.
  day_resampled = day_group.resample('15min').interpolate(method='linear')
/data00/chenjiajun/20250711/daily_test/jiangsu_power_cronjob_v1/df_to_mongo.py:200: FutureWarning: DataFrame.fillna with 'method' is deprecated and will raise in a future version. Use obj.ffill() or obj.bfill() instead.
  day_full[numeric_cols] = day_full[numeric_cols].interpolate(method='linear').fillna(method='bfill')
/data00/chenjiajun/20250711/daily_test/jiangsu_power_cronjob_v1/df_to_mongo.py:196: FutureWarning: DataFrame.interpolate with object dtype is deprecated and will raise in a future version. Call obj.infer_objects(copy=False) before interpolating instead.
  day_resampled = day_group.resample('15min').interpolate(method='linear')
/data00/chenjiajun/20250711/daily_test/jiangsu_power_cronjob_v1/df_to_mongo.py:200: FutureWarning: DataFrame.fillna with 'method' is deprecated and will raise in a future version. Use obj.ffill() or obj.bfill() instead.
  day_full[numeric_cols] = day_full[numeric_cols].interpolate(method='linear').fillna(method='bfill')
/data00/chenjiajun/20250711/daily_test/jiangsu_power_cronjob_v1/df_to_mongo.py:196: FutureWarning: DataFrame.interpolate with object dtype is deprecated and will raise in a future version. Call obj.infer_objects(copy=False) before interpolating instead.
  day_resampled = day_group.resample('15min').interpolate(method='linear')
/data00/chenjiajun/20250711/daily_test/jiangsu_power_cronjob_v1/df_to_mongo.py:200: FutureWarning: DataFrame.fillna with 'method' is deprecated and will raise in a future version. Use obj.ffill() or obj.bfill() instead.
  day_full[numeric_cols] = day_full[numeric_cols].interpolate(method='linear').fillna(method='bfill')
/data00/chenjiajun/20250711/daily_test/jiangsu_power_cronjob_v1/df_to_mongo.py:196: FutureWarning: DataFrame.interpolate with object dtype is deprecated and will raise in a future version. Call obj.infer_objects(copy=False) before interpolating instead.
  day_resampled = day_group.resample('15min').interpolate(method='linear')
/data00/chenjiajun/20250711/daily_test/jiangsu_power_cronjob_v1/df_to_mongo.py:200: FutureWarning: DataFrame.fillna with 'method' is deprecated and will raise in a future version. Use obj.ffill() or obj.bfill() instead.
  day_full[numeric_cols] = day_full[numeric_cols].interpolate(method='linear').fillna(method='bfill')
/data00/chenjiajun/20250711/daily_test/jiangsu_power_cronjob_v1/df_to_mongo.py:196: FutureWarning: DataFrame.interpolate with object dtype is deprecated and will raise in a future version. Call obj.infer_objects(copy=False) before interpolating instead.
  day_resampled = day_group.resample('15min').interpolate(method='linear')
/data00/chenjiajun/20250711/daily_test/jiangsu_power_cronjob_v1/df_to_mongo.py:200: FutureWarning: DataFrame.fillna with 'method' is deprecated and will raise in a future version. Use obj.ffill() or obj.bfill() instead.
  day_full[numeric_cols] = day_full[numeric_cols].interpolate(method='linear').fillna(method='bfill')
2026-02-24 08:30:48,568 - INFO - 所有日期处理完成: 原始288条记录 -> 新1152条记录
2026-02-24 08:30:48,571 - INFO - 样本数量:288
2026-02-24 08:30:48,571 - INFO - 读取模型文件: /data00/chenjiajun/20250711/daily_test/jiangsu_power_cronjob_v1/local/checkpoints/new_energy_solar-realtime-by_day-noa-unweighted.json
2026-02-24 08:30:48,688 - INFO - Finish predicting new_energy_solar
/data00/chenjiajun/20250711/daily_test/jiangsu_power_cronjob_v1/df_to_mongo.py:196: FutureWarning: DataFrame.interpolate with object dtype is deprecated and will raise in a future version. Call obj.infer_objects(copy=False) before interpolating instead.
  day_resampled = day_group.resample('15min').interpolate(method='linear')
/data00/chenjiajun/20250711/daily_test/jiangsu_power_cronjob_v1/df_to_mongo.py:200: FutureWarning: DataFrame.fillna with 'method' is deprecated and will raise in a future version. Use obj.ffill() or obj.bfill() instead.
  day_full[numeric_cols] = day_full[numeric_cols].interpolate(method='linear').fillna(method='bfill')
/data00/chenjiajun/20250711/daily_test/jiangsu_power_cronjob_v1/df_to_mongo.py:196: FutureWarning: DataFrame.interpolate with object dtype is deprecated and will raise in a future version. Call obj.infer_objects(copy=False) before interpolating instead.
  day_resampled = day_group.resample('15min').interpolate(method='linear')
/data00/chenjiajun/20250711/daily_test/jiangsu_power_cronjob_v1/df_to_mongo.py:200: FutureWarning: DataFrame.fillna with 'method' is deprecated and will raise in a future version. Use obj.ffill() or obj.bfill() instead.
  day_full[numeric_cols] = day_full[numeric_cols].interpolate(method='linear').fillna(method='bfill')
/data00/chenjiajun/20250711/daily_test/jiangsu_power_cronjob_v1/df_to_mongo.py:196: FutureWarning: DataFrame.interpolate with object dtype is deprecated and will raise in a future version. Call obj.infer_objects(copy=False) before interpolating instead.
  day_resampled = day_group.resample('15min').interpolate(method='linear')
/data00/chenjiajun/20250711/daily_test/jiangsu_power_cronjob_v1/df_to_mongo.py:200: FutureWarning: DataFrame.fillna with 'method' is deprecated and will raise in a future version. Use obj.ffill() or obj.bfill() instead.
  day_full[numeric_cols] = day_full[numeric_cols].interpolate(method='linear').fillna(method='bfill')
/data00/chenjiajun/20250711/daily_test/jiangsu_power_cronjob_v1/df_to_mongo.py:196: FutureWarning: DataFrame.interpolate with object dtype is deprecated and will raise in a future version. Call obj.infer_objects(copy=False) before interpolating instead.
  day_resampled = day_group.resample('15min').interpolate(method='linear')
/data00/chenjiajun/20250711/daily_test/jiangsu_power_cronjob_v1/df_to_mongo.py:200: FutureWarning: DataFrame.fillna with 'method' is deprecated and will raise in a future version. Use obj.ffill() or obj.bfill() instead.
  day_full[numeric_cols] = day_full[numeric_cols].interpolate(method='linear').fillna(method='bfill')
/data00/chenjiajun/20250711/daily_test/jiangsu_power_cronjob_v1/df_to_mongo.py:196: FutureWarning: DataFrame.interpolate with object dtype is deprecated and will raise in a future version. Call obj.infer_objects(copy=False) before interpolating instead.
  day_resampled = day_group.resample('15min').interpolate(method='linear')
/data00/chenjiajun/20250711/daily_test/jiangsu_power_cronjob_v1/df_to_mongo.py:200: FutureWarning: DataFrame.fillna with 'method' is deprecated and will raise in a future version. Use obj.ffill() or obj.bfill() instead.
  day_full[numeric_cols] = day_full[numeric_cols].interpolate(method='linear').fillna(method='bfill')
/data00/chenjiajun/20250711/daily_test/jiangsu_power_cronjob_v1/df_to_mongo.py:196: FutureWarning: DataFrame.interpolate with object dtype is deprecated and will raise in a future version. Call obj.infer_objects(copy=False) before interpolating instead.
  day_resampled = day_group.resample('15min').interpolate(method='linear')
/data00/chenjiajun/20250711/daily_test/jiangsu_power_cronjob_v1/df_to_mongo.py:200: FutureWarning: DataFrame.fillna with 'method' is deprecated and will raise in a future version. Use obj.ffill() or obj.bfill() instead.
  day_full[numeric_cols] = day_full[numeric_cols].interpolate(method='linear').fillna(method='bfill')
/data00/chenjiajun/20250711/daily_test/jiangsu_power_cronjob_v1/df_to_mongo.py:196: FutureWarning: DataFrame.interpolate with object dtype is deprecated and will raise in a future version. Call obj.infer_objects(copy=False) before interpolating instead.
  day_resampled = day_group.resample('15min').interpolate(method='linear')
/data00/chenjiajun/20250711/daily_test/jiangsu_power_cronjob_v1/df_to_mongo.py:200: FutureWarning: DataFrame.fillna with 'method' is deprecated and will raise in a future version. Use obj.ffill() or obj.bfill() instead.
  day_full[numeric_cols] = day_full[numeric_cols].interpolate(method='linear').fillna(method='bfill')
/data00/chenjiajun/20250711/daily_test/jiangsu_power_cronjob_v1/df_to_mongo.py:196: FutureWarning: DataFrame.interpolate with object dtype is deprecated and will raise in a future version. Call obj.infer_objects(copy=False) before interpolating instead.
  day_resampled = day_group.resample('15min').interpolate(method='linear')
/data00/chenjiajun/20250711/daily_test/jiangsu_power_cronjob_v1/df_to_mongo.py:200: FutureWarning: DataFrame.fillna with 'method' is deprecated and will raise in a future version. Use obj.ffill() or obj.bfill() instead.
  day_full[numeric_cols] = day_full[numeric_cols].interpolate(method='linear').fillna(method='bfill')
/data00/chenjiajun/20250711/daily_test/jiangsu_power_cronjob_v1/df_to_mongo.py:196: FutureWarning: DataFrame.interpolate with object dtype is deprecated and will raise in a future version. Call obj.infer_objects(copy=False) before interpolating instead.
  day_resampled = day_group.resample('15min').interpolate(method='linear')
/data00/chenjiajun/20250711/daily_test/jiangsu_power_cronjob_v1/df_to_mongo.py:200: FutureWarning: DataFrame.fillna with 'method' is deprecated and will raise in a future version. Use obj.ffill() or obj.bfill() instead.
  day_full[numeric_cols] = day_full[numeric_cols].interpolate(method='linear').fillna(method='bfill')
/data00/chenjiajun/20250711/daily_test/jiangsu_power_cronjob_v1/df_to_mongo.py:196: FutureWarning: DataFrame.interpolate with object dtype is deprecated and will raise in a future version. Call obj.infer_objects(copy=False) before interpolating instead.
  day_resampled = day_group.resample('15min').interpolate(method='linear')
/data00/chenjiajun/20250711/daily_test/jiangsu_power_cronjob_v1/df_to_mongo.py:200: FutureWarning: DataFrame.fillna with 'method' is deprecated and will raise in a future version. Use obj.ffill() or obj.bfill() instead.
  day_full[numeric_cols] = day_full[numeric_cols].interpolate(method='linear').fillna(method='bfill')
/data00/chenjiajun/20250711/daily_test/jiangsu_power_cronjob_v1/df_to_mongo.py:196: FutureWarning: DataFrame.interpolate with object dtype is deprecated and will raise in a future version. Call obj.infer_objects(copy=False) before interpolating instead.
  day_resampled = day_group.resample('15min').interpolate(method='linear')
/data00/chenjiajun/20250711/daily_test/jiangsu_power_cronjob_v1/df_to_mongo.py:200: FutureWarning: DataFrame.fillna with 'method' is deprecated and will raise in a future version. Use obj.ffill() or obj.bfill() instead.
  day_full[numeric_cols] = day_full[numeric_cols].interpolate(method='linear').fillna(method='bfill')
/data00/chenjiajun/20250711/daily_test/jiangsu_power_cronjob_v1/df_to_mongo.py:196: FutureWarning: DataFrame.interpolate with object dtype is deprecated and will raise in a future version. Call obj.infer_objects(copy=False) before interpolating instead.
  day_resampled = day_group.resample('15min').interpolate(method='linear')
/data00/chenjiajun/20250711/daily_test/jiangsu_power_cronjob_v1/df_to_mongo.py:200: FutureWarning: DataFrame.fillna with 'method' is deprecated and will raise in a future version. Use obj.ffill() or obj.bfill() instead.
  day_full[numeric_cols] = day_full[numeric_cols].interpolate(method='linear').fillna(method='bfill')
2026-02-24 08:30:48,891 - INFO - 所有日期处理完成: 原始288条记录 -> 新1152条记录
2026-02-24 08:30:49,134 - INFO - 成功连接到MongoDB
2026-02-24 08:39:10,763 - INFO - 处理完成 - 成功: 1056 条, 失败: 0 条
               date_time create_time  ... version_date  version_time
0    2026-02-24 00:00:00  2026-02-24  ...   2026-02-23      20:00:00
1    2026-02-24 00:15:00  2026-02-24  ...   2026-02-23      20:00:00
2    2026-02-24 00:30:00  2026-02-24  ...   2026-02-23      20:00:00
3    2026-02-24 00:45:00  2026-02-24  ...   2026-02-23      20:00:00
4    2026-02-24 01:00:00  2026-02-24  ...   2026-02-23      20:00:00
...                  ...         ...  ...          ...           ...
1051 2026-03-06 22:45:00  2026-02-24  ...   2026-02-23      20:00:00
1052 2026-03-06 23:00:00  2026-02-24  ...   2026-02-23      20:00:00
1053 2026-03-06 23:15:00  2026-02-24  ...   2026-02-23      20:00:00
1054 2026-03-06 23:30:00  2026-02-24  ...   2026-02-23      20:00:00
1055 2026-03-06 23:45:00  2026-02-24  ...   2026-02-23      20:00:00

[1056 rows x 11 columns]
Current working directory: /data00/chenjiajun/20250711/daily_test/jiangsu_power_cronjob_v1
2026-02-25 08:30:03,453 - INFO - [job] model: xgboost, train: True, labels: ['new_energy_wind', 'new_energy_solar'], date: 2025-10-21~2026-02-18, pipeline: 20260225-083003, meteo_source: HRES
2026-02-25 08:30:03,455 - data.py[line:1416] - INFO: Start to get ahead data.
2026-02-25 08:30:03,455 - INFO - Start to get ahead data.
2026-02-25 08:30:03,455 - data.py[line:1425] - INFO: Finish getting ahead data.
2026-02-25 08:30:03,455 - INFO - Finish getting ahead data.
2026-02-25 08:30:03,455 - data.py[line:1428] - INFO: Start to get realtime data.
2026-02-25 08:30:03,455 - INFO - Start to get realtime data.
2026-02-25 08:30:12,831 - data.py[line:1439] - INFO: Finish getting realtime data.
2026-02-25 08:30:12,831 - INFO - Finish getting realtime data.
2026-02-25 08:30:12,833 - data.py[line:1445] - INFO: Start to get meteo data.
2026-02-25 08:30:12,833 - INFO - Start to get meteo data.
/data00/chenjiajun/20250711/daily_test/jiangsu_power_cronjob_v1/api/io/mysql.py:27: UserWarning: pandas only supports SQLAlchemy connectable (engine/connection) or database string URI or sqlite3 DBAPI2 connection. Other DBAPI2 objects are not tested. Please consider using SQLAlchemy.
  df = pd.read_sql(
2026-02-25 08:30:26,358 - data.py[line:1459] - INFO: Finish getting meteo data.
2026-02-25 08:30:26,358 - INFO - Finish getting meteo data.
2026-02-25 08:30:26,470 - INFO - 样本数量:2880
2026-02-25 08:30:26,471 - INFO - 训练模型: new_energy_wind
2026-02-25 08:30:32,526 - INFO - 保存模型到: /data00/chenjiajun/20250711/daily_test/jiangsu_power_cronjob_v1/local/checkpoints/new_energy_wind-realtime-by_day-noa-unweighted.json
2026-02-25 08:30:32,572 - INFO - 读取模型文件: /data00/chenjiajun/20250711/daily_test/jiangsu_power_cronjob_v1/local/checkpoints/new_energy_wind-realtime-by_day-noa-unweighted.json
2026-02-25 08:30:32,709 - INFO - Finish predicting new_energy_wind
2026-02-25 08:30:32,748 - INFO - 样本数量:2880
2026-02-25 08:30:32,748 - INFO - 训练模型: new_energy_solar
2026-02-25 08:30:34,560 - INFO - 保存模型到: /data00/chenjiajun/20250711/daily_test/jiangsu_power_cronjob_v1/local/checkpoints/new_energy_solar-realtime-by_day-noa-unweighted.json
2026-02-25 08:30:34,586 - INFO - 读取模型文件: /data00/chenjiajun/20250711/daily_test/jiangsu_power_cronjob_v1/local/checkpoints/new_energy_solar-realtime-by_day-noa-unweighted.json
2026-02-25 08:30:34,680 - INFO - Finish predicting new_energy_solar
2026-02-25 08:30:34,709 - INFO - new_energy_wind 预测准确率: 0.9795032649397696
2026-02-25 08:30:34,712 - INFO - new_energy_solar 预测准确率: 0.985660334003022
2026-02-25 08:30:36,803 - INFO - [job] model: xgboost, train: False, labels: ['new_energy_wind', 'new_energy_solar'], date: 2026-02-24~2026-03-08, pipeline: 20260225-083036, meteo_source: HRES
2026-02-25 08:30:36,804 - data.py[line:1445] - INFO: Start to get meteo data.
2026-02-25 08:30:36,804 - INFO - Start to get meteo data.
/data00/chenjiajun/20250711/daily_test/jiangsu_power_cronjob_v1/api/io/mysql.py:27: UserWarning: pandas only supports SQLAlchemy connectable (engine/connection) or database string URI or sqlite3 DBAPI2 connection. Other DBAPI2 objects are not tested. Please consider using SQLAlchemy.
  df = pd.read_sql(
2026-02-25 08:30:39,156 - data.py[line:1459] - INFO: Finish getting meteo data.
2026-02-25 08:30:39,156 - INFO - Finish getting meteo data.
2026-02-25 08:30:39,168 - INFO - 样本数量:288
2026-02-25 08:30:39,168 - INFO - 读取模型文件: /data00/chenjiajun/20250711/daily_test/jiangsu_power_cronjob_v1/local/checkpoints/new_energy_wind-realtime-by_day-noa-unweighted.json
2026-02-25 08:30:40,280 - INFO - Finish predicting new_energy_wind
/data00/chenjiajun/20250711/daily_test/jiangsu_power_cronjob_v1/df_to_mongo.py:196: FutureWarning: DataFrame.interpolate with object dtype is deprecated and will raise in a future version. Call obj.infer_objects(copy=False) before interpolating instead.
  day_resampled = day_group.resample('15min').interpolate(method='linear')
/data00/chenjiajun/20250711/daily_test/jiangsu_power_cronjob_v1/df_to_mongo.py:200: FutureWarning: DataFrame.fillna with 'method' is deprecated and will raise in a future version. Use obj.ffill() or obj.bfill() instead.
  day_full[numeric_cols] = day_full[numeric_cols].interpolate(method='linear').fillna(method='bfill')
/data00/chenjiajun/20250711/daily_test/jiangsu_power_cronjob_v1/df_to_mongo.py:196: FutureWarning: DataFrame.interpolate with object dtype is deprecated and will raise in a future version. Call obj.infer_objects(copy=False) before interpolating instead.
  day_resampled = day_group.resample('15min').interpolate(method='linear')
/data00/chenjiajun/20250711/daily_test/jiangsu_power_cronjob_v1/df_to_mongo.py:200: FutureWarning: DataFrame.fillna with 'method' is deprecated and will raise in a future version. Use obj.ffill() or obj.bfill() instead.
  day_full[numeric_cols] = day_full[numeric_cols].interpolate(method='linear').fillna(method='bfill')
/data00/chenjiajun/20250711/daily_test/jiangsu_power_cronjob_v1/df_to_mongo.py:196: FutureWarning: DataFrame.interpolate with object dtype is deprecated and will raise in a future version. Call obj.infer_objects(copy=False) before interpolating instead.
  day_resampled = day_group.resample('15min').interpolate(method='linear')
/data00/chenjiajun/20250711/daily_test/jiangsu_power_cronjob_v1/df_to_mongo.py:200: FutureWarning: DataFrame.fillna with 'method' is deprecated and will raise in a future version. Use obj.ffill() or obj.bfill() instead.
  day_full[numeric_cols] = day_full[numeric_cols].interpolate(method='linear').fillna(method='bfill')
/data00/chenjiajun/20250711/daily_test/jiangsu_power_cronjob_v1/df_to_mongo.py:196: FutureWarning: DataFrame.interpolate with object dtype is deprecated and will raise in a future version. Call obj.infer_objects(copy=False) before interpolating instead.
  day_resampled = day_group.resample('15min').interpolate(method='linear')
/data00/chenjiajun/20250711/daily_test/jiangsu_power_cronjob_v1/df_to_mongo.py:200: FutureWarning: DataFrame.fillna with 'method' is deprecated and will raise in a future version. Use obj.ffill() or obj.bfill() instead.
  day_full[numeric_cols] = day_full[numeric_cols].interpolate(method='linear').fillna(method='bfill')
/data00/chenjiajun/20250711/daily_test/jiangsu_power_cronjob_v1/df_to_mongo.py:196: FutureWarning: DataFrame.interpolate with object dtype is deprecated and will raise in a future version. Call obj.infer_objects(copy=False) before interpolating instead.
  day_resampled = day_group.resample('15min').interpolate(method='linear')
/data00/chenjiajun/20250711/daily_test/jiangsu_power_cronjob_v1/df_to_mongo.py:200: FutureWarning: DataFrame.fillna with 'method' is deprecated and will raise in a future version. Use obj.ffill() or obj.bfill() instead.
  day_full[numeric_cols] = day_full[numeric_cols].interpolate(method='linear').fillna(method='bfill')
/data00/chenjiajun/20250711/daily_test/jiangsu_power_cronjob_v1/df_to_mongo.py:196: FutureWarning: DataFrame.interpolate with object dtype is deprecated and will raise in a future version. Call obj.infer_objects(copy=False) before interpolating instead.
  day_resampled = day_group.resample('15min').interpolate(method='linear')
/data00/chenjiajun/20250711/daily_test/jiangsu_power_cronjob_v1/df_to_mongo.py:200: FutureWarning: DataFrame.fillna with 'method' is deprecated and will raise in a future version. Use obj.ffill() or obj.bfill() instead.
  day_full[numeric_cols] = day_full[numeric_cols].interpolate(method='linear').fillna(method='bfill')
/data00/chenjiajun/20250711/daily_test/jiangsu_power_cronjob_v1/df_to_mongo.py:196: FutureWarning: DataFrame.interpolate with object dtype is deprecated and will raise in a future version. Call obj.infer_objects(copy=False) before interpolating instead.
  day_resampled = day_group.resample('15min').interpolate(method='linear')
/data00/chenjiajun/20250711/daily_test/jiangsu_power_cronjob_v1/df_to_mongo.py:200: FutureWarning: DataFrame.fillna with 'method' is deprecated and will raise in a future version. Use obj.ffill() or obj.bfill() instead.
  day_full[numeric_cols] = day_full[numeric_cols].interpolate(method='linear').fillna(method='bfill')
/data00/chenjiajun/20250711/daily_test/jiangsu_power_cronjob_v1/df_to_mongo.py:196: FutureWarning: DataFrame.interpolate with object dtype is deprecated and will raise in a future version. Call obj.infer_objects(copy=False) before interpolating instead.
  day_resampled = day_group.resample('15min').interpolate(method='linear')
/data00/chenjiajun/20250711/daily_test/jiangsu_power_cronjob_v1/df_to_mongo.py:200: FutureWarning: DataFrame.fillna with 'method' is deprecated and will raise in a future version. Use obj.ffill() or obj.bfill() instead.
  day_full[numeric_cols] = day_full[numeric_cols].interpolate(method='linear').fillna(method='bfill')
/data00/chenjiajun/20250711/daily_test/jiangsu_power_cronjob_v1/df_to_mongo.py:196: FutureWarning: DataFrame.interpolate with object dtype is deprecated and will raise in a future version. Call obj.infer_objects(copy=False) before interpolating instead.
  day_resampled = day_group.resample('15min').interpolate(method='linear')
/data00/chenjiajun/20250711/daily_test/jiangsu_power_cronjob_v1/df_to_mongo.py:200: FutureWarning: DataFrame.fillna with 'method' is deprecated and will raise in a future version. Use obj.ffill() or obj.bfill() instead.
  day_full[numeric_cols] = day_full[numeric_cols].interpolate(method='linear').fillna(method='bfill')
/data00/chenjiajun/20250711/daily_test/jiangsu_power_cronjob_v1/df_to_mongo.py:196: FutureWarning: DataFrame.interpolate with object dtype is deprecated and will raise in a future version. Call obj.infer_objects(copy=False) before interpolating instead.
  day_resampled = day_group.resample('15min').interpolate(method='linear')
/data00/chenjiajun/20250711/daily_test/jiangsu_power_cronjob_v1/df_to_mongo.py:200: FutureWarning: DataFrame.fillna with 'method' is deprecated and will raise in a future version. Use obj.ffill() or obj.bfill() instead.
  day_full[numeric_cols] = day_full[numeric_cols].interpolate(method='linear').fillna(method='bfill')
/data00/chenjiajun/20250711/daily_test/jiangsu_power_cronjob_v1/df_to_mongo.py:196: FutureWarning: DataFrame.interpolate with object dtype is deprecated and will raise in a future version. Call obj.infer_objects(copy=False) before interpolating instead.
  day_resampled = day_group.resample('15min').interpolate(method='linear')
/data00/chenjiajun/20250711/daily_test/jiangsu_power_cronjob_v1/df_to_mongo.py:200: FutureWarning: DataFrame.fillna with 'method' is deprecated and will raise in a future version. Use obj.ffill() or obj.bfill() instead.
  day_full[numeric_cols] = day_full[numeric_cols].interpolate(method='linear').fillna(method='bfill')
/data00/chenjiajun/20250711/daily_test/jiangsu_power_cronjob_v1/df_to_mongo.py:196: FutureWarning: DataFrame.interpolate with object dtype is deprecated and will raise in a future version. Call obj.infer_objects(copy=False) before interpolating instead.
  day_resampled = day_group.resample('15min').interpolate(method='linear')
/data00/chenjiajun/20250711/daily_test/jiangsu_power_cronjob_v1/df_to_mongo.py:200: FutureWarning: DataFrame.fillna with 'method' is deprecated and will raise in a future version. Use obj.ffill() or obj.bfill() instead.
  day_full[numeric_cols] = day_full[numeric_cols].interpolate(method='linear').fillna(method='bfill')
2026-02-25 08:30:40,668 - INFO - 所有日期处理完成: 原始288条记录 -> 新1152条记录
2026-02-25 08:30:40,670 - INFO - 样本数量:288
2026-02-25 08:30:40,670 - INFO - 读取模型文件: /data00/chenjiajun/20250711/daily_test/jiangsu_power_cronjob_v1/local/checkpoints/new_energy_solar-realtime-by_day-noa-unweighted.json
2026-02-25 08:30:40,755 - INFO - Finish predicting new_energy_solar
/data00/chenjiajun/20250711/daily_test/jiangsu_power_cronjob_v1/df_to_mongo.py:196: FutureWarning: DataFrame.interpolate with object dtype is deprecated and will raise in a future version. Call obj.infer_objects(copy=False) before interpolating instead.
  day_resampled = day_group.resample('15min').interpolate(method='linear')
/data00/chenjiajun/20250711/daily_test/jiangsu_power_cronjob_v1/df_to_mongo.py:200: FutureWarning: DataFrame.fillna with 'method' is deprecated and will raise in a future version. Use obj.ffill() or obj.bfill() instead.
  day_full[numeric_cols] = day_full[numeric_cols].interpolate(method='linear').fillna(method='bfill')
/data00/chenjiajun/20250711/daily_test/jiangsu_power_cronjob_v1/df_to_mongo.py:196: FutureWarning: DataFrame.interpolate with object dtype is deprecated and will raise in a future version. Call obj.infer_objects(copy=False) before interpolating instead.
  day_resampled = day_group.resample('15min').interpolate(method='linear')
/data00/chenjiajun/20250711/daily_test/jiangsu_power_cronjob_v1/df_to_mongo.py:200: FutureWarning: DataFrame.fillna with 'method' is deprecated and will raise in a future version. Use obj.ffill() or obj.bfill() instead.
  day_full[numeric_cols] = day_full[numeric_cols].interpolate(method='linear').fillna(method='bfill')
/data00/chenjiajun/20250711/daily_test/jiangsu_power_cronjob_v1/df_to_mongo.py:196: FutureWarning: DataFrame.interpolate with object dtype is deprecated and will raise in a future version. Call obj.infer_objects(copy=False) before interpolating instead.
  day_resampled = day_group.resample('15min').interpolate(method='linear')
/data00/chenjiajun/20250711/daily_test/jiangsu_power_cronjob_v1/df_to_mongo.py:200: FutureWarning: DataFrame.fillna with 'method' is deprecated and will raise in a future version. Use obj.ffill() or obj.bfill() instead.
  day_full[numeric_cols] = day_full[numeric_cols].interpolate(method='linear').fillna(method='bfill')
/data00/chenjiajun/20250711/daily_test/jiangsu_power_cronjob_v1/df_to_mongo.py:196: FutureWarning: DataFrame.interpolate with object dtype is deprecated and will raise in a future version. Call obj.infer_objects(copy=False) before interpolating instead.
  day_resampled = day_group.resample('15min').interpolate(method='linear')
/data00/chenjiajun/20250711/daily_test/jiangsu_power_cronjob_v1/df_to_mongo.py:200: FutureWarning: DataFrame.fillna with 'method' is deprecated and will raise in a future version. Use obj.ffill() or obj.bfill() instead.
  day_full[numeric_cols] = day_full[numeric_cols].interpolate(method='linear').fillna(method='bfill')
/data00/chenjiajun/20250711/daily_test/jiangsu_power_cronjob_v1/df_to_mongo.py:196: FutureWarning: DataFrame.interpolate with object dtype is deprecated and will raise in a future version. Call obj.infer_objects(copy=False) before interpolating instead.
  day_resampled = day_group.resample('15min').interpolate(method='linear')
/data00/chenjiajun/20250711/daily_test/jiangsu_power_cronjob_v1/df_to_mongo.py:200: FutureWarning: DataFrame.fillna with 'method' is deprecated and will raise in a future version. Use obj.ffill() or obj.bfill() instead.
  day_full[numeric_cols] = day_full[numeric_cols].interpolate(method='linear').fillna(method='bfill')
/data00/chenjiajun/20250711/daily_test/jiangsu_power_cronjob_v1/df_to_mongo.py:196: FutureWarning: DataFrame.interpolate with object dtype is deprecated and will raise in a future version. Call obj.infer_objects(copy=False) before interpolating instead.
  day_resampled = day_group.resample('15min').interpolate(method='linear')
/data00/chenjiajun/20250711/daily_test/jiangsu_power_cronjob_v1/df_to_mongo.py:200: FutureWarning: DataFrame.fillna with 'method' is deprecated and will raise in a future version. Use obj.ffill() or obj.bfill() instead.
  day_full[numeric_cols] = day_full[numeric_cols].interpolate(method='linear').fillna(method='bfill')
/data00/chenjiajun/20250711/daily_test/jiangsu_power_cronjob_v1/df_to_mongo.py:196: FutureWarning: DataFrame.interpolate with object dtype is deprecated and will raise in a future version. Call obj.infer_objects(copy=False) before interpolating instead.
  day_resampled = day_group.resample('15min').interpolate(method='linear')
/data00/chenjiajun/20250711/daily_test/jiangsu_power_cronjob_v1/df_to_mongo.py:200: FutureWarning: DataFrame.fillna with 'method' is deprecated and will raise in a future version. Use obj.ffill() or obj.bfill() instead.
  day_full[numeric_cols] = day_full[numeric_cols].interpolate(method='linear').fillna(method='bfill')
/data00/chenjiajun/20250711/daily_test/jiangsu_power_cronjob_v1/df_to_mongo.py:196: FutureWarning: DataFrame.interpolate with object dtype is deprecated and will raise in a future version. Call obj.infer_objects(copy=False) before interpolating instead.
  day_resampled = day_group.resample('15min').interpolate(method='linear')
/data00/chenjiajun/20250711/daily_test/jiangsu_power_cronjob_v1/df_to_mongo.py:200: FutureWarning: DataFrame.fillna with 'method' is deprecated and will raise in a future version. Use obj.ffill() or obj.bfill() instead.
  day_full[numeric_cols] = day_full[numeric_cols].interpolate(method='linear').fillna(method='bfill')
/data00/chenjiajun/20250711/daily_test/jiangsu_power_cronjob_v1/df_to_mongo.py:196: FutureWarning: DataFrame.interpolate with object dtype is deprecated and will raise in a future version. Call obj.infer_objects(copy=False) before interpolating instead.
  day_resampled = day_group.resample('15min').interpolate(method='linear')
/data00/chenjiajun/20250711/daily_test/jiangsu_power_cronjob_v1/df_to_mongo.py:200: FutureWarning: DataFrame.fillna with 'method' is deprecated and will raise in a future version. Use obj.ffill() or obj.bfill() instead.
  day_full[numeric_cols] = day_full[numeric_cols].interpolate(method='linear').fillna(method='bfill')
/data00/chenjiajun/20250711/daily_test/jiangsu_power_cronjob_v1/df_to_mongo.py:196: FutureWarning: DataFrame.interpolate with object dtype is deprecated and will raise in a future version. Call obj.infer_objects(copy=False) before interpolating instead.
  day_resampled = day_group.resample('15min').interpolate(method='linear')
/data00/chenjiajun/20250711/daily_test/jiangsu_power_cronjob_v1/df_to_mongo.py:200: FutureWarning: DataFrame.fillna with 'method' is deprecated and will raise in a future version. Use obj.ffill() or obj.bfill() instead.
  day_full[numeric_cols] = day_full[numeric_cols].interpolate(method='linear').fillna(method='bfill')
/data00/chenjiajun/20250711/daily_test/jiangsu_power_cronjob_v1/df_to_mongo.py:196: FutureWarning: DataFrame.interpolate with object dtype is deprecated and will raise in a future version. Call obj.infer_objects(copy=False) before interpolating instead.
  day_resampled = day_group.resample('15min').interpolate(method='linear')
/data00/chenjiajun/20250711/daily_test/jiangsu_power_cronjob_v1/df_to_mongo.py:200: FutureWarning: DataFrame.fillna with 'method' is deprecated and will raise in a future version. Use obj.ffill() or obj.bfill() instead.
  day_full[numeric_cols] = day_full[numeric_cols].interpolate(method='linear').fillna(method='bfill')
/data00/chenjiajun/20250711/daily_test/jiangsu_power_cronjob_v1/df_to_mongo.py:196: FutureWarning: DataFrame.interpolate with object dtype is deprecated and will raise in a future version. Call obj.infer_objects(copy=False) before interpolating instead.
  day_resampled = day_group.resample('15min').interpolate(method='linear')
/data00/chenjiajun/20250711/daily_test/jiangsu_power_cronjob_v1/df_to_mongo.py:200: FutureWarning: DataFrame.fillna with 'method' is deprecated and will raise in a future version. Use obj.ffill() or obj.bfill() instead.
  day_full[numeric_cols] = day_full[numeric_cols].interpolate(method='linear').fillna(method='bfill')
2026-02-25 08:30:40,922 - INFO - 所有日期处理完成: 原始288条记录 -> 新1152条记录
2026-02-25 08:30:41,070 - INFO - 成功连接到MongoDB
2026-02-25 08:38:43,370 - INFO - 处理完成 - 成功: 1056 条, 失败: 0 条
               date_time create_time  ... version_date  version_time
0    2026-02-25 00:00:00  2026-02-25  ...   2026-02-24      20:00:00
1    2026-02-25 00:15:00  2026-02-25  ...   2026-02-24      20:00:00
2    2026-02-25 00:30:00  2026-02-25  ...   2026-02-24      20:00:00
3    2026-02-25 00:45:00  2026-02-25  ...   2026-02-24      20:00:00
4    2026-02-25 01:00:00  2026-02-25  ...   2026-02-24      20:00:00
...                  ...         ...  ...          ...           ...
1051 2026-03-07 22:45:00  2026-02-25  ...   2026-02-24      20:00:00
1052 2026-03-07 23:00:00  2026-02-25  ...   2026-02-24      20:00:00
1053 2026-03-07 23:15:00  2026-02-25  ...   2026-02-24      20:00:00
1054 2026-03-07 23:30:00  2026-02-25  ...   2026-02-24      20:00:00
1055 2026-03-07 23:45:00  2026-02-25  ...   2026-02-24      20:00:00

[1056 rows x 11 columns]
Current working directory: /data00/chenjiajun/20250711/daily_test/jiangsu_power_cronjob_v1
2026-02-26 08:30:03,504 - INFO - [job] model: xgboost, train: True, labels: ['new_energy_wind', 'new_energy_solar'], date: 2025-10-22~2026-02-19, pipeline: 20260226-083003, meteo_source: HRES
2026-02-26 08:30:03,506 - data.py[line:1416] - INFO: Start to get ahead data.
2026-02-26 08:30:03,506 - INFO - Start to get ahead data.
2026-02-26 08:30:03,506 - data.py[line:1425] - INFO: Finish getting ahead data.
2026-02-26 08:30:03,506 - INFO - Finish getting ahead data.
2026-02-26 08:30:03,506 - data.py[line:1428] - INFO: Start to get realtime data.
2026-02-26 08:30:03,506 - INFO - Start to get realtime data.
2026-02-26 08:30:12,194 - data.py[line:1439] - INFO: Finish getting realtime data.
2026-02-26 08:30:12,194 - INFO - Finish getting realtime data.
2026-02-26 08:30:12,197 - data.py[line:1445] - INFO: Start to get meteo data.
2026-02-26 08:30:12,197 - INFO - Start to get meteo data.
/data00/chenjiajun/20250711/daily_test/jiangsu_power_cronjob_v1/api/io/mysql.py:27: UserWarning: pandas only supports SQLAlchemy connectable (engine/connection) or database string URI or sqlite3 DBAPI2 connection. Other DBAPI2 objects are not tested. Please consider using SQLAlchemy.
  df = pd.read_sql(
2026-02-26 08:30:24,552 - data.py[line:1459] - INFO: Finish getting meteo data.
2026-02-26 08:30:24,552 - INFO - Finish getting meteo data.
2026-02-26 08:30:24,652 - INFO - 样本数量:2880
2026-02-26 08:30:24,652 - INFO - 训练模型: new_energy_wind
2026-02-26 08:30:31,149 - INFO - 保存模型到: /data00/chenjiajun/20250711/daily_test/jiangsu_power_cronjob_v1/local/checkpoints/new_energy_wind-realtime-by_day-noa-unweighted.json
2026-02-26 08:30:31,194 - INFO - 读取模型文件: /data00/chenjiajun/20250711/daily_test/jiangsu_power_cronjob_v1/local/checkpoints/new_energy_wind-realtime-by_day-noa-unweighted.json
2026-02-26 08:30:31,331 - INFO - Finish predicting new_energy_wind
2026-02-26 08:30:31,370 - INFO - 样本数量:2880
2026-02-26 08:30:31,370 - INFO - 训练模型: new_energy_solar
2026-02-26 08:30:32,731 - INFO - 保存模型到: /data00/chenjiajun/20250711/daily_test/jiangsu_power_cronjob_v1/local/checkpoints/new_energy_solar-realtime-by_day-noa-unweighted.json
2026-02-26 08:30:32,757 - INFO - 读取模型文件: /data00/chenjiajun/20250711/daily_test/jiangsu_power_cronjob_v1/local/checkpoints/new_energy_solar-realtime-by_day-noa-unweighted.json
2026-02-26 08:30:32,842 - INFO - Finish predicting new_energy_solar
2026-02-26 08:30:32,876 - INFO - new_energy_wind 预测准确率: 0.9791780624232963
2026-02-26 08:30:32,879 - INFO - new_energy_solar 预测准确率: 0.9860464982507438
2026-02-26 08:30:34,837 - INFO - [job] model: xgboost, train: False, labels: ['new_energy_wind', 'new_energy_solar'], date: 2026-02-25~2026-03-09, pipeline: 20260226-083034, meteo_source: HRES
2026-02-26 08:30:34,838 - data.py[line:1445] - INFO: Start to get meteo data.
2026-02-26 08:30:34,838 - INFO - Start to get meteo data.
/data00/chenjiajun/20250711/daily_test/jiangsu_power_cronjob_v1/api/io/mysql.py:27: UserWarning: pandas only supports SQLAlchemy connectable (engine/connection) or database string URI or sqlite3 DBAPI2 connection. Other DBAPI2 objects are not tested. Please consider using SQLAlchemy.
  df = pd.read_sql(
2026-02-26 08:30:37,046 - data.py[line:1459] - INFO: Finish getting meteo data.
2026-02-26 08:30:37,046 - INFO - Finish getting meteo data.
2026-02-26 08:30:37,060 - INFO - 样本数量:288
2026-02-26 08:30:37,060 - INFO - 读取模型文件: /data00/chenjiajun/20250711/daily_test/jiangsu_power_cronjob_v1/local/checkpoints/new_energy_wind-realtime-by_day-noa-unweighted.json
2026-02-26 08:30:38,263 - INFO - Finish predicting new_energy_wind
/data00/chenjiajun/20250711/daily_test/jiangsu_power_cronjob_v1/df_to_mongo.py:196: FutureWarning: DataFrame.interpolate with object dtype is deprecated and will raise in a future version. Call obj.infer_objects(copy=False) before interpolating instead.
  day_resampled = day_group.resample('15min').interpolate(method='linear')
/data00/chenjiajun/20250711/daily_test/jiangsu_power_cronjob_v1/df_to_mongo.py:200: FutureWarning: DataFrame.fillna with 'method' is deprecated and will raise in a future version. Use obj.ffill() or obj.bfill() instead.
  day_full[numeric_cols] = day_full[numeric_cols].interpolate(method='linear').fillna(method='bfill')
/data00/chenjiajun/20250711/daily_test/jiangsu_power_cronjob_v1/df_to_mongo.py:196: FutureWarning: DataFrame.interpolate with object dtype is deprecated and will raise in a future version. Call obj.infer_objects(copy=False) before interpolating instead.
  day_resampled = day_group.resample('15min').interpolate(method='linear')
/data00/chenjiajun/20250711/daily_test/jiangsu_power_cronjob_v1/df_to_mongo.py:200: FutureWarning: DataFrame.fillna with 'method' is deprecated and will raise in a future version. Use obj.ffill() or obj.bfill() instead.
  day_full[numeric_cols] = day_full[numeric_cols].interpolate(method='linear').fillna(method='bfill')
/data00/chenjiajun/20250711/daily_test/jiangsu_power_cronjob_v1/df_to_mongo.py:196: FutureWarning: DataFrame.interpolate with object dtype is deprecated and will raise in a future version. Call obj.infer_objects(copy=False) before interpolating instead.
  day_resampled = day_group.resample('15min').interpolate(method='linear')
/data00/chenjiajun/20250711/daily_test/jiangsu_power_cronjob_v1/df_to_mongo.py:200: FutureWarning: DataFrame.fillna with 'method' is deprecated and will raise in a future version. Use obj.ffill() or obj.bfill() instead.
  day_full[numeric_cols] = day_full[numeric_cols].interpolate(method='linear').fillna(method='bfill')
/data00/chenjiajun/20250711/daily_test/jiangsu_power_cronjob_v1/df_to_mongo.py:196: FutureWarning: DataFrame.interpolate with object dtype is deprecated and will raise in a future version. Call obj.infer_objects(copy=False) before interpolating instead.
  day_resampled = day_group.resample('15min').interpolate(method='linear')
/data00/chenjiajun/20250711/daily_test/jiangsu_power_cronjob_v1/df_to_mongo.py:200: FutureWarning: DataFrame.fillna with 'method' is deprecated and will raise in a future version. Use obj.ffill() or obj.bfill() instead.
  day_full[numeric_cols] = day_full[numeric_cols].interpolate(method='linear').fillna(method='bfill')
/data00/chenjiajun/20250711/daily_test/jiangsu_power_cronjob_v1/df_to_mongo.py:196: FutureWarning: DataFrame.interpolate with object dtype is deprecated and will raise in a future version. Call obj.infer_objects(copy=False) before interpolating instead.
  day_resampled = day_group.resample('15min').interpolate(method='linear')
/data00/chenjiajun/20250711/daily_test/jiangsu_power_cronjob_v1/df_to_mongo.py:200: FutureWarning: DataFrame.fillna with 'method' is deprecated and will raise in a future version. Use obj.ffill() or obj.bfill() instead.
  day_full[numeric_cols] = day_full[numeric_cols].interpolate(method='linear').fillna(method='bfill')
/data00/chenjiajun/20250711/daily_test/jiangsu_power_cronjob_v1/df_to_mongo.py:196: FutureWarning: DataFrame.interpolate with object dtype is deprecated and will raise in a future version. Call obj.infer_objects(copy=False) before interpolating instead.
  day_resampled = day_group.resample('15min').interpolate(method='linear')
/data00/chenjiajun/20250711/daily_test/jiangsu_power_cronjob_v1/df_to_mongo.py:200: FutureWarning: DataFrame.fillna with 'method' is deprecated and will raise in a future version. Use obj.ffill() or obj.bfill() instead.
  day_full[numeric_cols] = day_full[numeric_cols].interpolate(method='linear').fillna(method='bfill')
/data00/chenjiajun/20250711/daily_test/jiangsu_power_cronjob_v1/df_to_mongo.py:196: FutureWarning: DataFrame.interpolate with object dtype is deprecated and will raise in a future version. Call obj.infer_objects(copy=False) before interpolating instead.
  day_resampled = day_group.resample('15min').interpolate(method='linear')
/data00/chenjiajun/20250711/daily_test/jiangsu_power_cronjob_v1/df_to_mongo.py:200: FutureWarning: DataFrame.fillna with 'method' is deprecated and will raise in a future version. Use obj.ffill() or obj.bfill() instead.
  day_full[numeric_cols] = day_full[numeric_cols].interpolate(method='linear').fillna(method='bfill')
/data00/chenjiajun/20250711/daily_test/jiangsu_power_cronjob_v1/df_to_mongo.py:196: FutureWarning: DataFrame.interpolate with object dtype is deprecated and will raise in a future version. Call obj.infer_objects(copy=False) before interpolating instead.
  day_resampled = day_group.resample('15min').interpolate(method='linear')
/data00/chenjiajun/20250711/daily_test/jiangsu_power_cronjob_v1/df_to_mongo.py:200: FutureWarning: DataFrame.fillna with 'method' is deprecated and will raise in a future version. Use obj.ffill() or obj.bfill() instead.
  day_full[numeric_cols] = day_full[numeric_cols].interpolate(method='linear').fillna(method='bfill')
/data00/chenjiajun/20250711/daily_test/jiangsu_power_cronjob_v1/df_to_mongo.py:196: FutureWarning: DataFrame.interpolate with object dtype is deprecated and will raise in a future version. Call obj.infer_objects(copy=False) before interpolating instead.
  day_resampled = day_group.resample('15min').interpolate(method='linear')
/data00/chenjiajun/20250711/daily_test/jiangsu_power_cronjob_v1/df_to_mongo.py:200: FutureWarning: DataFrame.fillna with 'method' is deprecated and will raise in a future version. Use obj.ffill() or obj.bfill() instead.
  day_full[numeric_cols] = day_full[numeric_cols].interpolate(method='linear').fillna(method='bfill')
/data00/chenjiajun/20250711/daily_test/jiangsu_power_cronjob_v1/df_to_mongo.py:196: FutureWarning: DataFrame.interpolate with object dtype is deprecated and will raise in a future version. Call obj.infer_objects(copy=False) before interpolating instead.
  day_resampled = day_group.resample('15min').interpolate(method='linear')
/data00/chenjiajun/20250711/daily_test/jiangsu_power_cronjob_v1/df_to_mongo.py:200: FutureWarning: DataFrame.fillna with 'method' is deprecated and will raise in a future version. Use obj.ffill() or obj.bfill() instead.
  day_full[numeric_cols] = day_full[numeric_cols].interpolate(method='linear').fillna(method='bfill')
/data00/chenjiajun/20250711/daily_test/jiangsu_power_cronjob_v1/df_to_mongo.py:196: FutureWarning: DataFrame.interpolate with object dtype is deprecated and will raise in a future version. Call obj.infer_objects(copy=False) before interpolating instead.
  day_resampled = day_group.resample('15min').interpolate(method='linear')
/data00/chenjiajun/20250711/daily_test/jiangsu_power_cronjob_v1/df_to_mongo.py:200: FutureWarning: DataFrame.fillna with 'method' is deprecated and will raise in a future version. Use obj.ffill() or obj.bfill() instead.
  day_full[numeric_cols] = day_full[numeric_cols].interpolate(method='linear').fillna(method='bfill')
/data00/chenjiajun/20250711/daily_test/jiangsu_power_cronjob_v1/df_to_mongo.py:196: FutureWarning: DataFrame.interpolate with object dtype is deprecated and will raise in a future version. Call obj.infer_objects(copy=False) before interpolating instead.
  day_resampled = day_group.resample('15min').interpolate(method='linear')
/data00/chenjiajun/20250711/daily_test/jiangsu_power_cronjob_v1/df_to_mongo.py:200: FutureWarning: DataFrame.fillna with 'method' is deprecated and will raise in a future version. Use obj.ffill() or obj.bfill() instead.
  day_full[numeric_cols] = day_full[numeric_cols].interpolate(method='linear').fillna(method='bfill')
2026-02-26 08:30:38,722 - INFO - 所有日期处理完成: 原始288条记录 -> 新1152条记录
2026-02-26 08:30:38,725 - INFO - 样本数量:288
2026-02-26 08:30:38,725 - INFO - 读取模型文件: /data00/chenjiajun/20250711/daily_test/jiangsu_power_cronjob_v1/local/checkpoints/new_energy_solar-realtime-by_day-noa-unweighted.json
2026-02-26 08:30:38,826 - INFO - Finish predicting new_energy_solar
/data00/chenjiajun/20250711/daily_test/jiangsu_power_cronjob_v1/df_to_mongo.py:196: FutureWarning: DataFrame.interpolate with object dtype is deprecated and will raise in a future version. Call obj.infer_objects(copy=False) before interpolating instead.
  day_resampled = day_group.resample('15min').interpolate(method='linear')
/data00/chenjiajun/20250711/daily_test/jiangsu_power_cronjob_v1/df_to_mongo.py:200: FutureWarning: DataFrame.fillna with 'method' is deprecated and will raise in a future version. Use obj.ffill() or obj.bfill() instead.
  day_full[numeric_cols] = day_full[numeric_cols].interpolate(method='linear').fillna(method='bfill')
/data00/chenjiajun/20250711/daily_test/jiangsu_power_cronjob_v1/df_to_mongo.py:196: FutureWarning: DataFrame.interpolate with object dtype is deprecated and will raise in a future version. Call obj.infer_objects(copy=False) before interpolating instead.
  day_resampled = day_group.resample('15min').interpolate(method='linear')
/data00/chenjiajun/20250711/daily_test/jiangsu_power_cronjob_v1/df_to_mongo.py:200: FutureWarning: DataFrame.fillna with 'method' is deprecated and will raise in a future version. Use obj.ffill() or obj.bfill() instead.
  day_full[numeric_cols] = day_full[numeric_cols].interpolate(method='linear').fillna(method='bfill')
/data00/chenjiajun/20250711/daily_test/jiangsu_power_cronjob_v1/df_to_mongo.py:196: FutureWarning: DataFrame.interpolate with object dtype is deprecated and will raise in a future version. Call obj.infer_objects(copy=False) before interpolating instead.
  day_resampled = day_group.resample('15min').interpolate(method='linear')
/data00/chenjiajun/20250711/daily_test/jiangsu_power_cronjob_v1/df_to_mongo.py:200: FutureWarning: DataFrame.fillna with 'method' is deprecated and will raise in a future version. Use obj.ffill() or obj.bfill() instead.
  day_full[numeric_cols] = day_full[numeric_cols].interpolate(method='linear').fillna(method='bfill')
/data00/chenjiajun/20250711/daily_test/jiangsu_power_cronjob_v1/df_to_mongo.py:196: FutureWarning: DataFrame.interpolate with object dtype is deprecated and will raise in a future version. Call obj.infer_objects(copy=False) before interpolating instead.
  day_resampled = day_group.resample('15min').interpolate(method='linear')
/data00/chenjiajun/20250711/daily_test/jiangsu_power_cronjob_v1/df_to_mongo.py:200: FutureWarning: DataFrame.fillna with 'method' is deprecated and will raise in a future version. Use obj.ffill() or obj.bfill() instead.
  day_full[numeric_cols] = day_full[numeric_cols].interpolate(method='linear').fillna(method='bfill')
/data00/chenjiajun/20250711/daily_test/jiangsu_power_cronjob_v1/df_to_mongo.py:196: FutureWarning: DataFrame.interpolate with object dtype is deprecated and will raise in a future version. Call obj.infer_objects(copy=False) before interpolating instead.
  day_resampled = day_group.resample('15min').interpolate(method='linear')
/data00/chenjiajun/20250711/daily_test/jiangsu_power_cronjob_v1/df_to_mongo.py:200: FutureWarning: DataFrame.fillna with 'method' is deprecated and will raise in a future version. Use obj.ffill() or obj.bfill() instead.
  day_full[numeric_cols] = day_full[numeric_cols].interpolate(method='linear').fillna(method='bfill')
/data00/chenjiajun/20250711/daily_test/jiangsu_power_cronjob_v1/df_to_mongo.py:196: FutureWarning: DataFrame.interpolate with object dtype is deprecated and will raise in a future version. Call obj.infer_objects(copy=False) before interpolating instead.
  day_resampled = day_group.resample('15min').interpolate(method='linear')
/data00/chenjiajun/20250711/daily_test/jiangsu_power_cronjob_v1/df_to_mongo.py:200: FutureWarning: DataFrame.fillna with 'method' is deprecated and will raise in a future version. Use obj.ffill() or obj.bfill() instead.
  day_full[numeric_cols] = day_full[numeric_cols].interpolate(method='linear').fillna(method='bfill')
/data00/chenjiajun/20250711/daily_test/jiangsu_power_cronjob_v1/df_to_mongo.py:196: FutureWarning: DataFrame.interpolate with object dtype is deprecated and will raise in a future version. Call obj.infer_objects(copy=False) before interpolating instead.
  day_resampled = day_group.resample('15min').interpolate(method='linear')
/data00/chenjiajun/20250711/daily_test/jiangsu_power_cronjob_v1/df_to_mongo.py:200: FutureWarning: DataFrame.fillna with 'method' is deprecated and will raise in a future version. Use obj.ffill() or obj.bfill() instead.
  day_full[numeric_cols] = day_full[numeric_cols].interpolate(method='linear').fillna(method='bfill')
/data00/chenjiajun/20250711/daily_test/jiangsu_power_cronjob_v1/df_to_mongo.py:196: FutureWarning: DataFrame.interpolate with object dtype is deprecated and will raise in a future version. Call obj.infer_objects(copy=False) before interpolating instead.
  day_resampled = day_group.resample('15min').interpolate(method='linear')
/data00/chenjiajun/20250711/daily_test/jiangsu_power_cronjob_v1/df_to_mongo.py:200: FutureWarning: DataFrame.fillna with 'method' is deprecated and will raise in a future version. Use obj.ffill() or obj.bfill() instead.
  day_full[numeric_cols] = day_full[numeric_cols].interpolate(method='linear').fillna(method='bfill')
/data00/chenjiajun/20250711/daily_test/jiangsu_power_cronjob_v1/df_to_mongo.py:196: FutureWarning: DataFrame.interpolate with object dtype is deprecated and will raise in a future version. Call obj.infer_objects(copy=False) before interpolating instead.
  day_resampled = day_group.resample('15min').interpolate(method='linear')
/data00/chenjiajun/20250711/daily_test/jiangsu_power_cronjob_v1/df_to_mongo.py:200: FutureWarning: DataFrame.fillna with 'method' is deprecated and will raise in a future version. Use obj.ffill() or obj.bfill() instead.
  day_full[numeric_cols] = day_full[numeric_cols].interpolate(method='linear').fillna(method='bfill')
/data00/chenjiajun/20250711/daily_test/jiangsu_power_cronjob_v1/df_to_mongo.py:196: FutureWarning: DataFrame.interpolate with object dtype is deprecated and will raise in a future version. Call obj.infer_objects(copy=False) before interpolating instead.
  day_resampled = day_group.resample('15min').interpolate(method='linear')
/data00/chenjiajun/20250711/daily_test/jiangsu_power_cronjob_v1/df_to_mongo.py:200: FutureWarning: DataFrame.fillna with 'method' is deprecated and will raise in a future version. Use obj.ffill() or obj.bfill() instead.
  day_full[numeric_cols] = day_full[numeric_cols].interpolate(method='linear').fillna(method='bfill')
/data00/chenjiajun/20250711/daily_test/jiangsu_power_cronjob_v1/df_to_mongo.py:196: FutureWarning: DataFrame.interpolate with object dtype is deprecated and will raise in a future version. Call obj.infer_objects(copy=False) before interpolating instead.
  day_resampled = day_group.resample('15min').interpolate(method='linear')
/data00/chenjiajun/20250711/daily_test/jiangsu_power_cronjob_v1/df_to_mongo.py:200: FutureWarning: DataFrame.fillna with 'method' is deprecated and will raise in a future version. Use obj.ffill() or obj.bfill() instead.
  day_full[numeric_cols] = day_full[numeric_cols].interpolate(method='linear').fillna(method='bfill')
/data00/chenjiajun/20250711/daily_test/jiangsu_power_cronjob_v1/df_to_mongo.py:196: FutureWarning: DataFrame.interpolate with object dtype is deprecated and will raise in a future version. Call obj.infer_objects(copy=False) before interpolating instead.
  day_resampled = day_group.resample('15min').interpolate(method='linear')
/data00/chenjiajun/20250711/daily_test/jiangsu_power_cronjob_v1/df_to_mongo.py:200: FutureWarning: DataFrame.fillna with 'method' is deprecated and will raise in a future version. Use obj.ffill() or obj.bfill() instead.
  day_full[numeric_cols] = day_full[numeric_cols].interpolate(method='linear').fillna(method='bfill')
2026-02-26 08:30:39,018 - INFO - 所有日期处理完成: 原始288条记录 -> 新1152条记录
2026-02-26 08:30:39,205 - INFO - 成功连接到MongoDB
2026-02-26 08:35:22,231 - INFO - 处理完成 - 成功: 1056 条, 失败: 0 条
               date_time create_time  ... version_date  version_time
0    2026-02-26 00:00:00  2026-02-26  ...   2026-02-25      08:00:00
1    2026-02-26 00:15:00  2026-02-26  ...   2026-02-25      08:00:00
2    2026-02-26 00:30:00  2026-02-26  ...   2026-02-25      08:00:00
3    2026-02-26 00:45:00  2026-02-26  ...   2026-02-25      08:00:00
4    2026-02-26 01:00:00  2026-02-26  ...   2026-02-25      08:00:00
...                  ...         ...  ...          ...           ...
1051 2026-03-08 22:45:00  2026-02-26  ...   2026-02-25      08:00:00
1052 2026-03-08 23:00:00  2026-02-26  ...   2026-02-25      08:00:00
1053 2026-03-08 23:15:00  2026-02-26  ...   2026-02-25      08:00:00
1054 2026-03-08 23:30:00  2026-02-26  ...   2026-02-25      08:00:00
1055 2026-03-08 23:45:00  2026-02-26  ...   2026-02-25      08:00:00

[1056 rows x 11 columns]
Current working directory: /data00/chenjiajun/20250711/daily_test/jiangsu_power_cronjob_v1
2026-02-27 08:30:04,246 - INFO - [job] model: xgboost, train: True, labels: ['new_energy_wind', 'new_energy_solar'], date: 2025-10-23~2026-02-20, pipeline: 20260227-083004, meteo_source: HRES
2026-02-27 08:30:04,247 - data.py[line:1416] - INFO: Start to get ahead data.
2026-02-27 08:30:04,247 - INFO - Start to get ahead data.
2026-02-27 08:30:04,247 - data.py[line:1425] - INFO: Finish getting ahead data.
2026-02-27 08:30:04,247 - INFO - Finish getting ahead data.
2026-02-27 08:30:04,247 - data.py[line:1428] - INFO: Start to get realtime data.
2026-02-27 08:30:04,247 - INFO - Start to get realtime data.
2026-02-27 08:30:12,799 - data.py[line:1439] - INFO: Finish getting realtime data.
2026-02-27 08:30:12,799 - INFO - Finish getting realtime data.
2026-02-27 08:30:12,802 - data.py[line:1445] - INFO: Start to get meteo data.
2026-02-27 08:30:12,802 - INFO - Start to get meteo data.
/data00/chenjiajun/20250711/daily_test/jiangsu_power_cronjob_v1/api/io/mysql.py:27: UserWarning: pandas only supports SQLAlchemy connectable (engine/connection) or database string URI or sqlite3 DBAPI2 connection. Other DBAPI2 objects are not tested. Please consider using SQLAlchemy.
  df = pd.read_sql(
2026-02-27 08:30:34,580 - data.py[line:1459] - INFO: Finish getting meteo data.
2026-02-27 08:30:34,580 - INFO - Finish getting meteo data.
2026-02-27 08:30:34,679 - INFO - 样本数量:2880
2026-02-27 08:30:34,679 - INFO - 训练模型: new_energy_wind
2026-02-27 08:30:40,851 - INFO - 保存模型到: /data00/chenjiajun/20250711/daily_test/jiangsu_power_cronjob_v1/local/checkpoints/new_energy_wind-realtime-by_day-noa-unweighted.json
2026-02-27 08:30:40,896 - INFO - 读取模型文件: /data00/chenjiajun/20250711/daily_test/jiangsu_power_cronjob_v1/local/checkpoints/new_energy_wind-realtime-by_day-noa-unweighted.json
2026-02-27 08:30:41,035 - INFO - Finish predicting new_energy_wind
2026-02-27 08:30:41,075 - INFO - 样本数量:2880
2026-02-27 08:30:41,076 - INFO - 训练模型: new_energy_solar
2026-02-27 08:30:42,446 - INFO - 保存模型到: /data00/chenjiajun/20250711/daily_test/jiangsu_power_cronjob_v1/local/checkpoints/new_energy_solar-realtime-by_day-noa-unweighted.json
2026-02-27 08:30:42,480 - INFO - 读取模型文件: /data00/chenjiajun/20250711/daily_test/jiangsu_power_cronjob_v1/local/checkpoints/new_energy_solar-realtime-by_day-noa-unweighted.json
2026-02-27 08:30:42,587 - INFO - Finish predicting new_energy_solar
2026-02-27 08:30:42,616 - INFO - new_energy_wind 预测准确率: 0.9787930610057534
2026-02-27 08:30:42,620 - INFO - new_energy_solar 预测准确率: 0.9854884527932876
2026-02-27 08:30:44,676 - INFO - [job] model: xgboost, train: False, labels: ['new_energy_wind', 'new_energy_solar'], date: 2026-02-26~2026-03-10, pipeline: 20260227-083044, meteo_source: HRES
2026-02-27 08:30:44,677 - data.py[line:1445] - INFO: Start to get meteo data.
2026-02-27 08:30:44,677 - INFO - Start to get meteo data.
/data00/chenjiajun/20250711/daily_test/jiangsu_power_cronjob_v1/api/io/mysql.py:27: UserWarning: pandas only supports SQLAlchemy connectable (engine/connection) or database string URI or sqlite3 DBAPI2 connection. Other DBAPI2 objects are not tested. Please consider using SQLAlchemy.
  df = pd.read_sql(
2026-02-27 08:30:47,398 - data.py[line:1459] - INFO: Finish getting meteo data.
2026-02-27 08:30:47,398 - INFO - Finish getting meteo data.
2026-02-27 08:30:47,412 - INFO - 样本数量:288
2026-02-27 08:30:47,412 - INFO - 读取模型文件: /data00/chenjiajun/20250711/daily_test/jiangsu_power_cronjob_v1/local/checkpoints/new_energy_wind-realtime-by_day-noa-unweighted.json
2026-02-27 08:30:48,645 - INFO - Finish predicting new_energy_wind
/data00/chenjiajun/20250711/daily_test/jiangsu_power_cronjob_v1/df_to_mongo.py:206: FutureWarning: DataFrame.interpolate with object dtype is deprecated and will raise in a future version. Call obj.infer_objects(copy=False) before interpolating instead.
  day_resampled = boundary_group.resample('15min').interpolate(method='linear')
/data00/chenjiajun/20250711/daily_test/jiangsu_power_cronjob_v1/df_to_mongo.py:211: FutureWarning: DataFrame.fillna with 'method' is deprecated and will raise in a future version. Use obj.ffill() or obj.bfill() instead.
  day_full[numeric_cols]
/data00/chenjiajun/20250711/daily_test/jiangsu_power_cronjob_v1/df_to_mongo.py:206: FutureWarning: DataFrame.interpolate with object dtype is deprecated and will raise in a future version. Call obj.infer_objects(copy=False) before interpolating instead.
  day_resampled = boundary_group.resample('15min').interpolate(method='linear')
/data00/chenjiajun/20250711/daily_test/jiangsu_power_cronjob_v1/df_to_mongo.py:211: FutureWarning: DataFrame.fillna with 'method' is deprecated and will raise in a future version. Use obj.ffill() or obj.bfill() instead.
  day_full[numeric_cols]
/data00/chenjiajun/20250711/daily_test/jiangsu_power_cronjob_v1/df_to_mongo.py:206: FutureWarning: DataFrame.interpolate with object dtype is deprecated and will raise in a future version. Call obj.infer_objects(copy=False) before interpolating instead.
  day_resampled = boundary_group.resample('15min').interpolate(method='linear')
/data00/chenjiajun/20250711/daily_test/jiangsu_power_cronjob_v1/df_to_mongo.py:211: FutureWarning: DataFrame.fillna with 'method' is deprecated and will raise in a future version. Use obj.ffill() or obj.bfill() instead.
  day_full[numeric_cols]
/data00/chenjiajun/20250711/daily_test/jiangsu_power_cronjob_v1/df_to_mongo.py:206: FutureWarning: DataFrame.interpolate with object dtype is deprecated and will raise in a future version. Call obj.infer_objects(copy=False) before interpolating instead.
  day_resampled = boundary_group.resample('15min').interpolate(method='linear')
/data00/chenjiajun/20250711/daily_test/jiangsu_power_cronjob_v1/df_to_mongo.py:211: FutureWarning: DataFrame.fillna with 'method' is deprecated and will raise in a future version. Use obj.ffill() or obj.bfill() instead.
  day_full[numeric_cols]
/data00/chenjiajun/20250711/daily_test/jiangsu_power_cronjob_v1/df_to_mongo.py:206: FutureWarning: DataFrame.interpolate with object dtype is deprecated and will raise in a future version. Call obj.infer_objects(copy=False) before interpolating instead.
  day_resampled = boundary_group.resample('15min').interpolate(method='linear')
/data00/chenjiajun/20250711/daily_test/jiangsu_power_cronjob_v1/df_to_mongo.py:211: FutureWarning: DataFrame.fillna with 'method' is deprecated and will raise in a future version. Use obj.ffill() or obj.bfill() instead.
  day_full[numeric_cols]
/data00/chenjiajun/20250711/daily_test/jiangsu_power_cronjob_v1/df_to_mongo.py:206: FutureWarning: DataFrame.interpolate with object dtype is deprecated and will raise in a future version. Call obj.infer_objects(copy=False) before interpolating instead.
  day_resampled = boundary_group.resample('15min').interpolate(method='linear')
/data00/chenjiajun/20250711/daily_test/jiangsu_power_cronjob_v1/df_to_mongo.py:211: FutureWarning: DataFrame.fillna with 'method' is deprecated and will raise in a future version. Use obj.ffill() or obj.bfill() instead.
  day_full[numeric_cols]
/data00/chenjiajun/20250711/daily_test/jiangsu_power_cronjob_v1/df_to_mongo.py:206: FutureWarning: DataFrame.interpolate with object dtype is deprecated and will raise in a future version. Call obj.infer_objects(copy=False) before interpolating instead.
  day_resampled = boundary_group.resample('15min').interpolate(method='linear')
/data00/chenjiajun/20250711/daily_test/jiangsu_power_cronjob_v1/df_to_mongo.py:211: FutureWarning: DataFrame.fillna with 'method' is deprecated and will raise in a future version. Use obj.ffill() or obj.bfill() instead.
  day_full[numeric_cols]
/data00/chenjiajun/20250711/daily_test/jiangsu_power_cronjob_v1/df_to_mongo.py:206: FutureWarning: DataFrame.interpolate with object dtype is deprecated and will raise in a future version. Call obj.infer_objects(copy=False) before interpolating instead.
  day_resampled = boundary_group.resample('15min').interpolate(method='linear')
/data00/chenjiajun/20250711/daily_test/jiangsu_power_cronjob_v1/df_to_mongo.py:211: FutureWarning: DataFrame.fillna with 'method' is deprecated and will raise in a future version. Use obj.ffill() or obj.bfill() instead.
  day_full[numeric_cols]
/data00/chenjiajun/20250711/daily_test/jiangsu_power_cronjob_v1/df_to_mongo.py:206: FutureWarning: DataFrame.interpolate with object dtype is deprecated and will raise in a future version. Call obj.infer_objects(copy=False) before interpolating instead.
  day_resampled = boundary_group.resample('15min').interpolate(method='linear')
/data00/chenjiajun/20250711/daily_test/jiangsu_power_cronjob_v1/df_to_mongo.py:211: FutureWarning: DataFrame.fillna with 'method' is deprecated and will raise in a future version. Use obj.ffill() or obj.bfill() instead.
  day_full[numeric_cols]
/data00/chenjiajun/20250711/daily_test/jiangsu_power_cronjob_v1/df_to_mongo.py:206: FutureWarning: DataFrame.interpolate with object dtype is deprecated and will raise in a future version. Call obj.infer_objects(copy=False) before interpolating instead.
  day_resampled = boundary_group.resample('15min').interpolate(method='linear')
/data00/chenjiajun/20250711/daily_test/jiangsu_power_cronjob_v1/df_to_mongo.py:211: FutureWarning: DataFrame.fillna with 'method' is deprecated and will raise in a future version. Use obj.ffill() or obj.bfill() instead.
  day_full[numeric_cols]
/data00/chenjiajun/20250711/daily_test/jiangsu_power_cronjob_v1/df_to_mongo.py:206: FutureWarning: DataFrame.interpolate with object dtype is deprecated and will raise in a future version. Call obj.infer_objects(copy=False) before interpolating instead.
  day_resampled = boundary_group.resample('15min').interpolate(method='linear')
/data00/chenjiajun/20250711/daily_test/jiangsu_power_cronjob_v1/df_to_mongo.py:211: FutureWarning: DataFrame.fillna with 'method' is deprecated and will raise in a future version. Use obj.ffill() or obj.bfill() instead.
  day_full[numeric_cols]
/data00/chenjiajun/20250711/daily_test/jiangsu_power_cronjob_v1/df_to_mongo.py:206: FutureWarning: DataFrame.interpolate with object dtype is deprecated and will raise in a future version. Call obj.infer_objects(copy=False) before interpolating instead.
  day_resampled = boundary_group.resample('15min').interpolate(method='linear')
/data00/chenjiajun/20250711/daily_test/jiangsu_power_cronjob_v1/df_to_mongo.py:211: FutureWarning: DataFrame.fillna with 'method' is deprecated and will raise in a future version. Use obj.ffill() or obj.bfill() instead.
  day_full[numeric_cols]
2026-02-27 08:30:49,158 - INFO - 所有日期处理完成: 原始288条记录 -> 新1152条记录
2026-02-27 08:30:49,161 - INFO - 样本数量:288
2026-02-27 08:30:49,161 - INFO - 读取模型文件: /data00/chenjiajun/20250711/daily_test/jiangsu_power_cronjob_v1/local/checkpoints/new_energy_solar-realtime-by_day-noa-unweighted.json
2026-02-27 08:30:49,274 - INFO - Finish predicting new_energy_solar
/data00/chenjiajun/20250711/daily_test/jiangsu_power_cronjob_v1/df_to_mongo.py:206: FutureWarning: DataFrame.interpolate with object dtype is deprecated and will raise in a future version. Call obj.infer_objects(copy=False) before interpolating instead.
  day_resampled = boundary_group.resample('15min').interpolate(method='linear')
/data00/chenjiajun/20250711/daily_test/jiangsu_power_cronjob_v1/df_to_mongo.py:211: FutureWarning: DataFrame.fillna with 'method' is deprecated and will raise in a future version. Use obj.ffill() or obj.bfill() instead.
  day_full[numeric_cols]
/data00/chenjiajun/20250711/daily_test/jiangsu_power_cronjob_v1/df_to_mongo.py:206: FutureWarning: DataFrame.interpolate with object dtype is deprecated and will raise in a future version. Call obj.infer_objects(copy=False) before interpolating instead.
  day_resampled = boundary_group.resample('15min').interpolate(method='linear')
/data00/chenjiajun/20250711/daily_test/jiangsu_power_cronjob_v1/df_to_mongo.py:211: FutureWarning: DataFrame.fillna with 'method' is deprecated and will raise in a future version. Use obj.ffill() or obj.bfill() instead.
  day_full[numeric_cols]
/data00/chenjiajun/20250711/daily_test/jiangsu_power_cronjob_v1/df_to_mongo.py:206: FutureWarning: DataFrame.interpolate with object dtype is deprecated and will raise in a future version. Call obj.infer_objects(copy=False) before interpolating instead.
  day_resampled = boundary_group.resample('15min').interpolate(method='linear')
/data00/chenjiajun/20250711/daily_test/jiangsu_power_cronjob_v1/df_to_mongo.py:211: FutureWarning: DataFrame.fillna with 'method' is deprecated and will raise in a future version. Use obj.ffill() or obj.bfill() instead.
  day_full[numeric_cols]
/data00/chenjiajun/20250711/daily_test/jiangsu_power_cronjob_v1/df_to_mongo.py:206: FutureWarning: DataFrame.interpolate with object dtype is deprecated and will raise in a future version. Call obj.infer_objects(copy=False) before interpolating instead.
  day_resampled = boundary_group.resample('15min').interpolate(method='linear')
/data00/chenjiajun/20250711/daily_test/jiangsu_power_cronjob_v1/df_to_mongo.py:211: FutureWarning: DataFrame.fillna with 'method' is deprecated and will raise in a future version. Use obj.ffill() or obj.bfill() instead.
  day_full[numeric_cols]
/data00/chenjiajun/20250711/daily_test/jiangsu_power_cronjob_v1/df_to_mongo.py:206: FutureWarning: DataFrame.interpolate with object dtype is deprecated and will raise in a future version. Call obj.infer_objects(copy=False) before interpolating instead.
  day_resampled = boundary_group.resample('15min').interpolate(method='linear')
/data00/chenjiajun/20250711/daily_test/jiangsu_power_cronjob_v1/df_to_mongo.py:211: FutureWarning: DataFrame.fillna with 'method' is deprecated and will raise in a future version. Use obj.ffill() or obj.bfill() instead.
  day_full[numeric_cols]
/data00/chenjiajun/20250711/daily_test/jiangsu_power_cronjob_v1/df_to_mongo.py:206: FutureWarning: DataFrame.interpolate with object dtype is deprecated and will raise in a future version. Call obj.infer_objects(copy=False) before interpolating instead.
  day_resampled = boundary_group.resample('15min').interpolate(method='linear')
/data00/chenjiajun/20250711/daily_test/jiangsu_power_cronjob_v1/df_to_mongo.py:211: FutureWarning: DataFrame.fillna with 'method' is deprecated and will raise in a future version. Use obj.ffill() or obj.bfill() instead.
  day_full[numeric_cols]
/data00/chenjiajun/20250711/daily_test/jiangsu_power_cronjob_v1/df_to_mongo.py:206: FutureWarning: DataFrame.interpolate with object dtype is deprecated and will raise in a future version. Call obj.infer_objects(copy=False) before interpolating instead.
  day_resampled = boundary_group.resample('15min').interpolate(method='linear')
/data00/chenjiajun/20250711/daily_test/jiangsu_power_cronjob_v1/df_to_mongo.py:211: FutureWarning: DataFrame.fillna with 'method' is deprecated and will raise in a future version. Use obj.ffill() or obj.bfill() instead.
  day_full[numeric_cols]
/data00/chenjiajun/20250711/daily_test/jiangsu_power_cronjob_v1/df_to_mongo.py:206: FutureWarning: DataFrame.interpolate with object dtype is deprecated and will raise in a future version. Call obj.infer_objects(copy=False) before interpolating instead.
  day_resampled = boundary_group.resample('15min').interpolate(method='linear')
/data00/chenjiajun/20250711/daily_test/jiangsu_power_cronjob_v1/df_to_mongo.py:211: FutureWarning: DataFrame.fillna with 'method' is deprecated and will raise in a future version. Use obj.ffill() or obj.bfill() instead.
  day_full[numeric_cols]
/data00/chenjiajun/20250711/daily_test/jiangsu_power_cronjob_v1/df_to_mongo.py:206: FutureWarning: DataFrame.interpolate with object dtype is deprecated and will raise in a future version. Call obj.infer_objects(copy=False) before interpolating instead.
  day_resampled = boundary_group.resample('15min').interpolate(method='linear')
/data00/chenjiajun/20250711/daily_test/jiangsu_power_cronjob_v1/df_to_mongo.py:211: FutureWarning: DataFrame.fillna with 'method' is deprecated and will raise in a future version. Use obj.ffill() or obj.bfill() instead.
  day_full[numeric_cols]
/data00/chenjiajun/20250711/daily_test/jiangsu_power_cronjob_v1/df_to_mongo.py:206: FutureWarning: DataFrame.interpolate with object dtype is deprecated and will raise in a future version. Call obj.infer_objects(copy=False) before interpolating instead.
  day_resampled = boundary_group.resample('15min').interpolate(method='linear')
/data00/chenjiajun/20250711/daily_test/jiangsu_power_cronjob_v1/df_to_mongo.py:211: FutureWarning: DataFrame.fillna with 'method' is deprecated and will raise in a future version. Use obj.ffill() or obj.bfill() instead.
  day_full[numeric_cols]
/data00/chenjiajun/20250711/daily_test/jiangsu_power_cronjob_v1/df_to_mongo.py:206: FutureWarning: DataFrame.interpolate with object dtype is deprecated and will raise in a future version. Call obj.infer_objects(copy=False) before interpolating instead.
  day_resampled = boundary_group.resample('15min').interpolate(method='linear')
/data00/chenjiajun/20250711/daily_test/jiangsu_power_cronjob_v1/df_to_mongo.py:211: FutureWarning: DataFrame.fillna with 'method' is deprecated and will raise in a future version. Use obj.ffill() or obj.bfill() instead.
  day_full[numeric_cols]
/data00/chenjiajun/20250711/daily_test/jiangsu_power_cronjob_v1/df_to_mongo.py:206: FutureWarning: DataFrame.interpolate with object dtype is deprecated and will raise in a future version. Call obj.infer_objects(copy=False) before interpolating instead.
  day_resampled = boundary_group.resample('15min').interpolate(method='linear')
/data00/chenjiajun/20250711/daily_test/jiangsu_power_cronjob_v1/df_to_mongo.py:211: FutureWarning: DataFrame.fillna with 'method' is deprecated and will raise in a future version. Use obj.ffill() or obj.bfill() instead.
  day_full[numeric_cols]
2026-02-27 08:30:49,446 - INFO - 所有日期处理完成: 原始288条记录 -> 新1152条记录
2026-02-27 08:30:50,685 - INFO - 成功连接到MongoDB
2026-02-27 08:38:50,934 - INFO - 处理完成 - 成功: 1056 条, 失败: 0 条
               date_time create_time  ... version_date  version_time
0    2026-02-27 00:00:00  2026-02-27  ...   2026-02-26      20:00:00
1    2026-02-27 00:15:00  2026-02-27  ...   2026-02-26      20:00:00
2    2026-02-27 00:30:00  2026-02-27  ...   2026-02-26      20:00:00
3    2026-02-27 00:45:00  2026-02-27  ...   2026-02-26      20:00:00
4    2026-02-27 01:00:00  2026-02-27  ...   2026-02-26      20:00:00
...                  ...         ...  ...          ...           ...
1051 2026-03-09 22:45:00  2026-02-27  ...   2026-02-26      20:00:00
1052 2026-03-09 23:00:00  2026-02-27  ...   2026-02-26      20:00:00
1053 2026-03-09 23:15:00  2026-02-27  ...   2026-02-26      20:00:00
1054 2026-03-09 23:30:00  2026-02-27  ...   2026-02-26      20:00:00
1055 2026-03-09 23:45:00  2026-02-27  ...   2026-02-26      20:00:00

[1056 rows x 11 columns]
Current working directory: /data00/chenjiajun/20250711/daily_test/jiangsu_power_cronjob_v1
2026-02-28 08:30:03,523 - INFO - [job] model: xgboost, train: True, labels: ['new_energy_wind', 'new_energy_solar'], date: 2025-10-24~2026-02-21, pipeline: 20260228-083003, meteo_source: HRES
2026-02-28 08:30:03,524 - data.py[line:1416] - INFO: Start to get ahead data.
2026-02-28 08:30:03,524 - INFO - Start to get ahead data.
2026-02-28 08:30:03,524 - data.py[line:1425] - INFO: Finish getting ahead data.
2026-02-28 08:30:03,524 - INFO - Finish getting ahead data.
2026-02-28 08:30:03,524 - data.py[line:1428] - INFO: Start to get realtime data.
2026-02-28 08:30:03,524 - INFO - Start to get realtime data.
2026-02-28 08:30:14,097 - data.py[line:1439] - INFO: Finish getting realtime data.
2026-02-28 08:30:14,097 - INFO - Finish getting realtime data.
2026-02-28 08:30:14,100 - data.py[line:1445] - INFO: Start to get meteo data.
2026-02-28 08:30:14,100 - INFO - Start to get meteo data.
/data00/chenjiajun/20250711/daily_test/jiangsu_power_cronjob_v1/api/io/mysql.py:27: UserWarning: pandas only supports SQLAlchemy connectable (engine/connection) or database string URI or sqlite3 DBAPI2 connection. Other DBAPI2 objects are not tested. Please consider using SQLAlchemy.
  df = pd.read_sql(
2026-02-28 08:30:39,362 - data.py[line:1459] - INFO: Finish getting meteo data.
2026-02-28 08:30:39,362 - INFO - Finish getting meteo data.
2026-02-28 08:30:39,467 - INFO - 样本数量:2880
2026-02-28 08:30:39,467 - INFO - 训练模型: new_energy_wind
2026-02-28 08:30:45,308 - INFO - 保存模型到: /data00/chenjiajun/20250711/daily_test/jiangsu_power_cronjob_v1/local/checkpoints/new_energy_wind-realtime-by_day-noa-unweighted.json
2026-02-28 08:30:45,352 - INFO - 读取模型文件: /data00/chenjiajun/20250711/daily_test/jiangsu_power_cronjob_v1/local/checkpoints/new_energy_wind-realtime-by_day-noa-unweighted.json
2026-02-28 08:30:45,501 - INFO - Finish predicting new_energy_wind
2026-02-28 08:30:45,548 - INFO - 样本数量:2880
2026-02-28 08:30:45,548 - INFO - 训练模型: new_energy_solar
2026-02-28 08:30:46,908 - INFO - 保存模型到: /data00/chenjiajun/20250711/daily_test/jiangsu_power_cronjob_v1/local/checkpoints/new_energy_solar-realtime-by_day-noa-unweighted.json
2026-02-28 08:30:46,933 - INFO - 读取模型文件: /data00/chenjiajun/20250711/daily_test/jiangsu_power_cronjob_v1/local/checkpoints/new_energy_solar-realtime-by_day-noa-unweighted.json
2026-02-28 08:30:47,019 - INFO - Finish predicting new_energy_solar
2026-02-28 08:30:47,051 - INFO - new_energy_wind 预测准确率: 0.97409913314858
2026-02-28 08:30:47,054 - INFO - new_energy_solar 预测准确率: 0.9847079421327322
2026-02-28 08:30:49,004 - INFO - [job] model: xgboost, train: False, labels: ['new_energy_wind', 'new_energy_solar'], date: 2026-02-27~2026-03-11, pipeline: 20260228-083049, meteo_source: HRES
2026-02-28 08:30:49,005 - data.py[line:1445] - INFO: Start to get meteo data.
2026-02-28 08:30:49,005 - INFO - Start to get meteo data.
/data00/chenjiajun/20250711/daily_test/jiangsu_power_cronjob_v1/api/io/mysql.py:27: UserWarning: pandas only supports SQLAlchemy connectable (engine/connection) or database string URI or sqlite3 DBAPI2 connection. Other DBAPI2 objects are not tested. Please consider using SQLAlchemy.
  df = pd.read_sql(
2026-02-28 08:30:51,613 - data.py[line:1459] - INFO: Finish getting meteo data.
2026-02-28 08:30:51,613 - INFO - Finish getting meteo data.
2026-02-28 08:30:51,627 - INFO - 样本数量:288
2026-02-28 08:30:51,627 - INFO - 读取模型文件: /data00/chenjiajun/20250711/daily_test/jiangsu_power_cronjob_v1/local/checkpoints/new_energy_wind-realtime-by_day-noa-unweighted.json
2026-02-28 08:30:52,788 - INFO - Finish predicting new_energy_wind
/data00/chenjiajun/20250711/daily_test/jiangsu_power_cronjob_v1/df_to_mongo.py:206: FutureWarning: DataFrame.interpolate with object dtype is deprecated and will raise in a future version. Call obj.infer_objects(copy=False) before interpolating instead.
  day_resampled = boundary_group.resample('15min').interpolate(method='linear')
/data00/chenjiajun/20250711/daily_test/jiangsu_power_cronjob_v1/df_to_mongo.py:211: FutureWarning: DataFrame.fillna with 'method' is deprecated and will raise in a future version. Use obj.ffill() or obj.bfill() instead.
  day_full[numeric_cols]
/data00/chenjiajun/20250711/daily_test/jiangsu_power_cronjob_v1/df_to_mongo.py:206: FutureWarning: DataFrame.interpolate with object dtype is deprecated and will raise in a future version. Call obj.infer_objects(copy=False) before interpolating instead.
  day_resampled = boundary_group.resample('15min').interpolate(method='linear')
/data00/chenjiajun/20250711/daily_test/jiangsu_power_cronjob_v1/df_to_mongo.py:211: FutureWarning: DataFrame.fillna with 'method' is deprecated and will raise in a future version. Use obj.ffill() or obj.bfill() instead.
  day_full[numeric_cols]
/data00/chenjiajun/20250711/daily_test/jiangsu_power_cronjob_v1/df_to_mongo.py:206: FutureWarning: DataFrame.interpolate with object dtype is deprecated and will raise in a future version. Call obj.infer_objects(copy=False) before interpolating instead.
  day_resampled = boundary_group.resample('15min').interpolate(method='linear')
/data00/chenjiajun/20250711/daily_test/jiangsu_power_cronjob_v1/df_to_mongo.py:211: FutureWarning: DataFrame.fillna with 'method' is deprecated and will raise in a future version. Use obj.ffill() or obj.bfill() instead.
  day_full[numeric_cols]
/data00/chenjiajun/20250711/daily_test/jiangsu_power_cronjob_v1/df_to_mongo.py:206: FutureWarning: DataFrame.interpolate with object dtype is deprecated and will raise in a future version. Call obj.infer_objects(copy=False) before interpolating instead.
  day_resampled = boundary_group.resample('15min').interpolate(method='linear')
/data00/chenjiajun/20250711/daily_test/jiangsu_power_cronjob_v1/df_to_mongo.py:211: FutureWarning: DataFrame.fillna with 'method' is deprecated and will raise in a future version. Use obj.ffill() or obj.bfill() instead.
  day_full[numeric_cols]
/data00/chenjiajun/20250711/daily_test/jiangsu_power_cronjob_v1/df_to_mongo.py:206: FutureWarning: DataFrame.interpolate with object dtype is deprecated and will raise in a future version. Call obj.infer_objects(copy=False) before interpolating instead.
  day_resampled = boundary_group.resample('15min').interpolate(method='linear')
/data00/chenjiajun/20250711/daily_test/jiangsu_power_cronjob_v1/df_to_mongo.py:211: FutureWarning: DataFrame.fillna with 'method' is deprecated and will raise in a future version. Use obj.ffill() or obj.bfill() instead.
  day_full[numeric_cols]
/data00/chenjiajun/20250711/daily_test/jiangsu_power_cronjob_v1/df_to_mongo.py:206: FutureWarning: DataFrame.interpolate with object dtype is deprecated and will raise in a future version. Call obj.infer_objects(copy=False) before interpolating instead.
  day_resampled = boundary_group.resample('15min').interpolate(method='linear')
/data00/chenjiajun/20250711/daily_test/jiangsu_power_cronjob_v1/df_to_mongo.py:211: FutureWarning: DataFrame.fillna with 'method' is deprecated and will raise in a future version. Use obj.ffill() or obj.bfill() instead.
  day_full[numeric_cols]
/data00/chenjiajun/20250711/daily_test/jiangsu_power_cronjob_v1/df_to_mongo.py:206: FutureWarning: DataFrame.interpolate with object dtype is deprecated and will raise in a future version. Call obj.infer_objects(copy=False) before interpolating instead.
  day_resampled = boundary_group.resample('15min').interpolate(method='linear')
/data00/chenjiajun/20250711/daily_test/jiangsu_power_cronjob_v1/df_to_mongo.py:211: FutureWarning: DataFrame.fillna with 'method' is deprecated and will raise in a future version. Use obj.ffill() or obj.bfill() instead.
  day_full[numeric_cols]
/data00/chenjiajun/20250711/daily_test/jiangsu_power_cronjob_v1/df_to_mongo.py:206: FutureWarning: DataFrame.interpolate with object dtype is deprecated and will raise in a future version. Call obj.infer_objects(copy=False) before interpolating instead.
  day_resampled = boundary_group.resample('15min').interpolate(method='linear')
/data00/chenjiajun/20250711/daily_test/jiangsu_power_cronjob_v1/df_to_mongo.py:211: FutureWarning: DataFrame.fillna with 'method' is deprecated and will raise in a future version. Use obj.ffill() or obj.bfill() instead.
  day_full[numeric_cols]
/data00/chenjiajun/20250711/daily_test/jiangsu_power_cronjob_v1/df_to_mongo.py:206: FutureWarning: DataFrame.interpolate with object dtype is deprecated and will raise in a future version. Call obj.infer_objects(copy=False) before interpolating instead.
  day_resampled = boundary_group.resample('15min').interpolate(method='linear')
/data00/chenjiajun/20250711/daily_test/jiangsu_power_cronjob_v1/df_to_mongo.py:211: FutureWarning: DataFrame.fillna with 'method' is deprecated and will raise in a future version. Use obj.ffill() or obj.bfill() instead.
  day_full[numeric_cols]
/data00/chenjiajun/20250711/daily_test/jiangsu_power_cronjob_v1/df_to_mongo.py:206: FutureWarning: DataFrame.interpolate with object dtype is deprecated and will raise in a future version. Call obj.infer_objects(copy=False) before interpolating instead.
  day_resampled = boundary_group.resample('15min').interpolate(method='linear')
/data00/chenjiajun/20250711/daily_test/jiangsu_power_cronjob_v1/df_to_mongo.py:211: FutureWarning: DataFrame.fillna with 'method' is deprecated and will raise in a future version. Use obj.ffill() or obj.bfill() instead.
  day_full[numeric_cols]
/data00/chenjiajun/20250711/daily_test/jiangsu_power_cronjob_v1/df_to_mongo.py:206: FutureWarning: DataFrame.interpolate with object dtype is deprecated and will raise in a future version. Call obj.infer_objects(copy=False) before interpolating instead.
  day_resampled = boundary_group.resample('15min').interpolate(method='linear')
/data00/chenjiajun/20250711/daily_test/jiangsu_power_cronjob_v1/df_to_mongo.py:211: FutureWarning: DataFrame.fillna with 'method' is deprecated and will raise in a future version. Use obj.ffill() or obj.bfill() instead.
  day_full[numeric_cols]
/data00/chenjiajun/20250711/daily_test/jiangsu_power_cronjob_v1/df_to_mongo.py:206: FutureWarning: DataFrame.interpolate with object dtype is deprecated and will raise in a future version. Call obj.infer_objects(copy=False) before interpolating instead.
  day_resampled = boundary_group.resample('15min').interpolate(method='linear')
/data00/chenjiajun/20250711/daily_test/jiangsu_power_cronjob_v1/df_to_mongo.py:211: FutureWarning: DataFrame.fillna with 'method' is deprecated and will raise in a future version. Use obj.ffill() or obj.bfill() instead.
  day_full[numeric_cols]
2026-02-28 08:30:53,202 - INFO - 所有日期处理完成: 原始288条记录 -> 新1152条记录
2026-02-28 08:30:53,204 - INFO - 样本数量:288
2026-02-28 08:30:53,204 - INFO - 读取模型文件: /data00/chenjiajun/20250711/daily_test/jiangsu_power_cronjob_v1/local/checkpoints/new_energy_solar-realtime-by_day-noa-unweighted.json
2026-02-28 08:30:53,311 - INFO - Finish predicting new_energy_solar
/data00/chenjiajun/20250711/daily_test/jiangsu_power_cronjob_v1/df_to_mongo.py:206: FutureWarning: DataFrame.interpolate with object dtype is deprecated and will raise in a future version. Call obj.infer_objects(copy=False) before interpolating instead.
  day_resampled = boundary_group.resample('15min').interpolate(method='linear')
/data00/chenjiajun/20250711/daily_test/jiangsu_power_cronjob_v1/df_to_mongo.py:211: FutureWarning: DataFrame.fillna with 'method' is deprecated and will raise in a future version. Use obj.ffill() or obj.bfill() instead.
  day_full[numeric_cols]
/data00/chenjiajun/20250711/daily_test/jiangsu_power_cronjob_v1/df_to_mongo.py:206: FutureWarning: DataFrame.interpolate with object dtype is deprecated and will raise in a future version. Call obj.infer_objects(copy=False) before interpolating instead.
  day_resampled = boundary_group.resample('15min').interpolate(method='linear')
/data00/chenjiajun/20250711/daily_test/jiangsu_power_cronjob_v1/df_to_mongo.py:211: FutureWarning: DataFrame.fillna with 'method' is deprecated and will raise in a future version. Use obj.ffill() or obj.bfill() instead.
  day_full[numeric_cols]
/data00/chenjiajun/20250711/daily_test/jiangsu_power_cronjob_v1/df_to_mongo.py:206: FutureWarning: DataFrame.interpolate with object dtype is deprecated and will raise in a future version. Call obj.infer_objects(copy=False) before interpolating instead.
  day_resampled = boundary_group.resample('15min').interpolate(method='linear')
/data00/chenjiajun/20250711/daily_test/jiangsu_power_cronjob_v1/df_to_mongo.py:211: FutureWarning: DataFrame.fillna with 'method' is deprecated and will raise in a future version. Use obj.ffill() or obj.bfill() instead.
  day_full[numeric_cols]
/data00/chenjiajun/20250711/daily_test/jiangsu_power_cronjob_v1/df_to_mongo.py:206: FutureWarning: DataFrame.interpolate with object dtype is deprecated and will raise in a future version. Call obj.infer_objects(copy=False) before interpolating instead.
  day_resampled = boundary_group.resample('15min').interpolate(method='linear')
/data00/chenjiajun/20250711/daily_test/jiangsu_power_cronjob_v1/df_to_mongo.py:211: FutureWarning: DataFrame.fillna with 'method' is deprecated and will raise in a future version. Use obj.ffill() or obj.bfill() instead.
  day_full[numeric_cols]
/data00/chenjiajun/20250711/daily_test/jiangsu_power_cronjob_v1/df_to_mongo.py:206: FutureWarning: DataFrame.interpolate with object dtype is deprecated and will raise in a future version. Call obj.infer_objects(copy=False) before interpolating instead.
  day_resampled = boundary_group.resample('15min').interpolate(method='linear')
/data00/chenjiajun/20250711/daily_test/jiangsu_power_cronjob_v1/df_to_mongo.py:211: FutureWarning: DataFrame.fillna with 'method' is deprecated and will raise in a future version. Use obj.ffill() or obj.bfill() instead.
  day_full[numeric_cols]
/data00/chenjiajun/20250711/daily_test/jiangsu_power_cronjob_v1/df_to_mongo.py:206: FutureWarning: DataFrame.interpolate with object dtype is deprecated and will raise in a future version. Call obj.infer_objects(copy=False) before interpolating instead.
  day_resampled = boundary_group.resample('15min').interpolate(method='linear')
/data00/chenjiajun/20250711/daily_test/jiangsu_power_cronjob_v1/df_to_mongo.py:211: FutureWarning: DataFrame.fillna with 'method' is deprecated and will raise in a future version. Use obj.ffill() or obj.bfill() instead.
  day_full[numeric_cols]
/data00/chenjiajun/20250711/daily_test/jiangsu_power_cronjob_v1/df_to_mongo.py:206: FutureWarning: DataFrame.interpolate with object dtype is deprecated and will raise in a future version. Call obj.infer_objects(copy=False) before interpolating instead.
  day_resampled = boundary_group.resample('15min').interpolate(method='linear')
/data00/chenjiajun/20250711/daily_test/jiangsu_power_cronjob_v1/df_to_mongo.py:211: FutureWarning: DataFrame.fillna with 'method' is deprecated and will raise in a future version. Use obj.ffill() or obj.bfill() instead.
  day_full[numeric_cols]
/data00/chenjiajun/20250711/daily_test/jiangsu_power_cronjob_v1/df_to_mongo.py:206: FutureWarning: DataFrame.interpolate with object dtype is deprecated and will raise in a future version. Call obj.infer_objects(copy=False) before interpolating instead.
  day_resampled = boundary_group.resample('15min').interpolate(method='linear')
/data00/chenjiajun/20250711/daily_test/jiangsu_power_cronjob_v1/df_to_mongo.py:211: FutureWarning: DataFrame.fillna with 'method' is deprecated and will raise in a future version. Use obj.ffill() or obj.bfill() instead.
  day_full[numeric_cols]
/data00/chenjiajun/20250711/daily_test/jiangsu_power_cronjob_v1/df_to_mongo.py:206: FutureWarning: DataFrame.interpolate with object dtype is deprecated and will raise in a future version. Call obj.infer_objects(copy=False) before interpolating instead.
  day_resampled = boundary_group.resample('15min').interpolate(method='linear')
/data00/chenjiajun/20250711/daily_test/jiangsu_power_cronjob_v1/df_to_mongo.py:211: FutureWarning: DataFrame.fillna with 'method' is deprecated and will raise in a future version. Use obj.ffill() or obj.bfill() instead.
  day_full[numeric_cols]
/data00/chenjiajun/20250711/daily_test/jiangsu_power_cronjob_v1/df_to_mongo.py:206: FutureWarning: DataFrame.interpolate with object dtype is deprecated and will raise in a future version. Call obj.infer_objects(copy=False) before interpolating instead.
  day_resampled = boundary_group.resample('15min').interpolate(method='linear')
/data00/chenjiajun/20250711/daily_test/jiangsu_power_cronjob_v1/df_to_mongo.py:211: FutureWarning: DataFrame.fillna with 'method' is deprecated and will raise in a future version. Use obj.ffill() or obj.bfill() instead.
  day_full[numeric_cols]
/data00/chenjiajun/20250711/daily_test/jiangsu_power_cronjob_v1/df_to_mongo.py:206: FutureWarning: DataFrame.interpolate with object dtype is deprecated and will raise in a future version. Call obj.infer_objects(copy=False) before interpolating instead.
  day_resampled = boundary_group.resample('15min').interpolate(method='linear')
/data00/chenjiajun/20250711/daily_test/jiangsu_power_cronjob_v1/df_to_mongo.py:211: FutureWarning: DataFrame.fillna with 'method' is deprecated and will raise in a future version. Use obj.ffill() or obj.bfill() instead.
  day_full[numeric_cols]
/data00/chenjiajun/20250711/daily_test/jiangsu_power_cronjob_v1/df_to_mongo.py:206: FutureWarning: DataFrame.interpolate with object dtype is deprecated and will raise in a future version. Call obj.infer_objects(copy=False) before interpolating instead.
  day_resampled = boundary_group.resample('15min').interpolate(method='linear')
/data00/chenjiajun/20250711/daily_test/jiangsu_power_cronjob_v1/df_to_mongo.py:211: FutureWarning: DataFrame.fillna with 'method' is deprecated and will raise in a future version. Use obj.ffill() or obj.bfill() instead.
  day_full[numeric_cols]
2026-02-28 08:30:53,535 - INFO - 所有日期处理完成: 原始288条记录 -> 新1152条记录
2026-02-28 08:30:53,708 - INFO - 成功连接到MongoDB
2026-02-28 08:39:51,979 - INFO - 处理完成 - 成功: 1056 条, 失败: 0 条
               date_time create_time  ... version_date  version_time
0    2026-02-28 00:00:00  2026-02-28  ...   2026-02-27      20:00:00
1    2026-02-28 00:15:00  2026-02-28  ...   2026-02-27      20:00:00
2    2026-02-28 00:30:00  2026-02-28  ...   2026-02-27      20:00:00
3    2026-02-28 00:45:00  2026-02-28  ...   2026-02-27      20:00:00
4    2026-02-28 01:00:00  2026-02-28  ...   2026-02-27      20:00:00
...                  ...         ...  ...          ...           ...
1051 2026-03-10 22:45:00  2026-02-28  ...   2026-02-27      20:00:00
1052 2026-03-10 23:00:00  2026-02-28  ...   2026-02-27      20:00:00
1053 2026-03-10 23:15:00  2026-02-28  ...   2026-02-27      20:00:00
1054 2026-03-10 23:30:00  2026-02-28  ...   2026-02-27      20:00:00
1055 2026-03-10 23:45:00  2026-02-28  ...   2026-02-27      20:00:00

[1056 rows x 11 columns]
Current working directory: /data00/chenjiajun/20250711/daily_test/jiangsu_power_cronjob_v1
2026-03-01 08:30:03,855 - INFO - [job] model: xgboost, train: True, labels: ['new_energy_wind', 'new_energy_solar'], date: 2025-10-25~2026-02-22, pipeline: 20260301-083003, meteo_source: HRES
2026-03-01 08:30:03,856 - data.py[line:1416] - INFO: Start to get ahead data.
2026-03-01 08:30:03,856 - INFO - Start to get ahead data.
2026-03-01 08:30:03,856 - data.py[line:1425] - INFO: Finish getting ahead data.
2026-03-01 08:30:03,856 - INFO - Finish getting ahead data.
2026-03-01 08:30:03,856 - data.py[line:1428] - INFO: Start to get realtime data.
2026-03-01 08:30:03,856 - INFO - Start to get realtime data.
2026-03-01 08:30:13,916 - data.py[line:1439] - INFO: Finish getting realtime data.
2026-03-01 08:30:13,916 - INFO - Finish getting realtime data.
2026-03-01 08:30:13,919 - data.py[line:1445] - INFO: Start to get meteo data.
2026-03-01 08:30:13,919 - INFO - Start to get meteo data.
/data00/chenjiajun/20250711/daily_test/jiangsu_power_cronjob_v1/api/io/mysql.py:27: UserWarning: pandas only supports SQLAlchemy connectable (engine/connection) or database string URI or sqlite3 DBAPI2 connection. Other DBAPI2 objects are not tested. Please consider using SQLAlchemy.
  df = pd.read_sql(
2026-03-01 08:30:34,841 - data.py[line:1459] - INFO: Finish getting meteo data.
2026-03-01 08:30:34,841 - INFO - Finish getting meteo data.
2026-03-01 08:30:34,958 - INFO - 样本数量:2880
2026-03-01 08:30:34,958 - INFO - 训练模型: new_energy_wind
2026-03-01 08:30:40,782 - INFO - 保存模型到: /data00/chenjiajun/20250711/daily_test/jiangsu_power_cronjob_v1/local/checkpoints/new_energy_wind-realtime-by_day-noa-unweighted.json
2026-03-01 08:30:40,825 - INFO - 读取模型文件: /data00/chenjiajun/20250711/daily_test/jiangsu_power_cronjob_v1/local/checkpoints/new_energy_wind-realtime-by_day-noa-unweighted.json
2026-03-01 08:30:40,977 - INFO - Finish predicting new_energy_wind
2026-03-01 08:30:41,020 - INFO - 样本数量:2880
2026-03-01 08:30:41,020 - INFO - 训练模型: new_energy_solar
2026-03-01 08:30:42,430 - INFO - 保存模型到: /data00/chenjiajun/20250711/daily_test/jiangsu_power_cronjob_v1/local/checkpoints/new_energy_solar-realtime-by_day-noa-unweighted.json
2026-03-01 08:30:42,456 - INFO - 读取模型文件: /data00/chenjiajun/20250711/daily_test/jiangsu_power_cronjob_v1/local/checkpoints/new_energy_solar-realtime-by_day-noa-unweighted.json
2026-03-01 08:30:42,541 - INFO - Finish predicting new_energy_solar
2026-03-01 08:30:42,572 - INFO - new_energy_wind 预测准确率: 0.9736331698268996
2026-03-01 08:30:42,575 - INFO - new_energy_solar 预测准确率: 0.9847599198273567
2026-03-01 08:30:44,522 - INFO - [job] model: xgboost, train: False, labels: ['new_energy_wind', 'new_energy_solar'], date: 2026-02-28~2026-03-12, pipeline: 20260301-083044, meteo_source: HRES
2026-03-01 08:30:44,523 - data.py[line:1445] - INFO: Start to get meteo data.
2026-03-01 08:30:44,523 - INFO - Start to get meteo data.
/data00/chenjiajun/20250711/daily_test/jiangsu_power_cronjob_v1/api/io/mysql.py:27: UserWarning: pandas only supports SQLAlchemy connectable (engine/connection) or database string URI or sqlite3 DBAPI2 connection. Other DBAPI2 objects are not tested. Please consider using SQLAlchemy.
  df = pd.read_sql(
2026-03-01 08:30:47,355 - data.py[line:1459] - INFO: Finish getting meteo data.
2026-03-01 08:30:47,355 - INFO - Finish getting meteo data.
2026-03-01 08:30:47,370 - INFO - 样本数量:288
2026-03-01 08:30:47,370 - INFO - 读取模型文件: /data00/chenjiajun/20250711/daily_test/jiangsu_power_cronjob_v1/local/checkpoints/new_energy_wind-realtime-by_day-noa-unweighted.json
2026-03-01 08:30:48,549 - INFO - Finish predicting new_energy_wind
/data00/chenjiajun/20250711/daily_test/jiangsu_power_cronjob_v1/df_to_mongo.py:206: FutureWarning: DataFrame.interpolate with object dtype is deprecated and will raise in a future version. Call obj.infer_objects(copy=False) before interpolating instead.
  day_resampled = boundary_group.resample('15min').interpolate(method='linear')
/data00/chenjiajun/20250711/daily_test/jiangsu_power_cronjob_v1/df_to_mongo.py:211: FutureWarning: DataFrame.fillna with 'method' is deprecated and will raise in a future version. Use obj.ffill() or obj.bfill() instead.
  day_full[numeric_cols]
/data00/chenjiajun/20250711/daily_test/jiangsu_power_cronjob_v1/df_to_mongo.py:206: FutureWarning: DataFrame.interpolate with object dtype is deprecated and will raise in a future version. Call obj.infer_objects(copy=False) before interpolating instead.
  day_resampled = boundary_group.resample('15min').interpolate(method='linear')
/data00/chenjiajun/20250711/daily_test/jiangsu_power_cronjob_v1/df_to_mongo.py:211: FutureWarning: DataFrame.fillna with 'method' is deprecated and will raise in a future version. Use obj.ffill() or obj.bfill() instead.
  day_full[numeric_cols]
/data00/chenjiajun/20250711/daily_test/jiangsu_power_cronjob_v1/df_to_mongo.py:206: FutureWarning: DataFrame.interpolate with object dtype is deprecated and will raise in a future version. Call obj.infer_objects(copy=False) before interpolating instead.
  day_resampled = boundary_group.resample('15min').interpolate(method='linear')
/data00/chenjiajun/20250711/daily_test/jiangsu_power_cronjob_v1/df_to_mongo.py:211: FutureWarning: DataFrame.fillna with 'method' is deprecated and will raise in a future version. Use obj.ffill() or obj.bfill() instead.
  day_full[numeric_cols]
/data00/chenjiajun/20250711/daily_test/jiangsu_power_cronjob_v1/df_to_mongo.py:206: FutureWarning: DataFrame.interpolate with object dtype is deprecated and will raise in a future version. Call obj.infer_objects(copy=False) before interpolating instead.
  day_resampled = boundary_group.resample('15min').interpolate(method='linear')
/data00/chenjiajun/20250711/daily_test/jiangsu_power_cronjob_v1/df_to_mongo.py:211: FutureWarning: DataFrame.fillna with 'method' is deprecated and will raise in a future version. Use obj.ffill() or obj.bfill() instead.
  day_full[numeric_cols]
/data00/chenjiajun/20250711/daily_test/jiangsu_power_cronjob_v1/df_to_mongo.py:206: FutureWarning: DataFrame.interpolate with object dtype is deprecated and will raise in a future version. Call obj.infer_objects(copy=False) before interpolating instead.
  day_resampled = boundary_group.resample('15min').interpolate(method='linear')
/data00/chenjiajun/20250711/daily_test/jiangsu_power_cronjob_v1/df_to_mongo.py:211: FutureWarning: DataFrame.fillna with 'method' is deprecated and will raise in a future version. Use obj.ffill() or obj.bfill() instead.
  day_full[numeric_cols]
/data00/chenjiajun/20250711/daily_test/jiangsu_power_cronjob_v1/df_to_mongo.py:206: FutureWarning: DataFrame.interpolate with object dtype is deprecated and will raise in a future version. Call obj.infer_objects(copy=False) before interpolating instead.
  day_resampled = boundary_group.resample('15min').interpolate(method='linear')
/data00/chenjiajun/20250711/daily_test/jiangsu_power_cronjob_v1/df_to_mongo.py:211: FutureWarning: DataFrame.fillna with 'method' is deprecated and will raise in a future version. Use obj.ffill() or obj.bfill() instead.
  day_full[numeric_cols]
/data00/chenjiajun/20250711/daily_test/jiangsu_power_cronjob_v1/df_to_mongo.py:206: FutureWarning: DataFrame.interpolate with object dtype is deprecated and will raise in a future version. Call obj.infer_objects(copy=False) before interpolating instead.
  day_resampled = boundary_group.resample('15min').interpolate(method='linear')
/data00/chenjiajun/20250711/daily_test/jiangsu_power_cronjob_v1/df_to_mongo.py:211: FutureWarning: DataFrame.fillna with 'method' is deprecated and will raise in a future version. Use obj.ffill() or obj.bfill() instead.
  day_full[numeric_cols]
/data00/chenjiajun/20250711/daily_test/jiangsu_power_cronjob_v1/df_to_mongo.py:206: FutureWarning: DataFrame.interpolate with object dtype is deprecated and will raise in a future version. Call obj.infer_objects(copy=False) before interpolating instead.
  day_resampled = boundary_group.resample('15min').interpolate(method='linear')
/data00/chenjiajun/20250711/daily_test/jiangsu_power_cronjob_v1/df_to_mongo.py:211: FutureWarning: DataFrame.fillna with 'method' is deprecated and will raise in a future version. Use obj.ffill() or obj.bfill() instead.
  day_full[numeric_cols]
/data00/chenjiajun/20250711/daily_test/jiangsu_power_cronjob_v1/df_to_mongo.py:206: FutureWarning: DataFrame.interpolate with object dtype is deprecated and will raise in a future version. Call obj.infer_objects(copy=False) before interpolating instead.
  day_resampled = boundary_group.resample('15min').interpolate(method='linear')
/data00/chenjiajun/20250711/daily_test/jiangsu_power_cronjob_v1/df_to_mongo.py:211: FutureWarning: DataFrame.fillna with 'method' is deprecated and will raise in a future version. Use obj.ffill() or obj.bfill() instead.
  day_full[numeric_cols]
/data00/chenjiajun/20250711/daily_test/jiangsu_power_cronjob_v1/df_to_mongo.py:206: FutureWarning: DataFrame.interpolate with object dtype is deprecated and will raise in a future version. Call obj.infer_objects(copy=False) before interpolating instead.
  day_resampled = boundary_group.resample('15min').interpolate(method='linear')
/data00/chenjiajun/20250711/daily_test/jiangsu_power_cronjob_v1/df_to_mongo.py:211: FutureWarning: DataFrame.fillna with 'method' is deprecated and will raise in a future version. Use obj.ffill() or obj.bfill() instead.
  day_full[numeric_cols]
/data00/chenjiajun/20250711/daily_test/jiangsu_power_cronjob_v1/df_to_mongo.py:206: FutureWarning: DataFrame.interpolate with object dtype is deprecated and will raise in a future version. Call obj.infer_objects(copy=False) before interpolating instead.
  day_resampled = boundary_group.resample('15min').interpolate(method='linear')
/data00/chenjiajun/20250711/daily_test/jiangsu_power_cronjob_v1/df_to_mongo.py:211: FutureWarning: DataFrame.fillna with 'method' is deprecated and will raise in a future version. Use obj.ffill() or obj.bfill() instead.
  day_full[numeric_cols]
/data00/chenjiajun/20250711/daily_test/jiangsu_power_cronjob_v1/df_to_mongo.py:206: FutureWarning: DataFrame.interpolate with object dtype is deprecated and will raise in a future version. Call obj.infer_objects(copy=False) before interpolating instead.
  day_resampled = boundary_group.resample('15min').interpolate(method='linear')
/data00/chenjiajun/20250711/daily_test/jiangsu_power_cronjob_v1/df_to_mongo.py:211: FutureWarning: DataFrame.fillna with 'method' is deprecated and will raise in a future version. Use obj.ffill() or obj.bfill() instead.
  day_full[numeric_cols]
2026-03-01 08:30:49,090 - INFO - 所有日期处理完成: 原始288条记录 -> 新1152条记录
2026-03-01 08:30:49,093 - INFO - 样本数量:288
2026-03-01 08:30:49,094 - INFO - 读取模型文件: /data00/chenjiajun/20250711/daily_test/jiangsu_power_cronjob_v1/local/checkpoints/new_energy_solar-realtime-by_day-noa-unweighted.json
2026-03-01 08:30:49,248 - INFO - Finish predicting new_energy_solar
/data00/chenjiajun/20250711/daily_test/jiangsu_power_cronjob_v1/df_to_mongo.py:206: FutureWarning: DataFrame.interpolate with object dtype is deprecated and will raise in a future version. Call obj.infer_objects(copy=False) before interpolating instead.
  day_resampled = boundary_group.resample('15min').interpolate(method='linear')
/data00/chenjiajun/20250711/daily_test/jiangsu_power_cronjob_v1/df_to_mongo.py:211: FutureWarning: DataFrame.fillna with 'method' is deprecated and will raise in a future version. Use obj.ffill() or obj.bfill() instead.
  day_full[numeric_cols]
/data00/chenjiajun/20250711/daily_test/jiangsu_power_cronjob_v1/df_to_mongo.py:206: FutureWarning: DataFrame.interpolate with object dtype is deprecated and will raise in a future version. Call obj.infer_objects(copy=False) before interpolating instead.
  day_resampled = boundary_group.resample('15min').interpolate(method='linear')
/data00/chenjiajun/20250711/daily_test/jiangsu_power_cronjob_v1/df_to_mongo.py:211: FutureWarning: DataFrame.fillna with 'method' is deprecated and will raise in a future version. Use obj.ffill() or obj.bfill() instead.
  day_full[numeric_cols]
/data00/chenjiajun/20250711/daily_test/jiangsu_power_cronjob_v1/df_to_mongo.py:206: FutureWarning: DataFrame.interpolate with object dtype is deprecated and will raise in a future version. Call obj.infer_objects(copy=False) before interpolating instead.
  day_resampled = boundary_group.resample('15min').interpolate(method='linear')
/data00/chenjiajun/20250711/daily_test/jiangsu_power_cronjob_v1/df_to_mongo.py:211: FutureWarning: DataFrame.fillna with 'method' is deprecated and will raise in a future version. Use obj.ffill() or obj.bfill() instead.
  day_full[numeric_cols]
/data00/chenjiajun/20250711/daily_test/jiangsu_power_cronjob_v1/df_to_mongo.py:206: FutureWarning: DataFrame.interpolate with object dtype is deprecated and will raise in a future version. Call obj.infer_objects(copy=False) before interpolating instead.
  day_resampled = boundary_group.resample('15min').interpolate(method='linear')
/data00/chenjiajun/20250711/daily_test/jiangsu_power_cronjob_v1/df_to_mongo.py:211: FutureWarning: DataFrame.fillna with 'method' is deprecated and will raise in a future version. Use obj.ffill() or obj.bfill() instead.
  day_full[numeric_cols]
/data00/chenjiajun/20250711/daily_test/jiangsu_power_cronjob_v1/df_to_mongo.py:206: FutureWarning: DataFrame.interpolate with object dtype is deprecated and will raise in a future version. Call obj.infer_objects(copy=False) before interpolating instead.
  day_resampled = boundary_group.resample('15min').interpolate(method='linear')
/data00/chenjiajun/20250711/daily_test/jiangsu_power_cronjob_v1/df_to_mongo.py:211: FutureWarning: DataFrame.fillna with 'method' is deprecated and will raise in a future version. Use obj.ffill() or obj.bfill() instead.
  day_full[numeric_cols]
/data00/chenjiajun/20250711/daily_test/jiangsu_power_cronjob_v1/df_to_mongo.py:206: FutureWarning: DataFrame.interpolate with object dtype is deprecated and will raise in a future version. Call obj.infer_objects(copy=False) before interpolating instead.
  day_resampled = boundary_group.resample('15min').interpolate(method='linear')
/data00/chenjiajun/20250711/daily_test/jiangsu_power_cronjob_v1/df_to_mongo.py:211: FutureWarning: DataFrame.fillna with 'method' is deprecated and will raise in a future version. Use obj.ffill() or obj.bfill() instead.
  day_full[numeric_cols]
/data00/chenjiajun/20250711/daily_test/jiangsu_power_cronjob_v1/df_to_mongo.py:206: FutureWarning: DataFrame.interpolate with object dtype is deprecated and will raise in a future version. Call obj.infer_objects(copy=False) before interpolating instead.
  day_resampled = boundary_group.resample('15min').interpolate(method='linear')
/data00/chenjiajun/20250711/daily_test/jiangsu_power_cronjob_v1/df_to_mongo.py:211: FutureWarning: DataFrame.fillna with 'method' is deprecated and will raise in a future version. Use obj.ffill() or obj.bfill() instead.
  day_full[numeric_cols]
/data00/chenjiajun/20250711/daily_test/jiangsu_power_cronjob_v1/df_to_mongo.py:206: FutureWarning: DataFrame.interpolate with object dtype is deprecated and will raise in a future version. Call obj.infer_objects(copy=False) before interpolating instead.
  day_resampled = boundary_group.resample('15min').interpolate(method='linear')
/data00/chenjiajun/20250711/daily_test/jiangsu_power_cronjob_v1/df_to_mongo.py:211: FutureWarning: DataFrame.fillna with 'method' is deprecated and will raise in a future version. Use obj.ffill() or obj.bfill() instead.
  day_full[numeric_cols]
/data00/chenjiajun/20250711/daily_test/jiangsu_power_cronjob_v1/df_to_mongo.py:206: FutureWarning: DataFrame.interpolate with object dtype is deprecated and will raise in a future version. Call obj.infer_objects(copy=False) before interpolating instead.
  day_resampled = boundary_group.resample('15min').interpolate(method='linear')
/data00/chenjiajun/20250711/daily_test/jiangsu_power_cronjob_v1/df_to_mongo.py:211: FutureWarning: DataFrame.fillna with 'method' is deprecated and will raise in a future version. Use obj.ffill() or obj.bfill() instead.
  day_full[numeric_cols]
/data00/chenjiajun/20250711/daily_test/jiangsu_power_cronjob_v1/df_to_mongo.py:206: FutureWarning: DataFrame.interpolate with object dtype is deprecated and will raise in a future version. Call obj.infer_objects(copy=False) before interpolating instead.
  day_resampled = boundary_group.resample('15min').interpolate(method='linear')
/data00/chenjiajun/20250711/daily_test/jiangsu_power_cronjob_v1/df_to_mongo.py:211: FutureWarning: DataFrame.fillna with 'method' is deprecated and will raise in a future version. Use obj.ffill() or obj.bfill() instead.
  day_full[numeric_cols]
/data00/chenjiajun/20250711/daily_test/jiangsu_power_cronjob_v1/df_to_mongo.py:206: FutureWarning: DataFrame.interpolate with object dtype is deprecated and will raise in a future version. Call obj.infer_objects(copy=False) before interpolating instead.
  day_resampled = boundary_group.resample('15min').interpolate(method='linear')
/data00/chenjiajun/20250711/daily_test/jiangsu_power_cronjob_v1/df_to_mongo.py:211: FutureWarning: DataFrame.fillna with 'method' is deprecated and will raise in a future version. Use obj.ffill() or obj.bfill() instead.
  day_full[numeric_cols]
/data00/chenjiajun/20250711/daily_test/jiangsu_power_cronjob_v1/df_to_mongo.py:206: FutureWarning: DataFrame.interpolate with object dtype is deprecated and will raise in a future version. Call obj.infer_objects(copy=False) before interpolating instead.
  day_resampled = boundary_group.resample('15min').interpolate(method='linear')
/data00/chenjiajun/20250711/daily_test/jiangsu_power_cronjob_v1/df_to_mongo.py:211: FutureWarning: DataFrame.fillna with 'method' is deprecated and will raise in a future version. Use obj.ffill() or obj.bfill() instead.
  day_full[numeric_cols]
2026-03-01 08:30:49,460 - INFO - 所有日期处理完成: 原始288条记录 -> 新1152条记录
2026-03-01 08:30:49,660 - INFO - 成功连接到MongoDB
2026-03-01 08:40:11,871 - INFO - 处理完成 - 成功: 1056 条, 失败: 0 条
               date_time create_time  ... version_date  version_time
0    2026-03-01 00:00:00  2026-03-01  ...   2026-02-28      20:00:00
1    2026-03-01 00:15:00  2026-03-01  ...   2026-02-28      20:00:00
2    2026-03-01 00:30:00  2026-03-01  ...   2026-02-28      20:00:00
3    2026-03-01 00:45:00  2026-03-01  ...   2026-02-28      20:00:00
4    2026-03-01 01:00:00  2026-03-01  ...   2026-02-28      20:00:00
...                  ...         ...  ...          ...           ...
1051 2026-03-11 22:45:00  2026-03-01  ...   2026-02-28      20:00:00
1052 2026-03-11 23:00:00  2026-03-01  ...   2026-02-28      20:00:00
1053 2026-03-11 23:15:00  2026-03-01  ...   2026-02-28      20:00:00
1054 2026-03-11 23:30:00  2026-03-01  ...   2026-02-28      20:00:00
1055 2026-03-11 23:45:00  2026-03-01  ...   2026-02-28      20:00:00

[1056 rows x 11 columns]
Current working directory: /data00/chenjiajun/20250711/daily_test/jiangsu_power_cronjob_v1
2026-03-02 08:30:03,491 - INFO - [job] model: xgboost, train: True, labels: ['new_energy_wind', 'new_energy_solar'], date: 2025-10-26~2026-02-23, pipeline: 20260302-083003, meteo_source: HRES
2026-03-02 08:30:03,492 - data.py[line:1416] - INFO: Start to get ahead data.
2026-03-02 08:30:03,492 - INFO - Start to get ahead data.
2026-03-02 08:30:03,492 - data.py[line:1425] - INFO: Finish getting ahead data.
2026-03-02 08:30:03,492 - INFO - Finish getting ahead data.
2026-03-02 08:30:03,492 - data.py[line:1428] - INFO: Start to get realtime data.
2026-03-02 08:30:03,492 - INFO - Start to get realtime data.
2026-03-02 08:30:14,071 - data.py[line:1439] - INFO: Finish getting realtime data.
2026-03-02 08:30:14,071 - INFO - Finish getting realtime data.
2026-03-02 08:30:14,074 - data.py[line:1445] - INFO: Start to get meteo data.
2026-03-02 08:30:14,074 - INFO - Start to get meteo data.
/data00/chenjiajun/20250711/daily_test/jiangsu_power_cronjob_v1/api/io/mysql.py:27: UserWarning: pandas only supports SQLAlchemy connectable (engine/connection) or database string URI or sqlite3 DBAPI2 connection. Other DBAPI2 objects are not tested. Please consider using SQLAlchemy.
  df = pd.read_sql(
2026-03-02 08:30:32,622 - data.py[line:1459] - INFO: Finish getting meteo data.
2026-03-02 08:30:32,622 - INFO - Finish getting meteo data.
2026-03-02 08:30:32,740 - INFO - 样本数量:2880
2026-03-02 08:30:32,741 - INFO - 训练模型: new_energy_wind
2026-03-02 08:30:39,069 - INFO - 保存模型到: /data00/chenjiajun/20250711/daily_test/jiangsu_power_cronjob_v1/local/checkpoints/new_energy_wind-realtime-by_day-noa-unweighted.json
2026-03-02 08:30:39,123 - INFO - 读取模型文件: /data00/chenjiajun/20250711/daily_test/jiangsu_power_cronjob_v1/local/checkpoints/new_energy_wind-realtime-by_day-noa-unweighted.json
2026-03-02 08:30:39,276 - INFO - Finish predicting new_energy_wind
2026-03-02 08:30:39,317 - INFO - 样本数量:2880
2026-03-02 08:30:39,317 - INFO - 训练模型: new_energy_solar
2026-03-02 08:30:40,733 - INFO - 保存模型到: /data00/chenjiajun/20250711/daily_test/jiangsu_power_cronjob_v1/local/checkpoints/new_energy_solar-realtime-by_day-noa-unweighted.json
2026-03-02 08:30:40,763 - INFO - 读取模型文件: /data00/chenjiajun/20250711/daily_test/jiangsu_power_cronjob_v1/local/checkpoints/new_energy_solar-realtime-by_day-noa-unweighted.json
2026-03-02 08:30:40,858 - INFO - Finish predicting new_energy_solar
2026-03-02 08:30:40,888 - INFO - new_energy_wind 预测准确率: 0.9742863052939117
2026-03-02 08:30:40,892 - INFO - new_energy_solar 预测准确率: 0.9845607325938069
2026-03-02 08:30:43,489 - INFO - [job] model: xgboost, train: False, labels: ['new_energy_wind', 'new_energy_solar'], date: 2026-03-01~2026-03-13, pipeline: 20260302-083043, meteo_source: HRES
2026-03-02 08:30:43,491 - data.py[line:1445] - INFO: Start to get meteo data.
2026-03-02 08:30:43,491 - INFO - Start to get meteo data.
/data00/chenjiajun/20250711/daily_test/jiangsu_power_cronjob_v1/api/io/mysql.py:27: UserWarning: pandas only supports SQLAlchemy connectable (engine/connection) or database string URI or sqlite3 DBAPI2 connection. Other DBAPI2 objects are not tested. Please consider using SQLAlchemy.
  df = pd.read_sql(
2026-03-02 08:30:46,386 - data.py[line:1459] - INFO: Finish getting meteo data.
2026-03-02 08:30:46,386 - INFO - Finish getting meteo data.
2026-03-02 08:30:46,400 - INFO - 样本数量:288
2026-03-02 08:30:46,401 - INFO - 读取模型文件: /data00/chenjiajun/20250711/daily_test/jiangsu_power_cronjob_v1/local/checkpoints/new_energy_wind-realtime-by_day-noa-unweighted.json
2026-03-02 08:30:47,563 - INFO - Finish predicting new_energy_wind
/data00/chenjiajun/20250711/daily_test/jiangsu_power_cronjob_v1/df_to_mongo.py:206: FutureWarning: DataFrame.interpolate with object dtype is deprecated and will raise in a future version. Call obj.infer_objects(copy=False) before interpolating instead.
  day_resampled = boundary_group.resample('15min').interpolate(method='linear')
/data00/chenjiajun/20250711/daily_test/jiangsu_power_cronjob_v1/df_to_mongo.py:211: FutureWarning: DataFrame.fillna with 'method' is deprecated and will raise in a future version. Use obj.ffill() or obj.bfill() instead.
  day_full[numeric_cols]
/data00/chenjiajun/20250711/daily_test/jiangsu_power_cronjob_v1/df_to_mongo.py:206: FutureWarning: DataFrame.interpolate with object dtype is deprecated and will raise in a future version. Call obj.infer_objects(copy=False) before interpolating instead.
  day_resampled = boundary_group.resample('15min').interpolate(method='linear')
/data00/chenjiajun/20250711/daily_test/jiangsu_power_cronjob_v1/df_to_mongo.py:211: FutureWarning: DataFrame.fillna with 'method' is deprecated and will raise in a future version. Use obj.ffill() or obj.bfill() instead.
  day_full[numeric_cols]
/data00/chenjiajun/20250711/daily_test/jiangsu_power_cronjob_v1/df_to_mongo.py:206: FutureWarning: DataFrame.interpolate with object dtype is deprecated and will raise in a future version. Call obj.infer_objects(copy=False) before interpolating instead.
  day_resampled = boundary_group.resample('15min').interpolate(method='linear')
/data00/chenjiajun/20250711/daily_test/jiangsu_power_cronjob_v1/df_to_mongo.py:211: FutureWarning: DataFrame.fillna with 'method' is deprecated and will raise in a future version. Use obj.ffill() or obj.bfill() instead.
  day_full[numeric_cols]
/data00/chenjiajun/20250711/daily_test/jiangsu_power_cronjob_v1/df_to_mongo.py:206: FutureWarning: DataFrame.interpolate with object dtype is deprecated and will raise in a future version. Call obj.infer_objects(copy=False) before interpolating instead.
  day_resampled = boundary_group.resample('15min').interpolate(method='linear')
/data00/chenjiajun/20250711/daily_test/jiangsu_power_cronjob_v1/df_to_mongo.py:211: FutureWarning: DataFrame.fillna with 'method' is deprecated and will raise in a future version. Use obj.ffill() or obj.bfill() instead.
  day_full[numeric_cols]
/data00/chenjiajun/20250711/daily_test/jiangsu_power_cronjob_v1/df_to_mongo.py:206: FutureWarning: DataFrame.interpolate with object dtype is deprecated and will raise in a future version. Call obj.infer_objects(copy=False) before interpolating instead.
  day_resampled = boundary_group.resample('15min').interpolate(method='linear')
/data00/chenjiajun/20250711/daily_test/jiangsu_power_cronjob_v1/df_to_mongo.py:211: FutureWarning: DataFrame.fillna with 'method' is deprecated and will raise in a future version. Use obj.ffill() or obj.bfill() instead.
  day_full[numeric_cols]
/data00/chenjiajun/20250711/daily_test/jiangsu_power_cronjob_v1/df_to_mongo.py:206: FutureWarning: DataFrame.interpolate with object dtype is deprecated and will raise in a future version. Call obj.infer_objects(copy=False) before interpolating instead.
  day_resampled = boundary_group.resample('15min').interpolate(method='linear')
/data00/chenjiajun/20250711/daily_test/jiangsu_power_cronjob_v1/df_to_mongo.py:211: FutureWarning: DataFrame.fillna with 'method' is deprecated and will raise in a future version. Use obj.ffill() or obj.bfill() instead.
  day_full[numeric_cols]
/data00/chenjiajun/20250711/daily_test/jiangsu_power_cronjob_v1/df_to_mongo.py:206: FutureWarning: DataFrame.interpolate with object dtype is deprecated and will raise in a future version. Call obj.infer_objects(copy=False) before interpolating instead.
  day_resampled = boundary_group.resample('15min').interpolate(method='linear')
/data00/chenjiajun/20250711/daily_test/jiangsu_power_cronjob_v1/df_to_mongo.py:211: FutureWarning: DataFrame.fillna with 'method' is deprecated and will raise in a future version. Use obj.ffill() or obj.bfill() instead.
  day_full[numeric_cols]
/data00/chenjiajun/20250711/daily_test/jiangsu_power_cronjob_v1/df_to_mongo.py:206: FutureWarning: DataFrame.interpolate with object dtype is deprecated and will raise in a future version. Call obj.infer_objects(copy=False) before interpolating instead.
  day_resampled = boundary_group.resample('15min').interpolate(method='linear')
/data00/chenjiajun/20250711/daily_test/jiangsu_power_cronjob_v1/df_to_mongo.py:211: FutureWarning: DataFrame.fillna with 'method' is deprecated and will raise in a future version. Use obj.ffill() or obj.bfill() instead.
  day_full[numeric_cols]
/data00/chenjiajun/20250711/daily_test/jiangsu_power_cronjob_v1/df_to_mongo.py:206: FutureWarning: DataFrame.interpolate with object dtype is deprecated and will raise in a future version. Call obj.infer_objects(copy=False) before interpolating instead.
  day_resampled = boundary_group.resample('15min').interpolate(method='linear')
/data00/chenjiajun/20250711/daily_test/jiangsu_power_cronjob_v1/df_to_mongo.py:211: FutureWarning: DataFrame.fillna with 'method' is deprecated and will raise in a future version. Use obj.ffill() or obj.bfill() instead.
  day_full[numeric_cols]
/data00/chenjiajun/20250711/daily_test/jiangsu_power_cronjob_v1/df_to_mongo.py:206: FutureWarning: DataFrame.interpolate with object dtype is deprecated and will raise in a future version. Call obj.infer_objects(copy=False) before interpolating instead.
  day_resampled = boundary_group.resample('15min').interpolate(method='linear')
/data00/chenjiajun/20250711/daily_test/jiangsu_power_cronjob_v1/df_to_mongo.py:211: FutureWarning: DataFrame.fillna with 'method' is deprecated and will raise in a future version. Use obj.ffill() or obj.bfill() instead.
  day_full[numeric_cols]
/data00/chenjiajun/20250711/daily_test/jiangsu_power_cronjob_v1/df_to_mongo.py:206: FutureWarning: DataFrame.interpolate with object dtype is deprecated and will raise in a future version. Call obj.infer_objects(copy=False) before interpolating instead.
  day_resampled = boundary_group.resample('15min').interpolate(method='linear')
/data00/chenjiajun/20250711/daily_test/jiangsu_power_cronjob_v1/df_to_mongo.py:211: FutureWarning: DataFrame.fillna with 'method' is deprecated and will raise in a future version. Use obj.ffill() or obj.bfill() instead.
  day_full[numeric_cols]
/data00/chenjiajun/20250711/daily_test/jiangsu_power_cronjob_v1/df_to_mongo.py:206: FutureWarning: DataFrame.interpolate with object dtype is deprecated and will raise in a future version. Call obj.infer_objects(copy=False) before interpolating instead.
  day_resampled = boundary_group.resample('15min').interpolate(method='linear')
/data00/chenjiajun/20250711/daily_test/jiangsu_power_cronjob_v1/df_to_mongo.py:211: FutureWarning: DataFrame.fillna with 'method' is deprecated and will raise in a future version. Use obj.ffill() or obj.bfill() instead.
  day_full[numeric_cols]
2026-03-02 08:30:47,942 - INFO - 所有日期处理完成: 原始288条记录 -> 新1152条记录
2026-03-02 08:30:47,943 - INFO - 样本数量:288
2026-03-02 08:30:47,944 - INFO - 读取模型文件: /data00/chenjiajun/20250711/daily_test/jiangsu_power_cronjob_v1/local/checkpoints/new_energy_solar-realtime-by_day-noa-unweighted.json
2026-03-02 08:30:48,046 - INFO - Finish predicting new_energy_solar
/data00/chenjiajun/20250711/daily_test/jiangsu_power_cronjob_v1/df_to_mongo.py:206: FutureWarning: DataFrame.interpolate with object dtype is deprecated and will raise in a future version. Call obj.infer_objects(copy=False) before interpolating instead.
  day_resampled = boundary_group.resample('15min').interpolate(method='linear')
/data00/chenjiajun/20250711/daily_test/jiangsu_power_cronjob_v1/df_to_mongo.py:211: FutureWarning: DataFrame.fillna with 'method' is deprecated and will raise in a future version. Use obj.ffill() or obj.bfill() instead.
  day_full[numeric_cols]
/data00/chenjiajun/20250711/daily_test/jiangsu_power_cronjob_v1/df_to_mongo.py:206: FutureWarning: DataFrame.interpolate with object dtype is deprecated and will raise in a future version. Call obj.infer_objects(copy=False) before interpolating instead.
  day_resampled = boundary_group.resample('15min').interpolate(method='linear')
/data00/chenjiajun/20250711/daily_test/jiangsu_power_cronjob_v1/df_to_mongo.py:211: FutureWarning: DataFrame.fillna with 'method' is deprecated and will raise in a future version. Use obj.ffill() or obj.bfill() instead.
  day_full[numeric_cols]
/data00/chenjiajun/20250711/daily_test/jiangsu_power_cronjob_v1/df_to_mongo.py:206: FutureWarning: DataFrame.interpolate with object dtype is deprecated and will raise in a future version. Call obj.infer_objects(copy=False) before interpolating instead.
  day_resampled = boundary_group.resample('15min').interpolate(method='linear')
/data00/chenjiajun/20250711/daily_test/jiangsu_power_cronjob_v1/df_to_mongo.py:211: FutureWarning: DataFrame.fillna with 'method' is deprecated and will raise in a future version. Use obj.ffill() or obj.bfill() instead.
  day_full[numeric_cols]
/data00/chenjiajun/20250711/daily_test/jiangsu_power_cronjob_v1/df_to_mongo.py:206: FutureWarning: DataFrame.interpolate with object dtype is deprecated and will raise in a future version. Call obj.infer_objects(copy=False) before interpolating instead.
  day_resampled = boundary_group.resample('15min').interpolate(method='linear')
/data00/chenjiajun/20250711/daily_test/jiangsu_power_cronjob_v1/df_to_mongo.py:211: FutureWarning: DataFrame.fillna with 'method' is deprecated and will raise in a future version. Use obj.ffill() or obj.bfill() instead.
  day_full[numeric_cols]
/data00/chenjiajun/20250711/daily_test/jiangsu_power_cronjob_v1/df_to_mongo.py:206: FutureWarning: DataFrame.interpolate with object dtype is deprecated and will raise in a future version. Call obj.infer_objects(copy=False) before interpolating instead.
  day_resampled = boundary_group.resample('15min').interpolate(method='linear')
/data00/chenjiajun/20250711/daily_test/jiangsu_power_cronjob_v1/df_to_mongo.py:211: FutureWarning: DataFrame.fillna with 'method' is deprecated and will raise in a future version. Use obj.ffill() or obj.bfill() instead.
  day_full[numeric_cols]
/data00/chenjiajun/20250711/daily_test/jiangsu_power_cronjob_v1/df_to_mongo.py:206: FutureWarning: DataFrame.interpolate with object dtype is deprecated and will raise in a future version. Call obj.infer_objects(copy=False) before interpolating instead.
  day_resampled = boundary_group.resample('15min').interpolate(method='linear')
/data00/chenjiajun/20250711/daily_test/jiangsu_power_cronjob_v1/df_to_mongo.py:211: FutureWarning: DataFrame.fillna with 'method' is deprecated and will raise in a future version. Use obj.ffill() or obj.bfill() instead.
  day_full[numeric_cols]
/data00/chenjiajun/20250711/daily_test/jiangsu_power_cronjob_v1/df_to_mongo.py:206: FutureWarning: DataFrame.interpolate with object dtype is deprecated and will raise in a future version. Call obj.infer_objects(copy=False) before interpolating instead.
  day_resampled = boundary_group.resample('15min').interpolate(method='linear')
/data00/chenjiajun/20250711/daily_test/jiangsu_power_cronjob_v1/df_to_mongo.py:211: FutureWarning: DataFrame.fillna with 'method' is deprecated and will raise in a future version. Use obj.ffill() or obj.bfill() instead.
  day_full[numeric_cols]
/data00/chenjiajun/20250711/daily_test/jiangsu_power_cronjob_v1/df_to_mongo.py:206: FutureWarning: DataFrame.interpolate with object dtype is deprecated and will raise in a future version. Call obj.infer_objects(copy=False) before interpolating instead.
  day_resampled = boundary_group.resample('15min').interpolate(method='linear')
/data00/chenjiajun/20250711/daily_test/jiangsu_power_cronjob_v1/df_to_mongo.py:211: FutureWarning: DataFrame.fillna with 'method' is deprecated and will raise in a future version. Use obj.ffill() or obj.bfill() instead.
  day_full[numeric_cols]
/data00/chenjiajun/20250711/daily_test/jiangsu_power_cronjob_v1/df_to_mongo.py:206: FutureWarning: DataFrame.interpolate with object dtype is deprecated and will raise in a future version. Call obj.infer_objects(copy=False) before interpolating instead.
  day_resampled = boundary_group.resample('15min').interpolate(method='linear')
/data00/chenjiajun/20250711/daily_test/jiangsu_power_cronjob_v1/df_to_mongo.py:211: FutureWarning: DataFrame.fillna with 'method' is deprecated and will raise in a future version. Use obj.ffill() or obj.bfill() instead.
  day_full[numeric_cols]
/data00/chenjiajun/20250711/daily_test/jiangsu_power_cronjob_v1/df_to_mongo.py:206: FutureWarning: DataFrame.interpolate with object dtype is deprecated and will raise in a future version. Call obj.infer_objects(copy=False) before interpolating instead.
  day_resampled = boundary_group.resample('15min').interpolate(method='linear')
/data00/chenjiajun/20250711/daily_test/jiangsu_power_cronjob_v1/df_to_mongo.py:211: FutureWarning: DataFrame.fillna with 'method' is deprecated and will raise in a future version. Use obj.ffill() or obj.bfill() instead.
  day_full[numeric_cols]
/data00/chenjiajun/20250711/daily_test/jiangsu_power_cronjob_v1/df_to_mongo.py:206: FutureWarning: DataFrame.interpolate with object dtype is deprecated and will raise in a future version. Call obj.infer_objects(copy=False) before interpolating instead.
  day_resampled = boundary_group.resample('15min').interpolate(method='linear')
/data00/chenjiajun/20250711/daily_test/jiangsu_power_cronjob_v1/df_to_mongo.py:211: FutureWarning: DataFrame.fillna with 'method' is deprecated and will raise in a future version. Use obj.ffill() or obj.bfill() instead.
  day_full[numeric_cols]
/data00/chenjiajun/20250711/daily_test/jiangsu_power_cronjob_v1/df_to_mongo.py:206: FutureWarning: DataFrame.interpolate with object dtype is deprecated and will raise in a future version. Call obj.infer_objects(copy=False) before interpolating instead.
  day_resampled = boundary_group.resample('15min').interpolate(method='linear')
/data00/chenjiajun/20250711/daily_test/jiangsu_power_cronjob_v1/df_to_mongo.py:211: FutureWarning: DataFrame.fillna with 'method' is deprecated and will raise in a future version. Use obj.ffill() or obj.bfill() instead.
  day_full[numeric_cols]
2026-03-02 08:30:48,218 - INFO - 所有日期处理完成: 原始288条记录 -> 新1152条记录
2026-03-02 08:30:48,418 - INFO - 成功连接到MongoDB
2026-03-02 08:40:11,027 - INFO - 处理完成 - 成功: 1056 条, 失败: 0 条
               date_time create_time  ... version_date  version_time
0    2026-03-02 00:00:00  2026-03-02  ...   2026-03-01      20:00:00
1    2026-03-02 00:15:00  2026-03-02  ...   2026-03-01      20:00:00
2    2026-03-02 00:30:00  2026-03-02  ...   2026-03-01      20:00:00
3    2026-03-02 00:45:00  2026-03-02  ...   2026-03-01      20:00:00
4    2026-03-02 01:00:00  2026-03-02  ...   2026-03-01      20:00:00
...                  ...         ...  ...          ...           ...
1051 2026-03-12 22:45:00  2026-03-02  ...   2026-03-01      20:00:00
1052 2026-03-12 23:00:00  2026-03-02  ...   2026-03-01      20:00:00
1053 2026-03-12 23:15:00  2026-03-02  ...   2026-03-01      20:00:00
1054 2026-03-12 23:30:00  2026-03-02  ...   2026-03-01      20:00:00
1055 2026-03-12 23:45:00  2026-03-02  ...   2026-03-01      20:00:00

[1056 rows x 11 columns]
Current working directory: /data00/chenjiajun/20250711/daily_test/jiangsu_power_cronjob_v1
2026-03-03 08:30:03,207 - INFO - [job] model: xgboost, train: True, labels: ['new_energy_wind', 'new_energy_solar'], date: 2025-10-27~2026-02-24, pipeline: 20260303-083003, meteo_source: HRES
2026-03-03 08:30:03,208 - data.py[line:1416] - INFO: Start to get ahead data.
2026-03-03 08:30:03,208 - INFO - Start to get ahead data.
2026-03-03 08:30:03,208 - data.py[line:1425] - INFO: Finish getting ahead data.
2026-03-03 08:30:03,208 - INFO - Finish getting ahead data.
2026-03-03 08:30:03,208 - data.py[line:1428] - INFO: Start to get realtime data.
2026-03-03 08:30:03,208 - INFO - Start to get realtime data.
2026-03-03 08:30:14,947 - data.py[line:1439] - INFO: Finish getting realtime data.
2026-03-03 08:30:14,947 - INFO - Finish getting realtime data.
2026-03-03 08:30:14,949 - data.py[line:1445] - INFO: Start to get meteo data.
2026-03-03 08:30:14,949 - INFO - Start to get meteo data.
/data00/chenjiajun/20250711/daily_test/jiangsu_power_cronjob_v1/api/io/mysql.py:27: UserWarning: pandas only supports SQLAlchemy connectable (engine/connection) or database string URI or sqlite3 DBAPI2 connection. Other DBAPI2 objects are not tested. Please consider using SQLAlchemy.
  df = pd.read_sql(
2026-03-03 08:30:30,596 - data.py[line:1459] - INFO: Finish getting meteo data.
2026-03-03 08:30:30,596 - INFO - Finish getting meteo data.
2026-03-03 08:30:30,698 - INFO - 样本数量:2880
2026-03-03 08:30:30,698 - INFO - 训练模型: new_energy_wind
2026-03-03 08:30:36,356 - INFO - 保存模型到: /data00/chenjiajun/20250711/daily_test/jiangsu_power_cronjob_v1/local/checkpoints/new_energy_wind-realtime-by_day-noa-unweighted.json
2026-03-03 08:30:36,397 - INFO - 读取模型文件: /data00/chenjiajun/20250711/daily_test/jiangsu_power_cronjob_v1/local/checkpoints/new_energy_wind-realtime-by_day-noa-unweighted.json
2026-03-03 08:30:36,539 - INFO - Finish predicting new_energy_wind
2026-03-03 08:30:36,583 - INFO - 样本数量:2880
2026-03-03 08:30:36,583 - INFO - 训练模型: new_energy_solar
2026-03-03 08:30:37,940 - INFO - 保存模型到: /data00/chenjiajun/20250711/daily_test/jiangsu_power_cronjob_v1/local/checkpoints/new_energy_solar-realtime-by_day-noa-unweighted.json
2026-03-03 08:30:37,965 - INFO - 读取模型文件: /data00/chenjiajun/20250711/daily_test/jiangsu_power_cronjob_v1/local/checkpoints/new_energy_solar-realtime-by_day-noa-unweighted.json
2026-03-03 08:30:38,056 - INFO - Finish predicting new_energy_solar
2026-03-03 08:30:38,100 - INFO - new_energy_wind 预测准确率: 0.974185063178393
2026-03-03 08:30:38,104 - INFO - new_energy_solar 预测准确率: 0.9847796752395889
2026-03-03 08:30:40,148 - INFO - [job] model: xgboost, train: False, labels: ['new_energy_wind', 'new_energy_solar'], date: 2026-03-02~2026-03-14, pipeline: 20260303-083040, meteo_source: HRES
2026-03-03 08:30:40,149 - data.py[line:1445] - INFO: Start to get meteo data.
2026-03-03 08:30:40,149 - INFO - Start to get meteo data.
/data00/chenjiajun/20250711/daily_test/jiangsu_power_cronjob_v1/api/io/mysql.py:27: UserWarning: pandas only supports SQLAlchemy connectable (engine/connection) or database string URI or sqlite3 DBAPI2 connection. Other DBAPI2 objects are not tested. Please consider using SQLAlchemy.
  df = pd.read_sql(
2026-03-03 08:30:42,641 - data.py[line:1459] - INFO: Finish getting meteo data.
2026-03-03 08:30:42,641 - INFO - Finish getting meteo data.
2026-03-03 08:30:42,655 - INFO - 样本数量:288
2026-03-03 08:30:42,656 - INFO - 读取模型文件: /data00/chenjiajun/20250711/daily_test/jiangsu_power_cronjob_v1/local/checkpoints/new_energy_wind-realtime-by_day-noa-unweighted.json
2026-03-03 08:30:43,762 - INFO - Finish predicting new_energy_wind
/data00/chenjiajun/20250711/daily_test/jiangsu_power_cronjob_v1/df_to_mongo.py:206: FutureWarning: DataFrame.interpolate with object dtype is deprecated and will raise in a future version. Call obj.infer_objects(copy=False) before interpolating instead.
  day_resampled = boundary_group.resample('15min').interpolate(method='linear')
/data00/chenjiajun/20250711/daily_test/jiangsu_power_cronjob_v1/df_to_mongo.py:211: FutureWarning: DataFrame.fillna with 'method' is deprecated and will raise in a future version. Use obj.ffill() or obj.bfill() instead.
  day_full[numeric_cols]
/data00/chenjiajun/20250711/daily_test/jiangsu_power_cronjob_v1/df_to_mongo.py:206: FutureWarning: DataFrame.interpolate with object dtype is deprecated and will raise in a future version. Call obj.infer_objects(copy=False) before interpolating instead.
  day_resampled = boundary_group.resample('15min').interpolate(method='linear')
/data00/chenjiajun/20250711/daily_test/jiangsu_power_cronjob_v1/df_to_mongo.py:211: FutureWarning: DataFrame.fillna with 'method' is deprecated and will raise in a future version. Use obj.ffill() or obj.bfill() instead.
  day_full[numeric_cols]
/data00/chenjiajun/20250711/daily_test/jiangsu_power_cronjob_v1/df_to_mongo.py:206: FutureWarning: DataFrame.interpolate with object dtype is deprecated and will raise in a future version. Call obj.infer_objects(copy=False) before interpolating instead.
  day_resampled = boundary_group.resample('15min').interpolate(method='linear')
/data00/chenjiajun/20250711/daily_test/jiangsu_power_cronjob_v1/df_to_mongo.py:211: FutureWarning: DataFrame.fillna with 'method' is deprecated and will raise in a future version. Use obj.ffill() or obj.bfill() instead.
  day_full[numeric_cols]
/data00/chenjiajun/20250711/daily_test/jiangsu_power_cronjob_v1/df_to_mongo.py:206: FutureWarning: DataFrame.interpolate with object dtype is deprecated and will raise in a future version. Call obj.infer_objects(copy=False) before interpolating instead.
  day_resampled = boundary_group.resample('15min').interpolate(method='linear')
/data00/chenjiajun/20250711/daily_test/jiangsu_power_cronjob_v1/df_to_mongo.py:211: FutureWarning: DataFrame.fillna with 'method' is deprecated and will raise in a future version. Use obj.ffill() or obj.bfill() instead.
  day_full[numeric_cols]
/data00/chenjiajun/20250711/daily_test/jiangsu_power_cronjob_v1/df_to_mongo.py:206: FutureWarning: DataFrame.interpolate with object dtype is deprecated and will raise in a future version. Call obj.infer_objects(copy=False) before interpolating instead.
  day_resampled = boundary_group.resample('15min').interpolate(method='linear')
/data00/chenjiajun/20250711/daily_test/jiangsu_power_cronjob_v1/df_to_mongo.py:211: FutureWarning: DataFrame.fillna with 'method' is deprecated and will raise in a future version. Use obj.ffill() or obj.bfill() instead.
  day_full[numeric_cols]
/data00/chenjiajun/20250711/daily_test/jiangsu_power_cronjob_v1/df_to_mongo.py:206: FutureWarning: DataFrame.interpolate with object dtype is deprecated and will raise in a future version. Call obj.infer_objects(copy=False) before interpolating instead.
  day_resampled = boundary_group.resample('15min').interpolate(method='linear')
/data00/chenjiajun/20250711/daily_test/jiangsu_power_cronjob_v1/df_to_mongo.py:211: FutureWarning: DataFrame.fillna with 'method' is deprecated and will raise in a future version. Use obj.ffill() or obj.bfill() instead.
  day_full[numeric_cols]
/data00/chenjiajun/20250711/daily_test/jiangsu_power_cronjob_v1/df_to_mongo.py:206: FutureWarning: DataFrame.interpolate with object dtype is deprecated and will raise in a future version. Call obj.infer_objects(copy=False) before interpolating instead.
  day_resampled = boundary_group.resample('15min').interpolate(method='linear')
/data00/chenjiajun/20250711/daily_test/jiangsu_power_cronjob_v1/df_to_mongo.py:211: FutureWarning: DataFrame.fillna with 'method' is deprecated and will raise in a future version. Use obj.ffill() or obj.bfill() instead.
  day_full[numeric_cols]
/data00/chenjiajun/20250711/daily_test/jiangsu_power_cronjob_v1/df_to_mongo.py:206: FutureWarning: DataFrame.interpolate with object dtype is deprecated and will raise in a future version. Call obj.infer_objects(copy=False) before interpolating instead.
  day_resampled = boundary_group.resample('15min').interpolate(method='linear')
/data00/chenjiajun/20250711/daily_test/jiangsu_power_cronjob_v1/df_to_mongo.py:211: FutureWarning: DataFrame.fillna with 'method' is deprecated and will raise in a future version. Use obj.ffill() or obj.bfill() instead.
  day_full[numeric_cols]
/data00/chenjiajun/20250711/daily_test/jiangsu_power_cronjob_v1/df_to_mongo.py:206: FutureWarning: DataFrame.interpolate with object dtype is deprecated and will raise in a future version. Call obj.infer_objects(copy=False) before interpolating instead.
  day_resampled = boundary_group.resample('15min').interpolate(method='linear')
/data00/chenjiajun/20250711/daily_test/jiangsu_power_cronjob_v1/df_to_mongo.py:211: FutureWarning: DataFrame.fillna with 'method' is deprecated and will raise in a future version. Use obj.ffill() or obj.bfill() instead.
  day_full[numeric_cols]
/data00/chenjiajun/20250711/daily_test/jiangsu_power_cronjob_v1/df_to_mongo.py:206: FutureWarning: DataFrame.interpolate with object dtype is deprecated and will raise in a future version. Call obj.infer_objects(copy=False) before interpolating instead.
  day_resampled = boundary_group.resample('15min').interpolate(method='linear')
/data00/chenjiajun/20250711/daily_test/jiangsu_power_cronjob_v1/df_to_mongo.py:211: FutureWarning: DataFrame.fillna with 'method' is deprecated and will raise in a future version. Use obj.ffill() or obj.bfill() instead.
  day_full[numeric_cols]
/data00/chenjiajun/20250711/daily_test/jiangsu_power_cronjob_v1/df_to_mongo.py:206: FutureWarning: DataFrame.interpolate with object dtype is deprecated and will raise in a future version. Call obj.infer_objects(copy=False) before interpolating instead.
  day_resampled = boundary_group.resample('15min').interpolate(method='linear')
/data00/chenjiajun/20250711/daily_test/jiangsu_power_cronjob_v1/df_to_mongo.py:211: FutureWarning: DataFrame.fillna with 'method' is deprecated and will raise in a future version. Use obj.ffill() or obj.bfill() instead.
  day_full[numeric_cols]
/data00/chenjiajun/20250711/daily_test/jiangsu_power_cronjob_v1/df_to_mongo.py:206: FutureWarning: DataFrame.interpolate with object dtype is deprecated and will raise in a future version. Call obj.infer_objects(copy=False) before interpolating instead.
  day_resampled = boundary_group.resample('15min').interpolate(method='linear')
/data00/chenjiajun/20250711/daily_test/jiangsu_power_cronjob_v1/df_to_mongo.py:211: FutureWarning: DataFrame.fillna with 'method' is deprecated and will raise in a future version. Use obj.ffill() or obj.bfill() instead.
  day_full[numeric_cols]
2026-03-03 08:30:44,100 - INFO - 所有日期处理完成: 原始288条记录 -> 新1152条记录
2026-03-03 08:30:44,102 - INFO - 样本数量:288
2026-03-03 08:30:44,102 - INFO - 读取模型文件: /data00/chenjiajun/20250711/daily_test/jiangsu_power_cronjob_v1/local/checkpoints/new_energy_solar-realtime-by_day-noa-unweighted.json
2026-03-03 08:30:44,216 - INFO - Finish predicting new_energy_solar
/data00/chenjiajun/20250711/daily_test/jiangsu_power_cronjob_v1/df_to_mongo.py:206: FutureWarning: DataFrame.interpolate with object dtype is deprecated and will raise in a future version. Call obj.infer_objects(copy=False) before interpolating instead.
  day_resampled = boundary_group.resample('15min').interpolate(method='linear')
/data00/chenjiajun/20250711/daily_test/jiangsu_power_cronjob_v1/df_to_mongo.py:211: FutureWarning: DataFrame.fillna with 'method' is deprecated and will raise in a future version. Use obj.ffill() or obj.bfill() instead.
  day_full[numeric_cols]
/data00/chenjiajun/20250711/daily_test/jiangsu_power_cronjob_v1/df_to_mongo.py:206: FutureWarning: DataFrame.interpolate with object dtype is deprecated and will raise in a future version. Call obj.infer_objects(copy=False) before interpolating instead.
  day_resampled = boundary_group.resample('15min').interpolate(method='linear')
/data00/chenjiajun/20250711/daily_test/jiangsu_power_cronjob_v1/df_to_mongo.py:211: FutureWarning: DataFrame.fillna with 'method' is deprecated and will raise in a future version. Use obj.ffill() or obj.bfill() instead.
  day_full[numeric_cols]
/data00/chenjiajun/20250711/daily_test/jiangsu_power_cronjob_v1/df_to_mongo.py:206: FutureWarning: DataFrame.interpolate with object dtype is deprecated and will raise in a future version. Call obj.infer_objects(copy=False) before interpolating instead.
  day_resampled = boundary_group.resample('15min').interpolate(method='linear')
/data00/chenjiajun/20250711/daily_test/jiangsu_power_cronjob_v1/df_to_mongo.py:211: FutureWarning: DataFrame.fillna with 'method' is deprecated and will raise in a future version. Use obj.ffill() or obj.bfill() instead.
  day_full[numeric_cols]
/data00/chenjiajun/20250711/daily_test/jiangsu_power_cronjob_v1/df_to_mongo.py:206: FutureWarning: DataFrame.interpolate with object dtype is deprecated and will raise in a future version. Call obj.infer_objects(copy=False) before interpolating instead.
  day_resampled = boundary_group.resample('15min').interpolate(method='linear')
/data00/chenjiajun/20250711/daily_test/jiangsu_power_cronjob_v1/df_to_mongo.py:211: FutureWarning: DataFrame.fillna with 'method' is deprecated and will raise in a future version. Use obj.ffill() or obj.bfill() instead.
  day_full[numeric_cols]
/data00/chenjiajun/20250711/daily_test/jiangsu_power_cronjob_v1/df_to_mongo.py:206: FutureWarning: DataFrame.interpolate with object dtype is deprecated and will raise in a future version. Call obj.infer_objects(copy=False) before interpolating instead.
  day_resampled = boundary_group.resample('15min').interpolate(method='linear')
/data00/chenjiajun/20250711/daily_test/jiangsu_power_cronjob_v1/df_to_mongo.py:211: FutureWarning: DataFrame.fillna with 'method' is deprecated and will raise in a future version. Use obj.ffill() or obj.bfill() instead.
  day_full[numeric_cols]
/data00/chenjiajun/20250711/daily_test/jiangsu_power_cronjob_v1/df_to_mongo.py:206: FutureWarning: DataFrame.interpolate with object dtype is deprecated and will raise in a future version. Call obj.infer_objects(copy=False) before interpolating instead.
  day_resampled = boundary_group.resample('15min').interpolate(method='linear')
/data00/chenjiajun/20250711/daily_test/jiangsu_power_cronjob_v1/df_to_mongo.py:211: FutureWarning: DataFrame.fillna with 'method' is deprecated and will raise in a future version. Use obj.ffill() or obj.bfill() instead.
  day_full[numeric_cols]
/data00/chenjiajun/20250711/daily_test/jiangsu_power_cronjob_v1/df_to_mongo.py:206: FutureWarning: DataFrame.interpolate with object dtype is deprecated and will raise in a future version. Call obj.infer_objects(copy=False) before interpolating instead.
  day_resampled = boundary_group.resample('15min').interpolate(method='linear')
/data00/chenjiajun/20250711/daily_test/jiangsu_power_cronjob_v1/df_to_mongo.py:211: FutureWarning: DataFrame.fillna with 'method' is deprecated and will raise in a future version. Use obj.ffill() or obj.bfill() instead.
  day_full[numeric_cols]
/data00/chenjiajun/20250711/daily_test/jiangsu_power_cronjob_v1/df_to_mongo.py:206: FutureWarning: DataFrame.interpolate with object dtype is deprecated and will raise in a future version. Call obj.infer_objects(copy=False) before interpolating instead.
  day_resampled = boundary_group.resample('15min').interpolate(method='linear')
/data00/chenjiajun/20250711/daily_test/jiangsu_power_cronjob_v1/df_to_mongo.py:211: FutureWarning: DataFrame.fillna with 'method' is deprecated and will raise in a future version. Use obj.ffill() or obj.bfill() instead.
  day_full[numeric_cols]
/data00/chenjiajun/20250711/daily_test/jiangsu_power_cronjob_v1/df_to_mongo.py:206: FutureWarning: DataFrame.interpolate with object dtype is deprecated and will raise in a future version. Call obj.infer_objects(copy=False) before interpolating instead.
  day_resampled = boundary_group.resample('15min').interpolate(method='linear')
/data00/chenjiajun/20250711/daily_test/jiangsu_power_cronjob_v1/df_to_mongo.py:211: FutureWarning: DataFrame.fillna with 'method' is deprecated and will raise in a future version. Use obj.ffill() or obj.bfill() instead.
  day_full[numeric_cols]
/data00/chenjiajun/20250711/daily_test/jiangsu_power_cronjob_v1/df_to_mongo.py:206: FutureWarning: DataFrame.interpolate with object dtype is deprecated and will raise in a future version. Call obj.infer_objects(copy=False) before interpolating instead.
  day_resampled = boundary_group.resample('15min').interpolate(method='linear')
/data00/chenjiajun/20250711/daily_test/jiangsu_power_cronjob_v1/df_to_mongo.py:211: FutureWarning: DataFrame.fillna with 'method' is deprecated and will raise in a future version. Use obj.ffill() or obj.bfill() instead.
  day_full[numeric_cols]
/data00/chenjiajun/20250711/daily_test/jiangsu_power_cronjob_v1/df_to_mongo.py:206: FutureWarning: DataFrame.interpolate with object dtype is deprecated and will raise in a future version. Call obj.infer_objects(copy=False) before interpolating instead.
  day_resampled = boundary_group.resample('15min').interpolate(method='linear')
/data00/chenjiajun/20250711/daily_test/jiangsu_power_cronjob_v1/df_to_mongo.py:211: FutureWarning: DataFrame.fillna with 'method' is deprecated and will raise in a future version. Use obj.ffill() or obj.bfill() instead.
  day_full[numeric_cols]
/data00/chenjiajun/20250711/daily_test/jiangsu_power_cronjob_v1/df_to_mongo.py:206: FutureWarning: DataFrame.interpolate with object dtype is deprecated and will raise in a future version. Call obj.infer_objects(copy=False) before interpolating instead.
  day_resampled = boundary_group.resample('15min').interpolate(method='linear')
/data00/chenjiajun/20250711/daily_test/jiangsu_power_cronjob_v1/df_to_mongo.py:211: FutureWarning: DataFrame.fillna with 'method' is deprecated and will raise in a future version. Use obj.ffill() or obj.bfill() instead.
  day_full[numeric_cols]
2026-03-03 08:30:44,379 - INFO - 所有日期处理完成: 原始288条记录 -> 新1152条记录
2026-03-03 08:30:44,609 - INFO - 成功连接到MongoDB
2026-03-03 08:39:12,396 - INFO - 处理完成 - 成功: 1056 条, 失败: 0 条
               date_time create_time  ... version_date  version_time
0    2026-03-03 00:00:00  2026-03-03  ...   2026-03-02      20:00:00
1    2026-03-03 00:15:00  2026-03-03  ...   2026-03-02      20:00:00
2    2026-03-03 00:30:00  2026-03-03  ...   2026-03-02      20:00:00
3    2026-03-03 00:45:00  2026-03-03  ...   2026-03-02      20:00:00
4    2026-03-03 01:00:00  2026-03-03  ...   2026-03-02      20:00:00
...                  ...         ...  ...          ...           ...
1051 2026-03-13 22:45:00  2026-03-03  ...   2026-03-02      20:00:00
1052 2026-03-13 23:00:00  2026-03-03  ...   2026-03-02      20:00:00
1053 2026-03-13 23:15:00  2026-03-03  ...   2026-03-02      20:00:00
1054 2026-03-13 23:30:00  2026-03-03  ...   2026-03-02      20:00:00
1055 2026-03-13 23:45:00  2026-03-03  ...   2026-03-02      20:00:00

[1056 rows x 11 columns]
Current working directory: /data00/chenjiajun/20250711/daily_test/jiangsu_power_cronjob_v1
2026-03-04 07:30:03,784 - INFO - [job] model: xgboost, train: True, labels: ['new_energy_wind', 'new_energy_solar'], date: 2025-10-28~2026-02-25, pipeline: 20260304-073003, meteo_source: HRES
2026-03-04 07:30:03,785 - data.py[line:1416] - INFO: Start to get ahead data.
2026-03-04 07:30:03,785 - INFO - Start to get ahead data.
2026-03-04 07:30:03,786 - data.py[line:1425] - INFO: Finish getting ahead data.
2026-03-04 07:30:03,786 - INFO - Finish getting ahead data.
2026-03-04 07:30:03,786 - data.py[line:1428] - INFO: Start to get realtime data.
2026-03-04 07:30:03,786 - INFO - Start to get realtime data.
2026-03-04 07:30:09,630 - data.py[line:1439] - INFO: Finish getting realtime data.
2026-03-04 07:30:09,630 - INFO - Finish getting realtime data.
2026-03-04 07:30:09,633 - data.py[line:1445] - INFO: Start to get meteo data.
2026-03-04 07:30:09,633 - INFO - Start to get meteo data.
/data00/chenjiajun/20250711/daily_test/jiangsu_power_cronjob_v1/api/io/mysql.py:27: UserWarning: pandas only supports SQLAlchemy connectable (engine/connection) or database string URI or sqlite3 DBAPI2 connection. Other DBAPI2 objects are not tested. Please consider using SQLAlchemy.
  df = pd.read_sql(
2026-03-04 07:30:19,565 - data.py[line:1459] - INFO: Finish getting meteo data.
2026-03-04 07:30:19,565 - INFO - Finish getting meteo data.
2026-03-04 07:30:19,680 - INFO - 样本数量:2880
2026-03-04 07:30:19,680 - INFO - 训练模型: new_energy_wind
2026-03-04 07:30:39,032 - INFO - 保存模型到: /data00/chenjiajun/20250711/daily_test/jiangsu_power_cronjob_v1/local/checkpoints/new_energy_wind-realtime-by_day-noa-unweighted.json
2026-03-04 07:30:39,075 - INFO - 读取模型文件: /data00/chenjiajun/20250711/daily_test/jiangsu_power_cronjob_v1/local/checkpoints/new_energy_wind-realtime-by_day-noa-unweighted.json
2026-03-04 07:30:39,223 - INFO - Finish predicting new_energy_wind
2026-03-04 07:30:39,267 - INFO - 样本数量:2880
2026-03-04 07:30:39,267 - INFO - 训练模型: new_energy_solar
2026-03-04 07:30:53,991 - INFO - 保存模型到: /data00/chenjiajun/20250711/daily_test/jiangsu_power_cronjob_v1/local/checkpoints/new_energy_solar-realtime-by_day-noa-unweighted.json
2026-03-04 07:30:54,015 - INFO - 读取模型文件: /data00/chenjiajun/20250711/daily_test/jiangsu_power_cronjob_v1/local/checkpoints/new_energy_solar-realtime-by_day-noa-unweighted.json
2026-03-04 07:30:54,099 - INFO - Finish predicting new_energy_solar
2026-03-04 07:30:54,128 - INFO - new_energy_wind 预测准确率: 0.9717934571536948
2026-03-04 07:30:54,130 - INFO - new_energy_solar 预测准确率: 0.9848491306068295
2026-03-04 07:30:56,324 - INFO - [job] model: xgboost, train: False, labels: ['new_energy_wind', 'new_energy_solar'], date: 2026-03-03~2026-03-15, pipeline: 20260304-073056, meteo_source: HRES
2026-03-04 07:30:56,325 - data.py[line:1445] - INFO: Start to get meteo data.
2026-03-04 07:30:56,325 - INFO - Start to get meteo data.
/data00/chenjiajun/20250711/daily_test/jiangsu_power_cronjob_v1/api/io/mysql.py:27: UserWarning: pandas only supports SQLAlchemy connectable (engine/connection) or database string URI or sqlite3 DBAPI2 connection. Other DBAPI2 objects are not tested. Please consider using SQLAlchemy.
  df = pd.read_sql(
2026-03-04 07:30:59,003 - data.py[line:1459] - INFO: Finish getting meteo data.
2026-03-04 07:30:59,003 - INFO - Finish getting meteo data.
2026-03-04 07:30:59,015 - INFO - 样本数量:288
2026-03-04 07:30:59,015 - INFO - 读取模型文件: /data00/chenjiajun/20250711/daily_test/jiangsu_power_cronjob_v1/local/checkpoints/new_energy_wind-realtime-by_day-noa-unweighted.json
2026-03-04 07:31:00,191 - INFO - Finish predicting new_energy_wind
/data00/chenjiajun/20250711/daily_test/jiangsu_power_cronjob_v1/df_to_mongo.py:206: FutureWarning: DataFrame.interpolate with object dtype is deprecated and will raise in a future version. Call obj.infer_objects(copy=False) before interpolating instead.
  day_resampled = boundary_group.resample('15min').interpolate(method='linear')
/data00/chenjiajun/20250711/daily_test/jiangsu_power_cronjob_v1/df_to_mongo.py:211: FutureWarning: DataFrame.fillna with 'method' is deprecated and will raise in a future version. Use obj.ffill() or obj.bfill() instead.
  day_full[numeric_cols]
/data00/chenjiajun/20250711/daily_test/jiangsu_power_cronjob_v1/df_to_mongo.py:206: FutureWarning: DataFrame.interpolate with object dtype is deprecated and will raise in a future version. Call obj.infer_objects(copy=False) before interpolating instead.
  day_resampled = boundary_group.resample('15min').interpolate(method='linear')
/data00/chenjiajun/20250711/daily_test/jiangsu_power_cronjob_v1/df_to_mongo.py:211: FutureWarning: DataFrame.fillna with 'method' is deprecated and will raise in a future version. Use obj.ffill() or obj.bfill() instead.
  day_full[numeric_cols]
/data00/chenjiajun/20250711/daily_test/jiangsu_power_cronjob_v1/df_to_mongo.py:206: FutureWarning: DataFrame.interpolate with object dtype is deprecated and will raise in a future version. Call obj.infer_objects(copy=False) before interpolating instead.
  day_resampled = boundary_group.resample('15min').interpolate(method='linear')
/data00/chenjiajun/20250711/daily_test/jiangsu_power_cronjob_v1/df_to_mongo.py:211: FutureWarning: DataFrame.fillna with 'method' is deprecated and will raise in a future version. Use obj.ffill() or obj.bfill() instead.
  day_full[numeric_cols]
/data00/chenjiajun/20250711/daily_test/jiangsu_power_cronjob_v1/df_to_mongo.py:206: FutureWarning: DataFrame.interpolate with object dtype is deprecated and will raise in a future version. Call obj.infer_objects(copy=False) before interpolating instead.
  day_resampled = boundary_group.resample('15min').interpolate(method='linear')
/data00/chenjiajun/20250711/daily_test/jiangsu_power_cronjob_v1/df_to_mongo.py:211: FutureWarning: DataFrame.fillna with 'method' is deprecated and will raise in a future version. Use obj.ffill() or obj.bfill() instead.
  day_full[numeric_cols]
/data00/chenjiajun/20250711/daily_test/jiangsu_power_cronjob_v1/df_to_mongo.py:206: FutureWarning: DataFrame.interpolate with object dtype is deprecated and will raise in a future version. Call obj.infer_objects(copy=False) before interpolating instead.
  day_resampled = boundary_group.resample('15min').interpolate(method='linear')
/data00/chenjiajun/20250711/daily_test/jiangsu_power_cronjob_v1/df_to_mongo.py:211: FutureWarning: DataFrame.fillna with 'method' is deprecated and will raise in a future version. Use obj.ffill() or obj.bfill() instead.
  day_full[numeric_cols]
/data00/chenjiajun/20250711/daily_test/jiangsu_power_cronjob_v1/df_to_mongo.py:206: FutureWarning: DataFrame.interpolate with object dtype is deprecated and will raise in a future version. Call obj.infer_objects(copy=False) before interpolating instead.
  day_resampled = boundary_group.resample('15min').interpolate(method='linear')
/data00/chenjiajun/20250711/daily_test/jiangsu_power_cronjob_v1/df_to_mongo.py:211: FutureWarning: DataFrame.fillna with 'method' is deprecated and will raise in a future version. Use obj.ffill() or obj.bfill() instead.
  day_full[numeric_cols]
/data00/chenjiajun/20250711/daily_test/jiangsu_power_cronjob_v1/df_to_mongo.py:206: FutureWarning: DataFrame.interpolate with object dtype is deprecated and will raise in a future version. Call obj.infer_objects(copy=False) before interpolating instead.
  day_resampled = boundary_group.resample('15min').interpolate(method='linear')
/data00/chenjiajun/20250711/daily_test/jiangsu_power_cronjob_v1/df_to_mongo.py:211: FutureWarning: DataFrame.fillna with 'method' is deprecated and will raise in a future version. Use obj.ffill() or obj.bfill() instead.
  day_full[numeric_cols]
/data00/chenjiajun/20250711/daily_test/jiangsu_power_cronjob_v1/df_to_mongo.py:206: FutureWarning: DataFrame.interpolate with object dtype is deprecated and will raise in a future version. Call obj.infer_objects(copy=False) before interpolating instead.
  day_resampled = boundary_group.resample('15min').interpolate(method='linear')
/data00/chenjiajun/20250711/daily_test/jiangsu_power_cronjob_v1/df_to_mongo.py:211: FutureWarning: DataFrame.fillna with 'method' is deprecated and will raise in a future version. Use obj.ffill() or obj.bfill() instead.
  day_full[numeric_cols]
/data00/chenjiajun/20250711/daily_test/jiangsu_power_cronjob_v1/df_to_mongo.py:206: FutureWarning: DataFrame.interpolate with object dtype is deprecated and will raise in a future version. Call obj.infer_objects(copy=False) before interpolating instead.
  day_resampled = boundary_group.resample('15min').interpolate(method='linear')
/data00/chenjiajun/20250711/daily_test/jiangsu_power_cronjob_v1/df_to_mongo.py:211: FutureWarning: DataFrame.fillna with 'method' is deprecated and will raise in a future version. Use obj.ffill() or obj.bfill() instead.
  day_full[numeric_cols]
/data00/chenjiajun/20250711/daily_test/jiangsu_power_cronjob_v1/df_to_mongo.py:206: FutureWarning: DataFrame.interpolate with object dtype is deprecated and will raise in a future version. Call obj.infer_objects(copy=False) before interpolating instead.
  day_resampled = boundary_group.resample('15min').interpolate(method='linear')
/data00/chenjiajun/20250711/daily_test/jiangsu_power_cronjob_v1/df_to_mongo.py:211: FutureWarning: DataFrame.fillna with 'method' is deprecated and will raise in a future version. Use obj.ffill() or obj.bfill() instead.
  day_full[numeric_cols]
/data00/chenjiajun/20250711/daily_test/jiangsu_power_cronjob_v1/df_to_mongo.py:206: FutureWarning: DataFrame.interpolate with object dtype is deprecated and will raise in a future version. Call obj.infer_objects(copy=False) before interpolating instead.
  day_resampled = boundary_group.resample('15min').interpolate(method='linear')
/data00/chenjiajun/20250711/daily_test/jiangsu_power_cronjob_v1/df_to_mongo.py:211: FutureWarning: DataFrame.fillna with 'method' is deprecated and will raise in a future version. Use obj.ffill() or obj.bfill() instead.
  day_full[numeric_cols]
/data00/chenjiajun/20250711/daily_test/jiangsu_power_cronjob_v1/df_to_mongo.py:206: FutureWarning: DataFrame.interpolate with object dtype is deprecated and will raise in a future version. Call obj.infer_objects(copy=False) before interpolating instead.
  day_resampled = boundary_group.resample('15min').interpolate(method='linear')
/data00/chenjiajun/20250711/daily_test/jiangsu_power_cronjob_v1/df_to_mongo.py:211: FutureWarning: DataFrame.fillna with 'method' is deprecated and will raise in a future version. Use obj.ffill() or obj.bfill() instead.
  day_full[numeric_cols]
2026-03-04 07:31:00,657 - INFO - 所有日期处理完成: 原始288条记录 -> 新1152条记录
2026-03-04 07:31:00,660 - INFO - 样本数量:288
2026-03-04 07:31:00,660 - INFO - 读取模型文件: /data00/chenjiajun/20250711/daily_test/jiangsu_power_cronjob_v1/local/checkpoints/new_energy_solar-realtime-by_day-noa-unweighted.json
2026-03-04 07:31:00,778 - INFO - Finish predicting new_energy_solar
/data00/chenjiajun/20250711/daily_test/jiangsu_power_cronjob_v1/df_to_mongo.py:206: FutureWarning: DataFrame.interpolate with object dtype is deprecated and will raise in a future version. Call obj.infer_objects(copy=False) before interpolating instead.
  day_resampled = boundary_group.resample('15min').interpolate(method='linear')
/data00/chenjiajun/20250711/daily_test/jiangsu_power_cronjob_v1/df_to_mongo.py:211: FutureWarning: DataFrame.fillna with 'method' is deprecated and will raise in a future version. Use obj.ffill() or obj.bfill() instead.
  day_full[numeric_cols]
/data00/chenjiajun/20250711/daily_test/jiangsu_power_cronjob_v1/df_to_mongo.py:206: FutureWarning: DataFrame.interpolate with object dtype is deprecated and will raise in a future version. Call obj.infer_objects(copy=False) before interpolating instead.
  day_resampled = boundary_group.resample('15min').interpolate(method='linear')
/data00/chenjiajun/20250711/daily_test/jiangsu_power_cronjob_v1/df_to_mongo.py:211: FutureWarning: DataFrame.fillna with 'method' is deprecated and will raise in a future version. Use obj.ffill() or obj.bfill() instead.
  day_full[numeric_cols]
/data00/chenjiajun/20250711/daily_test/jiangsu_power_cronjob_v1/df_to_mongo.py:206: FutureWarning: DataFrame.interpolate with object dtype is deprecated and will raise in a future version. Call obj.infer_objects(copy=False) before interpolating instead.
  day_resampled = boundary_group.resample('15min').interpolate(method='linear')
/data00/chenjiajun/20250711/daily_test/jiangsu_power_cronjob_v1/df_to_mongo.py:211: FutureWarning: DataFrame.fillna with 'method' is deprecated and will raise in a future version. Use obj.ffill() or obj.bfill() instead.
  day_full[numeric_cols]
/data00/chenjiajun/20250711/daily_test/jiangsu_power_cronjob_v1/df_to_mongo.py:206: FutureWarning: DataFrame.interpolate with object dtype is deprecated and will raise in a future version. Call obj.infer_objects(copy=False) before interpolating instead.
  day_resampled = boundary_group.resample('15min').interpolate(method='linear')
/data00/chenjiajun/20250711/daily_test/jiangsu_power_cronjob_v1/df_to_mongo.py:211: FutureWarning: DataFrame.fillna with 'method' is deprecated and will raise in a future version. Use obj.ffill() or obj.bfill() instead.
  day_full[numeric_cols]
/data00/chenjiajun/20250711/daily_test/jiangsu_power_cronjob_v1/df_to_mongo.py:206: FutureWarning: DataFrame.interpolate with object dtype is deprecated and will raise in a future version. Call obj.infer_objects(copy=False) before interpolating instead.
  day_resampled = boundary_group.resample('15min').interpolate(method='linear')
/data00/chenjiajun/20250711/daily_test/jiangsu_power_cronjob_v1/df_to_mongo.py:211: FutureWarning: DataFrame.fillna with 'method' is deprecated and will raise in a future version. Use obj.ffill() or obj.bfill() instead.
  day_full[numeric_cols]
/data00/chenjiajun/20250711/daily_test/jiangsu_power_cronjob_v1/df_to_mongo.py:206: FutureWarning: DataFrame.interpolate with object dtype is deprecated and will raise in a future version. Call obj.infer_objects(copy=False) before interpolating instead.
  day_resampled = boundary_group.resample('15min').interpolate(method='linear')
/data00/chenjiajun/20250711/daily_test/jiangsu_power_cronjob_v1/df_to_mongo.py:211: FutureWarning: DataFrame.fillna with 'method' is deprecated and will raise in a future version. Use obj.ffill() or obj.bfill() instead.
  day_full[numeric_cols]
/data00/chenjiajun/20250711/daily_test/jiangsu_power_cronjob_v1/df_to_mongo.py:206: FutureWarning: DataFrame.interpolate with object dtype is deprecated and will raise in a future version. Call obj.infer_objects(copy=False) before interpolating instead.
  day_resampled = boundary_group.resample('15min').interpolate(method='linear')
/data00/chenjiajun/20250711/daily_test/jiangsu_power_cronjob_v1/df_to_mongo.py:211: FutureWarning: DataFrame.fillna with 'method' is deprecated and will raise in a future version. Use obj.ffill() or obj.bfill() instead.
  day_full[numeric_cols]
/data00/chenjiajun/20250711/daily_test/jiangsu_power_cronjob_v1/df_to_mongo.py:206: FutureWarning: DataFrame.interpolate with object dtype is deprecated and will raise in a future version. Call obj.infer_objects(copy=False) before interpolating instead.
  day_resampled = boundary_group.resample('15min').interpolate(method='linear')
/data00/chenjiajun/20250711/daily_test/jiangsu_power_cronjob_v1/df_to_mongo.py:211: FutureWarning: DataFrame.fillna with 'method' is deprecated and will raise in a future version. Use obj.ffill() or obj.bfill() instead.
  day_full[numeric_cols]
/data00/chenjiajun/20250711/daily_test/jiangsu_power_cronjob_v1/df_to_mongo.py:206: FutureWarning: DataFrame.interpolate with object dtype is deprecated and will raise in a future version. Call obj.infer_objects(copy=False) before interpolating instead.
  day_resampled = boundary_group.resample('15min').interpolate(method='linear')
/data00/chenjiajun/20250711/daily_test/jiangsu_power_cronjob_v1/df_to_mongo.py:211: FutureWarning: DataFrame.fillna with 'method' is deprecated and will raise in a future version. Use obj.ffill() or obj.bfill() instead.
  day_full[numeric_cols]
/data00/chenjiajun/20250711/daily_test/jiangsu_power_cronjob_v1/df_to_mongo.py:206: FutureWarning: DataFrame.interpolate with object dtype is deprecated and will raise in a future version. Call obj.infer_objects(copy=False) before interpolating instead.
  day_resampled = boundary_group.resample('15min').interpolate(method='linear')
/data00/chenjiajun/20250711/daily_test/jiangsu_power_cronjob_v1/df_to_mongo.py:211: FutureWarning: DataFrame.fillna with 'method' is deprecated and will raise in a future version. Use obj.ffill() or obj.bfill() instead.
  day_full[numeric_cols]
/data00/chenjiajun/20250711/daily_test/jiangsu_power_cronjob_v1/df_to_mongo.py:206: FutureWarning: DataFrame.interpolate with object dtype is deprecated and will raise in a future version. Call obj.infer_objects(copy=False) before interpolating instead.
  day_resampled = boundary_group.resample('15min').interpolate(method='linear')
/data00/chenjiajun/20250711/daily_test/jiangsu_power_cronjob_v1/df_to_mongo.py:211: FutureWarning: DataFrame.fillna with 'method' is deprecated and will raise in a future version. Use obj.ffill() or obj.bfill() instead.
  day_full[numeric_cols]
/data00/chenjiajun/20250711/daily_test/jiangsu_power_cronjob_v1/df_to_mongo.py:206: FutureWarning: DataFrame.interpolate with object dtype is deprecated and will raise in a future version. Call obj.infer_objects(copy=False) before interpolating instead.
  day_resampled = boundary_group.resample('15min').interpolate(method='linear')
/data00/chenjiajun/20250711/daily_test/jiangsu_power_cronjob_v1/df_to_mongo.py:211: FutureWarning: DataFrame.fillna with 'method' is deprecated and will raise in a future version. Use obj.ffill() or obj.bfill() instead.
  day_full[numeric_cols]
2026-03-04 07:31:00,977 - INFO - 所有日期处理完成: 原始288条记录 -> 新1152条记录
2026-03-04 07:31:01,118 - INFO - 成功连接到MongoDB
2026-03-04 07:32:06,730 - INFO - 处理完成 - 成功: 1056 条, 失败: 0 条
               date_time create_time  ... version_date  version_time
0    2026-03-04 00:00:00  2026-03-04  ...   2026-03-03      20:00:00
1    2026-03-04 00:15:00  2026-03-04  ...   2026-03-03      20:00:00
2    2026-03-04 00:30:00  2026-03-04  ...   2026-03-03      20:00:00
3    2026-03-04 00:45:00  2026-03-04  ...   2026-03-03      20:00:00
4    2026-03-04 01:00:00  2026-03-04  ...   2026-03-03      20:00:00
...                  ...         ...  ...          ...           ...
1051 2026-03-14 22:45:00  2026-03-04  ...   2026-03-03      20:00:00
1052 2026-03-14 23:00:00  2026-03-04  ...   2026-03-03      20:00:00
1053 2026-03-14 23:15:00  2026-03-04  ...   2026-03-03      20:00:00
1054 2026-03-14 23:30:00  2026-03-04  ...   2026-03-03      20:00:00
1055 2026-03-14 23:45:00  2026-03-04  ...   2026-03-03      20:00:00

[1056 rows x 11 columns]
Current working directory: /data00/chenjiajun/20250711/daily_test/jiangsu_power_cronjob_v1
2026-03-05 07:30:03,588 - INFO - [job] model: xgboost, train: True, labels: ['new_energy_wind', 'new_energy_solar'], date: 2025-10-29~2026-02-26, pipeline: 20260305-073003, meteo_source: HRES
2026-03-05 07:30:03,589 - data.py[line:1416] - INFO: Start to get ahead data.
2026-03-05 07:30:03,589 - INFO - Start to get ahead data.
2026-03-05 07:30:03,589 - data.py[line:1425] - INFO: Finish getting ahead data.
2026-03-05 07:30:03,589 - INFO - Finish getting ahead data.
2026-03-05 07:30:03,589 - data.py[line:1428] - INFO: Start to get realtime data.
2026-03-05 07:30:03,589 - INFO - Start to get realtime data.
2026-03-05 07:30:09,522 - data.py[line:1439] - INFO: Finish getting realtime data.
2026-03-05 07:30:09,522 - INFO - Finish getting realtime data.
2026-03-05 07:30:09,524 - data.py[line:1445] - INFO: Start to get meteo data.
2026-03-05 07:30:09,524 - INFO - Start to get meteo data.
/data00/chenjiajun/20250711/daily_test/jiangsu_power_cronjob_v1/api/io/mysql.py:27: UserWarning: pandas only supports SQLAlchemy connectable (engine/connection) or database string URI or sqlite3 DBAPI2 connection. Other DBAPI2 objects are not tested. Please consider using SQLAlchemy.
  df = pd.read_sql(
2026-03-05 07:30:17,654 - data.py[line:1459] - INFO: Finish getting meteo data.
2026-03-05 07:30:17,654 - INFO - Finish getting meteo data.
2026-03-05 07:30:17,823 - INFO - 样本数量:2880
2026-03-05 07:30:17,823 - INFO - 训练模型: new_energy_wind
2026-03-05 07:30:42,898 - INFO - 保存模型到: /data00/chenjiajun/20250711/daily_test/jiangsu_power_cronjob_v1/local/checkpoints/new_energy_wind-realtime-by_day-noa-unweighted.json
2026-03-05 07:30:42,937 - INFO - 读取模型文件: /data00/chenjiajun/20250711/daily_test/jiangsu_power_cronjob_v1/local/checkpoints/new_energy_wind-realtime-by_day-noa-unweighted.json
2026-03-05 07:30:43,083 - INFO - Finish predicting new_energy_wind
2026-03-05 07:30:43,131 - INFO - 样本数量:2880
2026-03-05 07:30:43,131 - INFO - 训练模型: new_energy_solar
2026-03-05 07:30:50,655 - INFO - 保存模型到: /data00/chenjiajun/20250711/daily_test/jiangsu_power_cronjob_v1/local/checkpoints/new_energy_solar-realtime-by_day-noa-unweighted.json
2026-03-05 07:30:50,681 - INFO - 读取模型文件: /data00/chenjiajun/20250711/daily_test/jiangsu_power_cronjob_v1/local/checkpoints/new_energy_solar-realtime-by_day-noa-unweighted.json
2026-03-05 07:30:50,770 - INFO - Finish predicting new_energy_solar
2026-03-05 07:30:50,800 - INFO - new_energy_wind 预测准确率: 0.9728284027752062
2026-03-05 07:30:50,803 - INFO - new_energy_solar 预测准确率: 0.9850584322669282
2026-03-05 07:30:52,934 - INFO - [job] model: xgboost, train: False, labels: ['new_energy_wind', 'new_energy_solar'], date: 2026-03-04~2026-03-16, pipeline: 20260305-073052, meteo_source: HRES
2026-03-05 07:30:52,935 - data.py[line:1445] - INFO: Start to get meteo data.
2026-03-05 07:30:52,935 - INFO - Start to get meteo data.
/data00/chenjiajun/20250711/daily_test/jiangsu_power_cronjob_v1/api/io/mysql.py:27: UserWarning: pandas only supports SQLAlchemy connectable (engine/connection) or database string URI or sqlite3 DBAPI2 connection. Other DBAPI2 objects are not tested. Please consider using SQLAlchemy.
  df = pd.read_sql(
2026-03-05 07:30:55,517 - data.py[line:1459] - INFO: Finish getting meteo data.
2026-03-05 07:30:55,517 - INFO - Finish getting meteo data.
2026-03-05 07:30:55,532 - INFO - 样本数量:288
2026-03-05 07:30:55,532 - INFO - 读取模型文件: /data00/chenjiajun/20250711/daily_test/jiangsu_power_cronjob_v1/local/checkpoints/new_energy_wind-realtime-by_day-noa-unweighted.json
2026-03-05 07:30:56,736 - INFO - Finish predicting new_energy_wind
/data00/chenjiajun/20250711/daily_test/jiangsu_power_cronjob_v1/df_to_mongo.py:206: FutureWarning: DataFrame.interpolate with object dtype is deprecated and will raise in a future version. Call obj.infer_objects(copy=False) before interpolating instead.
  day_resampled = boundary_group.resample('15min').interpolate(method='linear')
/data00/chenjiajun/20250711/daily_test/jiangsu_power_cronjob_v1/df_to_mongo.py:211: FutureWarning: DataFrame.fillna with 'method' is deprecated and will raise in a future version. Use obj.ffill() or obj.bfill() instead.
  day_full[numeric_cols]
/data00/chenjiajun/20250711/daily_test/jiangsu_power_cronjob_v1/df_to_mongo.py:206: FutureWarning: DataFrame.interpolate with object dtype is deprecated and will raise in a future version. Call obj.infer_objects(copy=False) before interpolating instead.
  day_resampled = boundary_group.resample('15min').interpolate(method='linear')
/data00/chenjiajun/20250711/daily_test/jiangsu_power_cronjob_v1/df_to_mongo.py:211: FutureWarning: DataFrame.fillna with 'method' is deprecated and will raise in a future version. Use obj.ffill() or obj.bfill() instead.
  day_full[numeric_cols]
/data00/chenjiajun/20250711/daily_test/jiangsu_power_cronjob_v1/df_to_mongo.py:206: FutureWarning: DataFrame.interpolate with object dtype is deprecated and will raise in a future version. Call obj.infer_objects(copy=False) before interpolating instead.
  day_resampled = boundary_group.resample('15min').interpolate(method='linear')
/data00/chenjiajun/20250711/daily_test/jiangsu_power_cronjob_v1/df_to_mongo.py:211: FutureWarning: DataFrame.fillna with 'method' is deprecated and will raise in a future version. Use obj.ffill() or obj.bfill() instead.
  day_full[numeric_cols]
/data00/chenjiajun/20250711/daily_test/jiangsu_power_cronjob_v1/df_to_mongo.py:206: FutureWarning: DataFrame.interpolate with object dtype is deprecated and will raise in a future version. Call obj.infer_objects(copy=False) before interpolating instead.
  day_resampled = boundary_group.resample('15min').interpolate(method='linear')
/data00/chenjiajun/20250711/daily_test/jiangsu_power_cronjob_v1/df_to_mongo.py:211: FutureWarning: DataFrame.fillna with 'method' is deprecated and will raise in a future version. Use obj.ffill() or obj.bfill() instead.
  day_full[numeric_cols]
/data00/chenjiajun/20250711/daily_test/jiangsu_power_cronjob_v1/df_to_mongo.py:206: FutureWarning: DataFrame.interpolate with object dtype is deprecated and will raise in a future version. Call obj.infer_objects(copy=False) before interpolating instead.
  day_resampled = boundary_group.resample('15min').interpolate(method='linear')
/data00/chenjiajun/20250711/daily_test/jiangsu_power_cronjob_v1/df_to_mongo.py:211: FutureWarning: DataFrame.fillna with 'method' is deprecated and will raise in a future version. Use obj.ffill() or obj.bfill() instead.
  day_full[numeric_cols]
/data00/chenjiajun/20250711/daily_test/jiangsu_power_cronjob_v1/df_to_mongo.py:206: FutureWarning: DataFrame.interpolate with object dtype is deprecated and will raise in a future version. Call obj.infer_objects(copy=False) before interpolating instead.
  day_resampled = boundary_group.resample('15min').interpolate(method='linear')
/data00/chenjiajun/20250711/daily_test/jiangsu_power_cronjob_v1/df_to_mongo.py:211: FutureWarning: DataFrame.fillna with 'method' is deprecated and will raise in a future version. Use obj.ffill() or obj.bfill() instead.
  day_full[numeric_cols]
/data00/chenjiajun/20250711/daily_test/jiangsu_power_cronjob_v1/df_to_mongo.py:206: FutureWarning: DataFrame.interpolate with object dtype is deprecated and will raise in a future version. Call obj.infer_objects(copy=False) before interpolating instead.
  day_resampled = boundary_group.resample('15min').interpolate(method='linear')
/data00/chenjiajun/20250711/daily_test/jiangsu_power_cronjob_v1/df_to_mongo.py:211: FutureWarning: DataFrame.fillna with 'method' is deprecated and will raise in a future version. Use obj.ffill() or obj.bfill() instead.
  day_full[numeric_cols]
/data00/chenjiajun/20250711/daily_test/jiangsu_power_cronjob_v1/df_to_mongo.py:206: FutureWarning: DataFrame.interpolate with object dtype is deprecated and will raise in a future version. Call obj.infer_objects(copy=False) before interpolating instead.
  day_resampled = boundary_group.resample('15min').interpolate(method='linear')
/data00/chenjiajun/20250711/daily_test/jiangsu_power_cronjob_v1/df_to_mongo.py:211: FutureWarning: DataFrame.fillna with 'method' is deprecated and will raise in a future version. Use obj.ffill() or obj.bfill() instead.
  day_full[numeric_cols]
/data00/chenjiajun/20250711/daily_test/jiangsu_power_cronjob_v1/df_to_mongo.py:206: FutureWarning: DataFrame.interpolate with object dtype is deprecated and will raise in a future version. Call obj.infer_objects(copy=False) before interpolating instead.
  day_resampled = boundary_group.resample('15min').interpolate(method='linear')
/data00/chenjiajun/20250711/daily_test/jiangsu_power_cronjob_v1/df_to_mongo.py:211: FutureWarning: DataFrame.fillna with 'method' is deprecated and will raise in a future version. Use obj.ffill() or obj.bfill() instead.
  day_full[numeric_cols]
/data00/chenjiajun/20250711/daily_test/jiangsu_power_cronjob_v1/df_to_mongo.py:206: FutureWarning: DataFrame.interpolate with object dtype is deprecated and will raise in a future version. Call obj.infer_objects(copy=False) before interpolating instead.
  day_resampled = boundary_group.resample('15min').interpolate(method='linear')
/data00/chenjiajun/20250711/daily_test/jiangsu_power_cronjob_v1/df_to_mongo.py:211: FutureWarning: DataFrame.fillna with 'method' is deprecated and will raise in a future version. Use obj.ffill() or obj.bfill() instead.
  day_full[numeric_cols]
/data00/chenjiajun/20250711/daily_test/jiangsu_power_cronjob_v1/df_to_mongo.py:206: FutureWarning: DataFrame.interpolate with object dtype is deprecated and will raise in a future version. Call obj.infer_objects(copy=False) before interpolating instead.
  day_resampled = boundary_group.resample('15min').interpolate(method='linear')
/data00/chenjiajun/20250711/daily_test/jiangsu_power_cronjob_v1/df_to_mongo.py:211: FutureWarning: DataFrame.fillna with 'method' is deprecated and will raise in a future version. Use obj.ffill() or obj.bfill() instead.
  day_full[numeric_cols]
/data00/chenjiajun/20250711/daily_test/jiangsu_power_cronjob_v1/df_to_mongo.py:206: FutureWarning: DataFrame.interpolate with object dtype is deprecated and will raise in a future version. Call obj.infer_objects(copy=False) before interpolating instead.
  day_resampled = boundary_group.resample('15min').interpolate(method='linear')
/data00/chenjiajun/20250711/daily_test/jiangsu_power_cronjob_v1/df_to_mongo.py:211: FutureWarning: DataFrame.fillna with 'method' is deprecated and will raise in a future version. Use obj.ffill() or obj.bfill() instead.
  day_full[numeric_cols]
2026-03-05 07:30:57,325 - INFO - 所有日期处理完成: 原始288条记录 -> 新1152条记录
2026-03-05 07:30:57,328 - INFO - 样本数量:288
2026-03-05 07:30:57,328 - INFO - 读取模型文件: /data00/chenjiajun/20250711/daily_test/jiangsu_power_cronjob_v1/local/checkpoints/new_energy_solar-realtime-by_day-noa-unweighted.json
2026-03-05 07:30:57,488 - INFO - Finish predicting new_energy_solar
/data00/chenjiajun/20250711/daily_test/jiangsu_power_cronjob_v1/df_to_mongo.py:206: FutureWarning: DataFrame.interpolate with object dtype is deprecated and will raise in a future version. Call obj.infer_objects(copy=False) before interpolating instead.
  day_resampled = boundary_group.resample('15min').interpolate(method='linear')
/data00/chenjiajun/20250711/daily_test/jiangsu_power_cronjob_v1/df_to_mongo.py:211: FutureWarning: DataFrame.fillna with 'method' is deprecated and will raise in a future version. Use obj.ffill() or obj.bfill() instead.
  day_full[numeric_cols]
/data00/chenjiajun/20250711/daily_test/jiangsu_power_cronjob_v1/df_to_mongo.py:206: FutureWarning: DataFrame.interpolate with object dtype is deprecated and will raise in a future version. Call obj.infer_objects(copy=False) before interpolating instead.
  day_resampled = boundary_group.resample('15min').interpolate(method='linear')
/data00/chenjiajun/20250711/daily_test/jiangsu_power_cronjob_v1/df_to_mongo.py:211: FutureWarning: DataFrame.fillna with 'method' is deprecated and will raise in a future version. Use obj.ffill() or obj.bfill() instead.
  day_full[numeric_cols]
/data00/chenjiajun/20250711/daily_test/jiangsu_power_cronjob_v1/df_to_mongo.py:206: FutureWarning: DataFrame.interpolate with object dtype is deprecated and will raise in a future version. Call obj.infer_objects(copy=False) before interpolating instead.
  day_resampled = boundary_group.resample('15min').interpolate(method='linear')
/data00/chenjiajun/20250711/daily_test/jiangsu_power_cronjob_v1/df_to_mongo.py:211: FutureWarning: DataFrame.fillna with 'method' is deprecated and will raise in a future version. Use obj.ffill() or obj.bfill() instead.
  day_full[numeric_cols]
/data00/chenjiajun/20250711/daily_test/jiangsu_power_cronjob_v1/df_to_mongo.py:206: FutureWarning: DataFrame.interpolate with object dtype is deprecated and will raise in a future version. Call obj.infer_objects(copy=False) before interpolating instead.
  day_resampled = boundary_group.resample('15min').interpolate(method='linear')
/data00/chenjiajun/20250711/daily_test/jiangsu_power_cronjob_v1/df_to_mongo.py:211: FutureWarning: DataFrame.fillna with 'method' is deprecated and will raise in a future version. Use obj.ffill() or obj.bfill() instead.
  day_full[numeric_cols]
/data00/chenjiajun/20250711/daily_test/jiangsu_power_cronjob_v1/df_to_mongo.py:206: FutureWarning: DataFrame.interpolate with object dtype is deprecated and will raise in a future version. Call obj.infer_objects(copy=False) before interpolating instead.
  day_resampled = boundary_group.resample('15min').interpolate(method='linear')
/data00/chenjiajun/20250711/daily_test/jiangsu_power_cronjob_v1/df_to_mongo.py:211: FutureWarning: DataFrame.fillna with 'method' is deprecated and will raise in a future version. Use obj.ffill() or obj.bfill() instead.
  day_full[numeric_cols]
/data00/chenjiajun/20250711/daily_test/jiangsu_power_cronjob_v1/df_to_mongo.py:206: FutureWarning: DataFrame.interpolate with object dtype is deprecated and will raise in a future version. Call obj.infer_objects(copy=False) before interpolating instead.
  day_resampled = boundary_group.resample('15min').interpolate(method='linear')
/data00/chenjiajun/20250711/daily_test/jiangsu_power_cronjob_v1/df_to_mongo.py:211: FutureWarning: DataFrame.fillna with 'method' is deprecated and will raise in a future version. Use obj.ffill() or obj.bfill() instead.
  day_full[numeric_cols]
/data00/chenjiajun/20250711/daily_test/jiangsu_power_cronjob_v1/df_to_mongo.py:206: FutureWarning: DataFrame.interpolate with object dtype is deprecated and will raise in a future version. Call obj.infer_objects(copy=False) before interpolating instead.
  day_resampled = boundary_group.resample('15min').interpolate(method='linear')
/data00/chenjiajun/20250711/daily_test/jiangsu_power_cronjob_v1/df_to_mongo.py:211: FutureWarning: DataFrame.fillna with 'method' is deprecated and will raise in a future version. Use obj.ffill() or obj.bfill() instead.
  day_full[numeric_cols]
/data00/chenjiajun/20250711/daily_test/jiangsu_power_cronjob_v1/df_to_mongo.py:206: FutureWarning: DataFrame.interpolate with object dtype is deprecated and will raise in a future version. Call obj.infer_objects(copy=False) before interpolating instead.
  day_resampled = boundary_group.resample('15min').interpolate(method='linear')
/data00/chenjiajun/20250711/daily_test/jiangsu_power_cronjob_v1/df_to_mongo.py:211: FutureWarning: DataFrame.fillna with 'method' is deprecated and will raise in a future version. Use obj.ffill() or obj.bfill() instead.
  day_full[numeric_cols]
/data00/chenjiajun/20250711/daily_test/jiangsu_power_cronjob_v1/df_to_mongo.py:206: FutureWarning: DataFrame.interpolate with object dtype is deprecated and will raise in a future version. Call obj.infer_objects(copy=False) before interpolating instead.
  day_resampled = boundary_group.resample('15min').interpolate(method='linear')
/data00/chenjiajun/20250711/daily_test/jiangsu_power_cronjob_v1/df_to_mongo.py:211: FutureWarning: DataFrame.fillna with 'method' is deprecated and will raise in a future version. Use obj.ffill() or obj.bfill() instead.
  day_full[numeric_cols]
/data00/chenjiajun/20250711/daily_test/jiangsu_power_cronjob_v1/df_to_mongo.py:206: FutureWarning: DataFrame.interpolate with object dtype is deprecated and will raise in a future version. Call obj.infer_objects(copy=False) before interpolating instead.
  day_resampled = boundary_group.resample('15min').interpolate(method='linear')
/data00/chenjiajun/20250711/daily_test/jiangsu_power_cronjob_v1/df_to_mongo.py:211: FutureWarning: DataFrame.fillna with 'method' is deprecated and will raise in a future version. Use obj.ffill() or obj.bfill() instead.
  day_full[numeric_cols]
/data00/chenjiajun/20250711/daily_test/jiangsu_power_cronjob_v1/df_to_mongo.py:206: FutureWarning: DataFrame.interpolate with object dtype is deprecated and will raise in a future version. Call obj.infer_objects(copy=False) before interpolating instead.
  day_resampled = boundary_group.resample('15min').interpolate(method='linear')
/data00/chenjiajun/20250711/daily_test/jiangsu_power_cronjob_v1/df_to_mongo.py:211: FutureWarning: DataFrame.fillna with 'method' is deprecated and will raise in a future version. Use obj.ffill() or obj.bfill() instead.
  day_full[numeric_cols]
/data00/chenjiajun/20250711/daily_test/jiangsu_power_cronjob_v1/df_to_mongo.py:206: FutureWarning: DataFrame.interpolate with object dtype is deprecated and will raise in a future version. Call obj.infer_objects(copy=False) before interpolating instead.
  day_resampled = boundary_group.resample('15min').interpolate(method='linear')
/data00/chenjiajun/20250711/daily_test/jiangsu_power_cronjob_v1/df_to_mongo.py:211: FutureWarning: DataFrame.fillna with 'method' is deprecated and will raise in a future version. Use obj.ffill() or obj.bfill() instead.
  day_full[numeric_cols]
2026-03-05 07:30:57,726 - INFO - 所有日期处理完成: 原始288条记录 -> 新1152条记录
2026-03-05 07:30:57,867 - INFO - 成功连接到MongoDB
2026-03-05 07:32:10,905 - INFO - 处理完成 - 成功: 1056 条, 失败: 0 条
               date_time create_time  ... version_date  version_time
0    2026-03-05 00:00:00  2026-03-05  ...   2026-03-04      20:00:00
1    2026-03-05 00:15:00  2026-03-05  ...   2026-03-04      20:00:00
2    2026-03-05 00:30:00  2026-03-05  ...   2026-03-04      20:00:00
3    2026-03-05 00:45:00  2026-03-05  ...   2026-03-04      20:00:00
4    2026-03-05 01:00:00  2026-03-05  ...   2026-03-04      20:00:00
...                  ...         ...  ...          ...           ...
1051 2026-03-15 22:45:00  2026-03-05  ...   2026-03-04      20:00:00
1052 2026-03-15 23:00:00  2026-03-05  ...   2026-03-04      20:00:00
1053 2026-03-15 23:15:00  2026-03-05  ...   2026-03-04      20:00:00
1054 2026-03-15 23:30:00  2026-03-05  ...   2026-03-04      20:00:00
1055 2026-03-15 23:45:00  2026-03-05  ...   2026-03-04      20:00:00

[1056 rows x 11 columns]
Current working directory: /data00/chenjiajun/20250711/daily_test/jiangsu_power_cronjob_v1
2026-03-06 07:30:06,553 - INFO - [job] model: xgboost, train: True, labels: ['new_energy_wind', 'new_energy_solar'], date: 2025-10-30~2026-02-27, pipeline: 20260306-073006, meteo_source: HRES
2026-03-06 07:30:06,554 - data.py[line:1416] - INFO: Start to get ahead data.
2026-03-06 07:30:06,554 - INFO - Start to get ahead data.
2026-03-06 07:30:06,554 - data.py[line:1425] - INFO: Finish getting ahead data.
2026-03-06 07:30:06,554 - INFO - Finish getting ahead data.
2026-03-06 07:30:06,554 - data.py[line:1428] - INFO: Start to get realtime data.
2026-03-06 07:30:06,554 - INFO - Start to get realtime data.
2026-03-06 07:30:11,290 - data.py[line:1439] - INFO: Finish getting realtime data.
2026-03-06 07:30:11,290 - INFO - Finish getting realtime data.
2026-03-06 07:30:11,294 - data.py[line:1445] - INFO: Start to get meteo data.
2026-03-06 07:30:11,294 - INFO - Start to get meteo data.
/data00/chenjiajun/20250711/daily_test/jiangsu_power_cronjob_v1/api/io/mysql.py:27: UserWarning: pandas only supports SQLAlchemy connectable (engine/connection) or database string URI or sqlite3 DBAPI2 connection. Other DBAPI2 objects are not tested. Please consider using SQLAlchemy.
  df = pd.read_sql(
2026-03-06 07:30:25,074 - data.py[line:1459] - INFO: Finish getting meteo data.
2026-03-06 07:30:25,074 - INFO - Finish getting meteo data.
2026-03-06 07:30:25,190 - INFO - 样本数量:2880
2026-03-06 07:30:25,190 - INFO - 训练模型: new_energy_wind
2026-03-06 07:30:41,728 - INFO - 保存模型到: /data00/chenjiajun/20250711/daily_test/jiangsu_power_cronjob_v1/local/checkpoints/new_energy_wind-realtime-by_day-noa-unweighted.json
2026-03-06 07:30:41,771 - INFO - 读取模型文件: /data00/chenjiajun/20250711/daily_test/jiangsu_power_cronjob_v1/local/checkpoints/new_energy_wind-realtime-by_day-noa-unweighted.json
2026-03-06 07:30:41,918 - INFO - Finish predicting new_energy_wind
2026-03-06 07:30:41,960 - INFO - 样本数量:2880
2026-03-06 07:30:41,960 - INFO - 训练模型: new_energy_solar
2026-03-06 07:30:56,728 - INFO - 保存模型到: /data00/chenjiajun/20250711/daily_test/jiangsu_power_cronjob_v1/local/checkpoints/new_energy_solar-realtime-by_day-noa-unweighted.json
2026-03-06 07:30:56,756 - INFO - 读取模型文件: /data00/chenjiajun/20250711/daily_test/jiangsu_power_cronjob_v1/local/checkpoints/new_energy_solar-realtime-by_day-noa-unweighted.json
2026-03-06 07:30:56,861 - INFO - Finish predicting new_energy_solar
2026-03-06 07:30:56,893 - INFO - new_energy_wind 预测准确率: 0.971926113900074
2026-03-06 07:30:56,896 - INFO - new_energy_solar 预测准确率: 0.9846152758906062
2026-03-06 07:30:58,829 - INFO - [job] model: xgboost, train: False, labels: ['new_energy_wind', 'new_energy_solar'], date: 2026-03-05~2026-03-17, pipeline: 20260306-073058, meteo_source: HRES
2026-03-06 07:30:58,830 - data.py[line:1445] - INFO: Start to get meteo data.
2026-03-06 07:30:58,830 - INFO - Start to get meteo data.
/data00/chenjiajun/20250711/daily_test/jiangsu_power_cronjob_v1/api/io/mysql.py:27: UserWarning: pandas only supports SQLAlchemy connectable (engine/connection) or database string URI or sqlite3 DBAPI2 connection. Other DBAPI2 objects are not tested. Please consider using SQLAlchemy.
  df = pd.read_sql(
2026-03-06 07:31:00,914 - data.py[line:1459] - INFO: Finish getting meteo data.
2026-03-06 07:31:00,914 - INFO - Finish getting meteo data.
2026-03-06 07:31:00,931 - INFO - 样本数量:288
2026-03-06 07:31:00,931 - INFO - 读取模型文件: /data00/chenjiajun/20250711/daily_test/jiangsu_power_cronjob_v1/local/checkpoints/new_energy_wind-realtime-by_day-noa-unweighted.json
2026-03-06 07:31:01,996 - INFO - Finish predicting new_energy_wind
/data00/chenjiajun/20250711/daily_test/jiangsu_power_cronjob_v1/df_to_mongo.py:206: FutureWarning: DataFrame.interpolate with object dtype is deprecated and will raise in a future version. Call obj.infer_objects(copy=False) before interpolating instead.
  day_resampled = boundary_group.resample('15min').interpolate(method='linear')
/data00/chenjiajun/20250711/daily_test/jiangsu_power_cronjob_v1/df_to_mongo.py:211: FutureWarning: DataFrame.fillna with 'method' is deprecated and will raise in a future version. Use obj.ffill() or obj.bfill() instead.
  day_full[numeric_cols]
/data00/chenjiajun/20250711/daily_test/jiangsu_power_cronjob_v1/df_to_mongo.py:206: FutureWarning: DataFrame.interpolate with object dtype is deprecated and will raise in a future version. Call obj.infer_objects(copy=False) before interpolating instead.
  day_resampled = boundary_group.resample('15min').interpolate(method='linear')
/data00/chenjiajun/20250711/daily_test/jiangsu_power_cronjob_v1/df_to_mongo.py:211: FutureWarning: DataFrame.fillna with 'method' is deprecated and will raise in a future version. Use obj.ffill() or obj.bfill() instead.
  day_full[numeric_cols]
/data00/chenjiajun/20250711/daily_test/jiangsu_power_cronjob_v1/df_to_mongo.py:206: FutureWarning: DataFrame.interpolate with object dtype is deprecated and will raise in a future version. Call obj.infer_objects(copy=False) before interpolating instead.
  day_resampled = boundary_group.resample('15min').interpolate(method='linear')
/data00/chenjiajun/20250711/daily_test/jiangsu_power_cronjob_v1/df_to_mongo.py:211: FutureWarning: DataFrame.fillna with 'method' is deprecated and will raise in a future version. Use obj.ffill() or obj.bfill() instead.
  day_full[numeric_cols]
/data00/chenjiajun/20250711/daily_test/jiangsu_power_cronjob_v1/df_to_mongo.py:206: FutureWarning: DataFrame.interpolate with object dtype is deprecated and will raise in a future version. Call obj.infer_objects(copy=False) before interpolating instead.
  day_resampled = boundary_group.resample('15min').interpolate(method='linear')
/data00/chenjiajun/20250711/daily_test/jiangsu_power_cronjob_v1/df_to_mongo.py:211: FutureWarning: DataFrame.fillna with 'method' is deprecated and will raise in a future version. Use obj.ffill() or obj.bfill() instead.
  day_full[numeric_cols]
/data00/chenjiajun/20250711/daily_test/jiangsu_power_cronjob_v1/df_to_mongo.py:206: FutureWarning: DataFrame.interpolate with object dtype is deprecated and will raise in a future version. Call obj.infer_objects(copy=False) before interpolating instead.
  day_resampled = boundary_group.resample('15min').interpolate(method='linear')
/data00/chenjiajun/20250711/daily_test/jiangsu_power_cronjob_v1/df_to_mongo.py:211: FutureWarning: DataFrame.fillna with 'method' is deprecated and will raise in a future version. Use obj.ffill() or obj.bfill() instead.
  day_full[numeric_cols]
/data00/chenjiajun/20250711/daily_test/jiangsu_power_cronjob_v1/df_to_mongo.py:206: FutureWarning: DataFrame.interpolate with object dtype is deprecated and will raise in a future version. Call obj.infer_objects(copy=False) before interpolating instead.
  day_resampled = boundary_group.resample('15min').interpolate(method='linear')
/data00/chenjiajun/20250711/daily_test/jiangsu_power_cronjob_v1/df_to_mongo.py:211: FutureWarning: DataFrame.fillna with 'method' is deprecated and will raise in a future version. Use obj.ffill() or obj.bfill() instead.
  day_full[numeric_cols]
/data00/chenjiajun/20250711/daily_test/jiangsu_power_cronjob_v1/df_to_mongo.py:206: FutureWarning: DataFrame.interpolate with object dtype is deprecated and will raise in a future version. Call obj.infer_objects(copy=False) before interpolating instead.
  day_resampled = boundary_group.resample('15min').interpolate(method='linear')
/data00/chenjiajun/20250711/daily_test/jiangsu_power_cronjob_v1/df_to_mongo.py:211: FutureWarning: DataFrame.fillna with 'method' is deprecated and will raise in a future version. Use obj.ffill() or obj.bfill() instead.
  day_full[numeric_cols]
/data00/chenjiajun/20250711/daily_test/jiangsu_power_cronjob_v1/df_to_mongo.py:206: FutureWarning: DataFrame.interpolate with object dtype is deprecated and will raise in a future version. Call obj.infer_objects(copy=False) before interpolating instead.
  day_resampled = boundary_group.resample('15min').interpolate(method='linear')
/data00/chenjiajun/20250711/daily_test/jiangsu_power_cronjob_v1/df_to_mongo.py:211: FutureWarning: DataFrame.fillna with 'method' is deprecated and will raise in a future version. Use obj.ffill() or obj.bfill() instead.
  day_full[numeric_cols]
/data00/chenjiajun/20250711/daily_test/jiangsu_power_cronjob_v1/df_to_mongo.py:206: FutureWarning: DataFrame.interpolate with object dtype is deprecated and will raise in a future version. Call obj.infer_objects(copy=False) before interpolating instead.
  day_resampled = boundary_group.resample('15min').interpolate(method='linear')
/data00/chenjiajun/20250711/daily_test/jiangsu_power_cronjob_v1/df_to_mongo.py:211: FutureWarning: DataFrame.fillna with 'method' is deprecated and will raise in a future version. Use obj.ffill() or obj.bfill() instead.
  day_full[numeric_cols]
/data00/chenjiajun/20250711/daily_test/jiangsu_power_cronjob_v1/df_to_mongo.py:206: FutureWarning: DataFrame.interpolate with object dtype is deprecated and will raise in a future version. Call obj.infer_objects(copy=False) before interpolating instead.
  day_resampled = boundary_group.resample('15min').interpolate(method='linear')
/data00/chenjiajun/20250711/daily_test/jiangsu_power_cronjob_v1/df_to_mongo.py:211: FutureWarning: DataFrame.fillna with 'method' is deprecated and will raise in a future version. Use obj.ffill() or obj.bfill() instead.
  day_full[numeric_cols]
/data00/chenjiajun/20250711/daily_test/jiangsu_power_cronjob_v1/df_to_mongo.py:206: FutureWarning: DataFrame.interpolate with object dtype is deprecated and will raise in a future version. Call obj.infer_objects(copy=False) before interpolating instead.
  day_resampled = boundary_group.resample('15min').interpolate(method='linear')
/data00/chenjiajun/20250711/daily_test/jiangsu_power_cronjob_v1/df_to_mongo.py:211: FutureWarning: DataFrame.fillna with 'method' is deprecated and will raise in a future version. Use obj.ffill() or obj.bfill() instead.
  day_full[numeric_cols]
/data00/chenjiajun/20250711/daily_test/jiangsu_power_cronjob_v1/df_to_mongo.py:206: FutureWarning: DataFrame.interpolate with object dtype is deprecated and will raise in a future version. Call obj.infer_objects(copy=False) before interpolating instead.
  day_resampled = boundary_group.resample('15min').interpolate(method='linear')
/data00/chenjiajun/20250711/daily_test/jiangsu_power_cronjob_v1/df_to_mongo.py:211: FutureWarning: DataFrame.fillna with 'method' is deprecated and will raise in a future version. Use obj.ffill() or obj.bfill() instead.
  day_full[numeric_cols]
2026-03-06 07:31:02,452 - INFO - 所有日期处理完成: 原始288条记录 -> 新1152条记录
2026-03-06 07:31:02,455 - INFO - 样本数量:288
2026-03-06 07:31:02,455 - INFO - 读取模型文件: /data00/chenjiajun/20250711/daily_test/jiangsu_power_cronjob_v1/local/checkpoints/new_energy_solar-realtime-by_day-noa-unweighted.json
2026-03-06 07:31:02,554 - INFO - Finish predicting new_energy_solar
/data00/chenjiajun/20250711/daily_test/jiangsu_power_cronjob_v1/df_to_mongo.py:206: FutureWarning: DataFrame.interpolate with object dtype is deprecated and will raise in a future version. Call obj.infer_objects(copy=False) before interpolating instead.
  day_resampled = boundary_group.resample('15min').interpolate(method='linear')
/data00/chenjiajun/20250711/daily_test/jiangsu_power_cronjob_v1/df_to_mongo.py:211: FutureWarning: DataFrame.fillna with 'method' is deprecated and will raise in a future version. Use obj.ffill() or obj.bfill() instead.
  day_full[numeric_cols]
/data00/chenjiajun/20250711/daily_test/jiangsu_power_cronjob_v1/df_to_mongo.py:206: FutureWarning: DataFrame.interpolate with object dtype is deprecated and will raise in a future version. Call obj.infer_objects(copy=False) before interpolating instead.
  day_resampled = boundary_group.resample('15min').interpolate(method='linear')
/data00/chenjiajun/20250711/daily_test/jiangsu_power_cronjob_v1/df_to_mongo.py:211: FutureWarning: DataFrame.fillna with 'method' is deprecated and will raise in a future version. Use obj.ffill() or obj.bfill() instead.
  day_full[numeric_cols]
/data00/chenjiajun/20250711/daily_test/jiangsu_power_cronjob_v1/df_to_mongo.py:206: FutureWarning: DataFrame.interpolate with object dtype is deprecated and will raise in a future version. Call obj.infer_objects(copy=False) before interpolating instead.
  day_resampled = boundary_group.resample('15min').interpolate(method='linear')
/data00/chenjiajun/20250711/daily_test/jiangsu_power_cronjob_v1/df_to_mongo.py:211: FutureWarning: DataFrame.fillna with 'method' is deprecated and will raise in a future version. Use obj.ffill() or obj.bfill() instead.
  day_full[numeric_cols]
/data00/chenjiajun/20250711/daily_test/jiangsu_power_cronjob_v1/df_to_mongo.py:206: FutureWarning: DataFrame.interpolate with object dtype is deprecated and will raise in a future version. Call obj.infer_objects(copy=False) before interpolating instead.
  day_resampled = boundary_group.resample('15min').interpolate(method='linear')
/data00/chenjiajun/20250711/daily_test/jiangsu_power_cronjob_v1/df_to_mongo.py:211: FutureWarning: DataFrame.fillna with 'method' is deprecated and will raise in a future version. Use obj.ffill() or obj.bfill() instead.
  day_full[numeric_cols]
/data00/chenjiajun/20250711/daily_test/jiangsu_power_cronjob_v1/df_to_mongo.py:206: FutureWarning: DataFrame.interpolate with object dtype is deprecated and will raise in a future version. Call obj.infer_objects(copy=False) before interpolating instead.
  day_resampled = boundary_group.resample('15min').interpolate(method='linear')
/data00/chenjiajun/20250711/daily_test/jiangsu_power_cronjob_v1/df_to_mongo.py:211: FutureWarning: DataFrame.fillna with 'method' is deprecated and will raise in a future version. Use obj.ffill() or obj.bfill() instead.
  day_full[numeric_cols]
/data00/chenjiajun/20250711/daily_test/jiangsu_power_cronjob_v1/df_to_mongo.py:206: FutureWarning: DataFrame.interpolate with object dtype is deprecated and will raise in a future version. Call obj.infer_objects(copy=False) before interpolating instead.
  day_resampled = boundary_group.resample('15min').interpolate(method='linear')
/data00/chenjiajun/20250711/daily_test/jiangsu_power_cronjob_v1/df_to_mongo.py:211: FutureWarning: DataFrame.fillna with 'method' is deprecated and will raise in a future version. Use obj.ffill() or obj.bfill() instead.
  day_full[numeric_cols]
/data00/chenjiajun/20250711/daily_test/jiangsu_power_cronjob_v1/df_to_mongo.py:206: FutureWarning: DataFrame.interpolate with object dtype is deprecated and will raise in a future version. Call obj.infer_objects(copy=False) before interpolating instead.
  day_resampled = boundary_group.resample('15min').interpolate(method='linear')
/data00/chenjiajun/20250711/daily_test/jiangsu_power_cronjob_v1/df_to_mongo.py:211: FutureWarning: DataFrame.fillna with 'method' is deprecated and will raise in a future version. Use obj.ffill() or obj.bfill() instead.
  day_full[numeric_cols]
/data00/chenjiajun/20250711/daily_test/jiangsu_power_cronjob_v1/df_to_mongo.py:206: FutureWarning: DataFrame.interpolate with object dtype is deprecated and will raise in a future version. Call obj.infer_objects(copy=False) before interpolating instead.
  day_resampled = boundary_group.resample('15min').interpolate(method='linear')
/data00/chenjiajun/20250711/daily_test/jiangsu_power_cronjob_v1/df_to_mongo.py:211: FutureWarning: DataFrame.fillna with 'method' is deprecated and will raise in a future version. Use obj.ffill() or obj.bfill() instead.
  day_full[numeric_cols]
/data00/chenjiajun/20250711/daily_test/jiangsu_power_cronjob_v1/df_to_mongo.py:206: FutureWarning: DataFrame.interpolate with object dtype is deprecated and will raise in a future version. Call obj.infer_objects(copy=False) before interpolating instead.
  day_resampled = boundary_group.resample('15min').interpolate(method='linear')
/data00/chenjiajun/20250711/daily_test/jiangsu_power_cronjob_v1/df_to_mongo.py:211: FutureWarning: DataFrame.fillna with 'method' is deprecated and will raise in a future version. Use obj.ffill() or obj.bfill() instead.
  day_full[numeric_cols]
/data00/chenjiajun/20250711/daily_test/jiangsu_power_cronjob_v1/df_to_mongo.py:206: FutureWarning: DataFrame.interpolate with object dtype is deprecated and will raise in a future version. Call obj.infer_objects(copy=False) before interpolating instead.
  day_resampled = boundary_group.resample('15min').interpolate(method='linear')
/data00/chenjiajun/20250711/daily_test/jiangsu_power_cronjob_v1/df_to_mongo.py:211: FutureWarning: DataFrame.fillna with 'method' is deprecated and will raise in a future version. Use obj.ffill() or obj.bfill() instead.
  day_full[numeric_cols]
/data00/chenjiajun/20250711/daily_test/jiangsu_power_cronjob_v1/df_to_mongo.py:206: FutureWarning: DataFrame.interpolate with object dtype is deprecated and will raise in a future version. Call obj.infer_objects(copy=False) before interpolating instead.
  day_resampled = boundary_group.resample('15min').interpolate(method='linear')
/data00/chenjiajun/20250711/daily_test/jiangsu_power_cronjob_v1/df_to_mongo.py:211: FutureWarning: DataFrame.fillna with 'method' is deprecated and will raise in a future version. Use obj.ffill() or obj.bfill() instead.
  day_full[numeric_cols]
/data00/chenjiajun/20250711/daily_test/jiangsu_power_cronjob_v1/df_to_mongo.py:206: FutureWarning: DataFrame.interpolate with object dtype is deprecated and will raise in a future version. Call obj.infer_objects(copy=False) before interpolating instead.
  day_resampled = boundary_group.resample('15min').interpolate(method='linear')
/data00/chenjiajun/20250711/daily_test/jiangsu_power_cronjob_v1/df_to_mongo.py:211: FutureWarning: DataFrame.fillna with 'method' is deprecated and will raise in a future version. Use obj.ffill() or obj.bfill() instead.
  day_full[numeric_cols]
2026-03-06 07:31:02,787 - INFO - 所有日期处理完成: 原始288条记录 -> 新1152条记录
2026-03-06 07:31:02,922 - INFO - 成功连接到MongoDB
2026-03-06 07:32:10,618 - INFO - 处理完成 - 成功: 1056 条, 失败: 0 条
               date_time create_time  ... version_date  version_time
0    2026-03-06 00:00:00  2026-03-06  ...   2026-03-05      20:00:00
1    2026-03-06 00:15:00  2026-03-06  ...   2026-03-05      20:00:00
2    2026-03-06 00:30:00  2026-03-06  ...   2026-03-05      20:00:00
3    2026-03-06 00:45:00  2026-03-06  ...   2026-03-05      20:00:00
4    2026-03-06 01:00:00  2026-03-06  ...   2026-03-05      20:00:00
...                  ...         ...  ...          ...           ...
1051 2026-03-16 22:45:00  2026-03-06  ...   2026-03-05      20:00:00
1052 2026-03-16 23:00:00  2026-03-06  ...   2026-03-05      20:00:00
1053 2026-03-16 23:15:00  2026-03-06  ...   2026-03-05      20:00:00
1054 2026-03-16 23:30:00  2026-03-06  ...   2026-03-05      20:00:00
1055 2026-03-16 23:45:00  2026-03-06  ...   2026-03-05      20:00:00

[1056 rows x 11 columns]
Current working directory: /data00/chenjiajun/20250711/daily_test/jiangsu_power_cronjob_v1
2026-03-07 07:30:03,746 - INFO - [job] model: xgboost, train: True, labels: ['new_energy_wind_ahead', 'new_energy_solar_ahead'], date: 2025-10-31~2026-02-28, pipeline: 20260307-073003, meteo_source: HRES
2026-03-07 07:30:03,747 - data.py[line:1416] - INFO: Start to get ahead data.
2026-03-07 07:30:03,747 - INFO - Start to get ahead data.
2026-03-07 07:30:08,712 - data.py[line:1425] - INFO: Finish getting ahead data.
2026-03-07 07:30:08,712 - INFO - Finish getting ahead data.
2026-03-07 07:30:08,712 - data.py[line:1428] - INFO: Start to get realtime data.
2026-03-07 07:30:08,712 - INFO - Start to get realtime data.
2026-03-07 07:30:08,712 - data.py[line:1439] - INFO: Finish getting realtime data.
2026-03-07 07:30:08,712 - INFO - Finish getting realtime data.
2026-03-07 07:30:08,714 - data.py[line:1445] - INFO: Start to get meteo data.
2026-03-07 07:30:08,714 - INFO - Start to get meteo data.
/data00/chenjiajun/20250711/daily_test/jiangsu_power_cronjob_v1/api/io/mysql.py:27: UserWarning: pandas only supports SQLAlchemy connectable (engine/connection) or database string URI or sqlite3 DBAPI2 connection. Other DBAPI2 objects are not tested. Please consider using SQLAlchemy.
  df = pd.read_sql(
2026-03-07 07:30:28,967 - data.py[line:1459] - INFO: Finish getting meteo data.
2026-03-07 07:30:28,967 - INFO - Finish getting meteo data.
2026-03-07 07:30:29,082 - INFO - 样本数量:2880
2026-03-07 07:30:29,083 - INFO - 训练模型: new_energy_wind_ahead
2026-03-07 07:30:54,003 - INFO - 保存模型到: /data00/chenjiajun/20250711/daily_test/jiangsu_power_cronjob_v1/local/checkpoints/new_energy_wind_ahead-ahead-by_day-noa-unweighted.json
2026-03-07 07:30:54,041 - INFO - 读取模型文件: /data00/chenjiajun/20250711/daily_test/jiangsu_power_cronjob_v1/local/checkpoints/new_energy_wind_ahead-ahead-by_day-noa-unweighted.json
2026-03-07 07:30:54,177 - INFO - Finish predicting new_energy_wind_ahead
2026-03-07 07:30:54,219 - INFO - 样本数量:2880
2026-03-07 07:30:54,219 - INFO - 训练模型: new_energy_solar_ahead
2026-03-07 07:30:55,564 - INFO - 保存模型到: /data00/chenjiajun/20250711/daily_test/jiangsu_power_cronjob_v1/local/checkpoints/new_energy_solar_ahead-ahead-by_day-noa-unweighted.json
2026-03-07 07:30:55,593 - INFO - 读取模型文件: /data00/chenjiajun/20250711/daily_test/jiangsu_power_cronjob_v1/local/checkpoints/new_energy_solar_ahead-ahead-by_day-noa-unweighted.json
2026-03-07 07:30:55,687 - INFO - Finish predicting new_energy_solar_ahead
2026-03-07 07:30:55,716 - INFO - new_energy_wind_ahead 预测准确率: 0.9719083897502497
2026-03-07 07:30:55,719 - INFO - new_energy_solar_ahead 预测准确率: 0.9936464028823456
2026-03-07 07:30:57,551 - INFO - [job] model: xgboost, train: False, labels: ['new_energy_wind_ahead', 'new_energy_solar_ahead'], date: 2026-03-06~2026-03-18, pipeline: 20260307-073057, meteo_source: HRES
2026-03-07 07:30:57,552 - data.py[line:1445] - INFO: Start to get meteo data.
2026-03-07 07:30:57,552 - INFO - Start to get meteo data.
/data00/chenjiajun/20250711/daily_test/jiangsu_power_cronjob_v1/api/io/mysql.py:27: UserWarning: pandas only supports SQLAlchemy connectable (engine/connection) or database string URI or sqlite3 DBAPI2 connection. Other DBAPI2 objects are not tested. Please consider using SQLAlchemy.
  df = pd.read_sql(
2026-03-07 07:31:00,425 - data.py[line:1459] - INFO: Finish getting meteo data.
2026-03-07 07:31:00,425 - INFO - Finish getting meteo data.
2026-03-07 07:31:00,438 - INFO - 样本数量:288
2026-03-07 07:31:00,438 - INFO - 读取模型文件: /data00/chenjiajun/20250711/daily_test/jiangsu_power_cronjob_v1/local/checkpoints/new_energy_wind_ahead-ahead-by_day-noa-unweighted.json
2026-03-07 07:31:01,527 - INFO - Finish predicting new_energy_wind_ahead
2026-03-07 07:31:01,877 - INFO - 所有日期处理完成: 原始288条记录 -> 新1152条记录
2026-03-07 07:31:01,879 - INFO - 样本数量:288
2026-03-07 07:31:01,879 - INFO - 读取模型文件: /data00/chenjiajun/20250711/daily_test/jiangsu_power_cronjob_v1/local/checkpoints/new_energy_solar_ahead-ahead-by_day-noa-unweighted.json
2026-03-07 07:31:02,001 - INFO - Finish predicting new_energy_solar_ahead
2026-03-07 07:31:02,170 - INFO - 所有日期处理完成: 原始288条记录 -> 新1152条记录
2026-03-07 07:31:02,288 - INFO - 成功连接到MongoDB
2026-03-07 07:32:10,807 - INFO - 处理完成 - 成功: 1056 条, 失败: 0 条
               date_time create_time  ... version_date  version_time
0    2026-03-07 00:00:00  2026-03-07  ...   2026-03-06      20:00:00
1    2026-03-07 00:15:00  2026-03-07  ...   2026-03-06      20:00:00
2    2026-03-07 00:30:00  2026-03-07  ...   2026-03-06      20:00:00
3    2026-03-07 00:45:00  2026-03-07  ...   2026-03-06      20:00:00
4    2026-03-07 01:00:00  2026-03-07  ...   2026-03-06      20:00:00
...                  ...         ...  ...          ...           ...
1051 2026-03-17 22:45:00  2026-03-07  ...   2026-03-06      20:00:00
1052 2026-03-17 23:00:00  2026-03-07  ...   2026-03-06      20:00:00
1053 2026-03-17 23:15:00  2026-03-07  ...   2026-03-06      20:00:00
1054 2026-03-17 23:30:00  2026-03-07  ...   2026-03-06      20:00:00
1055 2026-03-17 23:45:00  2026-03-07  ...   2026-03-06      20:00:00

[1056 rows x 11 columns]
Current working directory: /data00/chenjiajun/20250711/daily_test/jiangsu_power_cronjob_v1
2026-03-08 07:30:03,162 - INFO - [job] model: xgboost, train: True, labels: ['new_energy_wind_ahead', 'new_energy_solar_ahead'], date: 2025-11-01~2026-03-01, pipeline: 20260308-073003, meteo_source: HRES
2026-03-08 07:30:03,163 - data.py[line:1416] - INFO: Start to get ahead data.
2026-03-08 07:30:03,163 - INFO - Start to get ahead data.
2026-03-08 07:30:08,201 - data.py[line:1425] - INFO: Finish getting ahead data.
2026-03-08 07:30:08,201 - INFO - Finish getting ahead data.
2026-03-08 07:30:08,201 - data.py[line:1428] - INFO: Start to get realtime data.
2026-03-08 07:30:08,201 - INFO - Start to get realtime data.
2026-03-08 07:30:08,201 - data.py[line:1439] - INFO: Finish getting realtime data.
2026-03-08 07:30:08,201 - INFO - Finish getting realtime data.
2026-03-08 07:30:08,203 - data.py[line:1445] - INFO: Start to get meteo data.
2026-03-08 07:30:08,203 - INFO - Start to get meteo data.
/data00/chenjiajun/20250711/daily_test/jiangsu_power_cronjob_v1/api/io/mysql.py:27: UserWarning: pandas only supports SQLAlchemy connectable (engine/connection) or database string URI or sqlite3 DBAPI2 connection. Other DBAPI2 objects are not tested. Please consider using SQLAlchemy.
  df = pd.read_sql(
2026-03-08 07:30:42,226 - data.py[line:1459] - INFO: Finish getting meteo data.
2026-03-08 07:30:42,226 - INFO - Finish getting meteo data.
2026-03-08 07:30:42,350 - INFO - 样本数量:2880
2026-03-08 07:30:42,350 - INFO - 训练模型: new_energy_wind_ahead
2026-03-08 07:30:58,588 - INFO - 保存模型到: /data00/chenjiajun/20250711/daily_test/jiangsu_power_cronjob_v1/local/checkpoints/new_energy_wind_ahead-ahead-by_day-noa-unweighted.json
2026-03-08 07:30:58,640 - INFO - 读取模型文件: /data00/chenjiajun/20250711/daily_test/jiangsu_power_cronjob_v1/local/checkpoints/new_energy_wind_ahead-ahead-by_day-noa-unweighted.json
2026-03-08 07:30:58,785 - INFO - Finish predicting new_energy_wind_ahead
2026-03-08 07:30:58,834 - INFO - 样本数量:2880
2026-03-08 07:30:58,834 - INFO - 训练模型: new_energy_solar_ahead
2026-03-08 07:31:22,012 - INFO - 保存模型到: /data00/chenjiajun/20250711/daily_test/jiangsu_power_cronjob_v1/local/checkpoints/new_energy_solar_ahead-ahead-by_day-noa-unweighted.json
2026-03-08 07:31:22,083 - INFO - 读取模型文件: /data00/chenjiajun/20250711/daily_test/jiangsu_power_cronjob_v1/local/checkpoints/new_energy_solar_ahead-ahead-by_day-noa-unweighted.json
2026-03-08 07:31:22,193 - INFO - Finish predicting new_energy_solar_ahead
2026-03-08 07:31:22,222 - INFO - new_energy_wind_ahead 预测准确率: 0.9708504862098525
2026-03-08 07:31:22,225 - INFO - new_energy_solar_ahead 预测准确率: 0.993644701058722
2026-03-08 07:31:24,200 - INFO - [job] model: xgboost, train: False, labels: ['new_energy_wind_ahead', 'new_energy_solar_ahead'], date: 2026-03-07~2026-03-19, pipeline: 20260308-073124, meteo_source: HRES
2026-03-08 07:31:24,201 - data.py[line:1445] - INFO: Start to get meteo data.
2026-03-08 07:31:24,201 - INFO - Start to get meteo data.
/data00/chenjiajun/20250711/daily_test/jiangsu_power_cronjob_v1/api/io/mysql.py:27: UserWarning: pandas only supports SQLAlchemy connectable (engine/connection) or database string URI or sqlite3 DBAPI2 connection. Other DBAPI2 objects are not tested. Please consider using SQLAlchemy.
  df = pd.read_sql(
2026-03-08 07:31:27,949 - data.py[line:1459] - INFO: Finish getting meteo data.
2026-03-08 07:31:27,949 - INFO - Finish getting meteo data.
2026-03-08 07:31:27,963 - INFO - 样本数量:288
2026-03-08 07:31:27,963 - INFO - 读取模型文件: /data00/chenjiajun/20250711/daily_test/jiangsu_power_cronjob_v1/local/checkpoints/new_energy_wind_ahead-ahead-by_day-noa-unweighted.json
2026-03-08 07:31:29,155 - INFO - Finish predicting new_energy_wind_ahead
2026-03-08 07:31:29,583 - INFO - 所有日期处理完成: 原始288条记录 -> 新1152条记录
2026-03-08 07:31:29,585 - INFO - 样本数量:288
2026-03-08 07:31:29,585 - INFO - 读取模型文件: /data00/chenjiajun/20250711/daily_test/jiangsu_power_cronjob_v1/local/checkpoints/new_energy_solar_ahead-ahead-by_day-noa-unweighted.json
2026-03-08 07:31:29,697 - INFO - Finish predicting new_energy_solar_ahead
2026-03-08 07:31:29,896 - INFO - 所有日期处理完成: 原始288条记录 -> 新1152条记录
2026-03-08 07:31:30,050 - INFO - 成功连接到MongoDB
2026-03-08 07:32:40,242 - INFO - 处理完成 - 成功: 1056 条, 失败: 0 条
               date_time create_time  ... version_date  version_time
0    2026-03-08 00:00:00  2026-03-08  ...   2026-03-07      20:00:00
1    2026-03-08 00:15:00  2026-03-08  ...   2026-03-07      20:00:00
2    2026-03-08 00:30:00  2026-03-08  ...   2026-03-07      20:00:00
3    2026-03-08 00:45:00  2026-03-08  ...   2026-03-07      20:00:00
4    2026-03-08 01:00:00  2026-03-08  ...   2026-03-07      20:00:00
...                  ...         ...  ...          ...           ...
1051 2026-03-18 22:45:00  2026-03-08  ...   2026-03-07      20:00:00
1052 2026-03-18 23:00:00  2026-03-08  ...   2026-03-07      20:00:00
1053 2026-03-18 23:15:00  2026-03-08  ...   2026-03-07      20:00:00
1054 2026-03-18 23:30:00  2026-03-08  ...   2026-03-07      20:00:00
1055 2026-03-18 23:45:00  2026-03-08  ...   2026-03-07      20:00:00

[1056 rows x 11 columns]
Current working directory: /data00/chenjiajun/20250711/daily_test/jiangsu_power_cronjob_v1
2026-03-09 07:30:03,972 - INFO - [job] model: xgboost, train: True, labels: ['new_energy_wind_ahead', 'new_energy_solar_ahead'], date: 2025-11-02~2026-03-02, pipeline: 20260309-073003, meteo_source: HRES
2026-03-09 07:30:03,973 - data.py[line:1416] - INFO: Start to get ahead data.
2026-03-09 07:30:03,973 - INFO - Start to get ahead data.
2026-03-09 07:30:08,840 - data.py[line:1425] - INFO: Finish getting ahead data.
2026-03-09 07:30:08,840 - INFO - Finish getting ahead data.
2026-03-09 07:30:08,840 - data.py[line:1428] - INFO: Start to get realtime data.
2026-03-09 07:30:08,840 - INFO - Start to get realtime data.
2026-03-09 07:30:08,840 - data.py[line:1439] - INFO: Finish getting realtime data.
2026-03-09 07:30:08,840 - INFO - Finish getting realtime data.
2026-03-09 07:30:08,843 - data.py[line:1445] - INFO: Start to get meteo data.
2026-03-09 07:30:08,843 - INFO - Start to get meteo data.
/data00/chenjiajun/20250711/daily_test/jiangsu_power_cronjob_v1/api/io/mysql.py:27: UserWarning: pandas only supports SQLAlchemy connectable (engine/connection) or database string URI or sqlite3 DBAPI2 connection. Other DBAPI2 objects are not tested. Please consider using SQLAlchemy.
  df = pd.read_sql(
2026-03-09 07:30:22,468 - data.py[line:1459] - INFO: Finish getting meteo data.
2026-03-09 07:30:22,468 - INFO - Finish getting meteo data.
2026-03-09 07:30:22,580 - INFO - 样本数量:2880
2026-03-09 07:30:22,581 - INFO - 训练模型: new_energy_wind_ahead
2026-03-09 07:30:49,485 - INFO - 保存模型到: /data00/chenjiajun/20250711/daily_test/jiangsu_power_cronjob_v1/local/checkpoints/new_energy_wind_ahead-ahead-by_day-noa-unweighted.json
2026-03-09 07:30:49,524 - INFO - 读取模型文件: /data00/chenjiajun/20250711/daily_test/jiangsu_power_cronjob_v1/local/checkpoints/new_energy_wind_ahead-ahead-by_day-noa-unweighted.json
2026-03-09 07:30:49,715 - INFO - Finish predicting new_energy_wind_ahead
2026-03-09 07:30:49,755 - INFO - 样本数量:2880
2026-03-09 07:30:49,755 - INFO - 训练模型: new_energy_solar_ahead
2026-03-09 07:30:55,105 - INFO - 保存模型到: /data00/chenjiajun/20250711/daily_test/jiangsu_power_cronjob_v1/local/checkpoints/new_energy_solar_ahead-ahead-by_day-noa-unweighted.json
2026-03-09 07:30:55,135 - INFO - 读取模型文件: /data00/chenjiajun/20250711/daily_test/jiangsu_power_cronjob_v1/local/checkpoints/new_energy_solar_ahead-ahead-by_day-noa-unweighted.json
2026-03-09 07:30:55,219 - INFO - Finish predicting new_energy_solar_ahead
2026-03-09 07:30:55,247 - INFO - new_energy_wind_ahead 预测准确率: 0.9727284648276837
2026-03-09 07:30:55,250 - INFO - new_energy_solar_ahead 预测准确率: 0.993406735549307
2026-03-09 07:30:57,244 - INFO - [job] model: xgboost, train: False, labels: ['new_energy_wind_ahead', 'new_energy_solar_ahead'], date: 2026-03-08~2026-03-20, pipeline: 20260309-073057, meteo_source: HRES
2026-03-09 07:30:57,245 - data.py[line:1445] - INFO: Start to get meteo data.
2026-03-09 07:30:57,245 - INFO - Start to get meteo data.
/data00/chenjiajun/20250711/daily_test/jiangsu_power_cronjob_v1/api/io/mysql.py:27: UserWarning: pandas only supports SQLAlchemy connectable (engine/connection) or database string URI or sqlite3 DBAPI2 connection. Other DBAPI2 objects are not tested. Please consider using SQLAlchemy.
  df = pd.read_sql(
2026-03-09 07:31:00,252 - data.py[line:1459] - INFO: Finish getting meteo data.
2026-03-09 07:31:00,252 - INFO - Finish getting meteo data.
2026-03-09 07:31:00,264 - INFO - 样本数量:288
2026-03-09 07:31:00,264 - INFO - 读取模型文件: /data00/chenjiajun/20250711/daily_test/jiangsu_power_cronjob_v1/local/checkpoints/new_energy_wind_ahead-ahead-by_day-noa-unweighted.json
2026-03-09 07:31:01,393 - INFO - Finish predicting new_energy_wind_ahead
2026-03-09 07:31:01,817 - INFO - 所有日期处理完成: 原始288条记录 -> 新1152条记录
2026-03-09 07:31:01,820 - INFO - 样本数量:288
2026-03-09 07:31:01,820 - INFO - 读取模型文件: /data00/chenjiajun/20250711/daily_test/jiangsu_power_cronjob_v1/local/checkpoints/new_energy_solar_ahead-ahead-by_day-noa-unweighted.json
2026-03-09 07:31:01,966 - INFO - Finish predicting new_energy_solar_ahead
2026-03-09 07:31:02,174 - INFO - 所有日期处理完成: 原始288条记录 -> 新1152条记录
2026-03-09 07:31:02,297 - INFO - 成功连接到MongoDB
2026-03-09 07:32:11,555 - INFO - 处理完成 - 成功: 1056 条, 失败: 0 条
               date_time create_time  ... version_date  version_time
0    2026-03-09 00:00:00  2026-03-09  ...   2026-03-08      20:00:00
1    2026-03-09 00:15:00  2026-03-09  ...   2026-03-08      20:00:00
2    2026-03-09 00:30:00  2026-03-09  ...   2026-03-08      20:00:00
3    2026-03-09 00:45:00  2026-03-09  ...   2026-03-08      20:00:00
4    2026-03-09 01:00:00  2026-03-09  ...   2026-03-08      20:00:00
...                  ...         ...  ...          ...           ...
1051 2026-03-19 22:45:00  2026-03-09  ...   2026-03-08      20:00:00
1052 2026-03-19 23:00:00  2026-03-09  ...   2026-03-08      20:00:00
1053 2026-03-19 23:15:00  2026-03-09  ...   2026-03-08      20:00:00
1054 2026-03-19 23:30:00  2026-03-09  ...   2026-03-08      20:00:00
1055 2026-03-19 23:45:00  2026-03-09  ...   2026-03-08      20:00:00

[1056 rows x 11 columns]
Current working directory: /data00/chenjiajun/20250711/daily_test/jiangsu_power_cronjob_v1
2026-03-10 07:30:03,103 - INFO - [job] model: xgboost, train: True, labels: ['new_energy_wind_ahead', 'new_energy_solar_ahead'], date: 2025-11-03~2026-03-03, pipeline: 20260310-073003, meteo_source: HRES
2026-03-10 07:30:03,104 - data.py[line:1416] - INFO: Start to get ahead data.
2026-03-10 07:30:03,104 - INFO - Start to get ahead data.
2026-03-10 07:30:08,090 - data.py[line:1425] - INFO: Finish getting ahead data.
2026-03-10 07:30:08,090 - INFO - Finish getting ahead data.
2026-03-10 07:30:08,090 - data.py[line:1428] - INFO: Start to get realtime data.
2026-03-10 07:30:08,090 - INFO - Start to get realtime data.
2026-03-10 07:30:08,090 - data.py[line:1439] - INFO: Finish getting realtime data.
2026-03-10 07:30:08,090 - INFO - Finish getting realtime data.
2026-03-10 07:30:08,092 - data.py[line:1445] - INFO: Start to get meteo data.
2026-03-10 07:30:08,092 - INFO - Start to get meteo data.
/data00/chenjiajun/20250711/daily_test/jiangsu_power_cronjob_v1/api/io/mysql.py:27: UserWarning: pandas only supports SQLAlchemy connectable (engine/connection) or database string URI or sqlite3 DBAPI2 connection. Other DBAPI2 objects are not tested. Please consider using SQLAlchemy.
  df = pd.read_sql(
2026-03-10 07:30:25,177 - data.py[line:1459] - INFO: Finish getting meteo data.
2026-03-10 07:30:25,177 - INFO - Finish getting meteo data.
2026-03-10 07:30:25,286 - INFO - 样本数量:2880
2026-03-10 07:30:25,287 - INFO - 训练模型: new_energy_wind_ahead
2026-03-10 07:30:53,919 - INFO - 保存模型到: /data00/chenjiajun/20250711/daily_test/jiangsu_power_cronjob_v1/local/checkpoints/new_energy_wind_ahead-ahead-by_day-noa-unweighted.json
2026-03-10 07:30:53,961 - INFO - 读取模型文件: /data00/chenjiajun/20250711/daily_test/jiangsu_power_cronjob_v1/local/checkpoints/new_energy_wind_ahead-ahead-by_day-noa-unweighted.json
2026-03-10 07:30:54,092 - INFO - Finish predicting new_energy_wind_ahead
2026-03-10 07:30:54,133 - INFO - 样本数量:2880
2026-03-10 07:30:54,133 - INFO - 训练模型: new_energy_solar_ahead
2026-03-10 07:30:55,427 - INFO - 保存模型到: /data00/chenjiajun/20250711/daily_test/jiangsu_power_cronjob_v1/local/checkpoints/new_energy_solar_ahead-ahead-by_day-noa-unweighted.json
2026-03-10 07:30:55,470 - INFO - 读取模型文件: /data00/chenjiajun/20250711/daily_test/jiangsu_power_cronjob_v1/local/checkpoints/new_energy_solar_ahead-ahead-by_day-noa-unweighted.json
2026-03-10 07:30:55,601 - INFO - Finish predicting new_energy_solar_ahead
2026-03-10 07:30:55,629 - INFO - new_energy_wind_ahead 预测准确率: 0.9745807889466755
2026-03-10 07:30:55,632 - INFO - new_energy_solar_ahead 预测准确率: 0.9936481155916441
2026-03-10 07:30:57,560 - INFO - [job] model: xgboost, train: False, labels: ['new_energy_wind_ahead', 'new_energy_solar_ahead'], date: 2026-03-09~2026-03-21, pipeline: 20260310-073057, meteo_source: HRES
2026-03-10 07:30:57,560 - data.py[line:1445] - INFO: Start to get meteo data.
2026-03-10 07:30:57,560 - INFO - Start to get meteo data.
/data00/chenjiajun/20250711/daily_test/jiangsu_power_cronjob_v1/api/io/mysql.py:27: UserWarning: pandas only supports SQLAlchemy connectable (engine/connection) or database string URI or sqlite3 DBAPI2 connection. Other DBAPI2 objects are not tested. Please consider using SQLAlchemy.
  df = pd.read_sql(
2026-03-10 07:31:00,359 - data.py[line:1459] - INFO: Finish getting meteo data.
2026-03-10 07:31:00,359 - INFO - Finish getting meteo data.
2026-03-10 07:31:00,372 - INFO - 样本数量:288
2026-03-10 07:31:00,372 - INFO - 读取模型文件: /data00/chenjiajun/20250711/daily_test/jiangsu_power_cronjob_v1/local/checkpoints/new_energy_wind_ahead-ahead-by_day-noa-unweighted.json
2026-03-10 07:31:01,443 - INFO - Finish predicting new_energy_wind_ahead
2026-03-10 07:31:01,804 - INFO - 所有日期处理完成: 原始288条记录 -> 新1152条记录
2026-03-10 07:31:01,806 - INFO - 样本数量:288
2026-03-10 07:31:01,806 - INFO - 读取模型文件: /data00/chenjiajun/20250711/daily_test/jiangsu_power_cronjob_v1/local/checkpoints/new_energy_solar_ahead-ahead-by_day-noa-unweighted.json
2026-03-10 07:31:01,954 - INFO - Finish predicting new_energy_solar_ahead
2026-03-10 07:31:02,160 - INFO - 所有日期处理完成: 原始288条记录 -> 新1152条记录
2026-03-10 07:31:02,298 - INFO - 成功连接到MongoDB
2026-03-10 07:32:13,460 - INFO - 处理完成 - 成功: 1056 条, 失败: 0 条
               date_time create_time  ... version_date  version_time
0    2026-03-10 00:00:00  2026-03-10  ...   2026-03-09      20:00:00
1    2026-03-10 00:15:00  2026-03-10  ...   2026-03-09      20:00:00
2    2026-03-10 00:30:00  2026-03-10  ...   2026-03-09      20:00:00
3    2026-03-10 00:45:00  2026-03-10  ...   2026-03-09      20:00:00
4    2026-03-10 01:00:00  2026-03-10  ...   2026-03-09      20:00:00
...                  ...         ...  ...          ...           ...
1051 2026-03-20 22:45:00  2026-03-10  ...   2026-03-09      20:00:00
1052 2026-03-20 23:00:00  2026-03-10  ...   2026-03-09      20:00:00
1053 2026-03-20 23:15:00  2026-03-10  ...   2026-03-09      20:00:00
1054 2026-03-20 23:30:00  2026-03-10  ...   2026-03-09      20:00:00
1055 2026-03-20 23:45:00  2026-03-10  ...   2026-03-09      20:00:00

[1056 rows x 11 columns]
Current working directory: /data00/chenjiajun/20250711/daily_test/jiangsu_power_cronjob_v1
2026-03-11 07:30:03,621 - INFO - [job] model: xgboost, train: True, labels: ['new_energy_wind_ahead', 'new_energy_solar_ahead'], date: 2025-11-04~2026-03-04, pipeline: 20260311-073003, meteo_source: HRES
2026-03-11 07:30:03,622 - data.py[line:1416] - INFO: Start to get ahead data.
2026-03-11 07:30:03,622 - INFO - Start to get ahead data.
2026-03-11 07:30:08,378 - data.py[line:1425] - INFO: Finish getting ahead data.
2026-03-11 07:30:08,378 - INFO - Finish getting ahead data.
2026-03-11 07:30:08,378 - data.py[line:1428] - INFO: Start to get realtime data.
2026-03-11 07:30:08,378 - INFO - Start to get realtime data.
2026-03-11 07:30:08,378 - data.py[line:1439] - INFO: Finish getting realtime data.
2026-03-11 07:30:08,378 - INFO - Finish getting realtime data.
2026-03-11 07:30:08,380 - data.py[line:1445] - INFO: Start to get meteo data.
2026-03-11 07:30:08,380 - INFO - Start to get meteo data.
/data00/chenjiajun/20250711/daily_test/jiangsu_power_cronjob_v1/api/io/mysql.py:27: UserWarning: pandas only supports SQLAlchemy connectable (engine/connection) or database string URI or sqlite3 DBAPI2 connection. Other DBAPI2 objects are not tested. Please consider using SQLAlchemy.
  df = pd.read_sql(
2026-03-11 07:30:23,870 - data.py[line:1459] - INFO: Finish getting meteo data.
2026-03-11 07:30:23,870 - INFO - Finish getting meteo data.
2026-03-11 07:30:23,988 - INFO - 样本数量:2880
2026-03-11 07:30:23,988 - INFO - 训练模型: new_energy_wind_ahead
2026-03-11 07:30:49,479 - INFO - 保存模型到: /data00/chenjiajun/20250711/daily_test/jiangsu_power_cronjob_v1/local/checkpoints/new_energy_wind_ahead-ahead-by_day-noa-unweighted.json
2026-03-11 07:30:49,519 - INFO - 读取模型文件: /data00/chenjiajun/20250711/daily_test/jiangsu_power_cronjob_v1/local/checkpoints/new_energy_wind_ahead-ahead-by_day-noa-unweighted.json
2026-03-11 07:30:49,650 - INFO - Finish predicting new_energy_wind_ahead
2026-03-11 07:30:49,691 - INFO - 样本数量:2880
2026-03-11 07:30:49,691 - INFO - 训练模型: new_energy_solar_ahead
2026-03-11 07:30:55,108 - INFO - 保存模型到: /data00/chenjiajun/20250711/daily_test/jiangsu_power_cronjob_v1/local/checkpoints/new_energy_solar_ahead-ahead-by_day-noa-unweighted.json
2026-03-11 07:30:55,136 - INFO - 读取模型文件: /data00/chenjiajun/20250711/daily_test/jiangsu_power_cronjob_v1/local/checkpoints/new_energy_solar_ahead-ahead-by_day-noa-unweighted.json
2026-03-11 07:30:55,246 - INFO - Finish predicting new_energy_solar_ahead
2026-03-11 07:30:55,277 - INFO - new_energy_wind_ahead 预测准确率: 0.9734544766422859
2026-03-11 07:30:55,280 - INFO - new_energy_solar_ahead 预测准确率: 0.9934527457358225
2026-03-11 07:30:57,276 - INFO - [job] model: xgboost, train: False, labels: ['new_energy_wind_ahead', 'new_energy_solar_ahead'], date: 2026-03-10~2026-03-22, pipeline: 20260311-073057, meteo_source: HRES
2026-03-11 07:30:57,277 - data.py[line:1445] - INFO: Start to get meteo data.
2026-03-11 07:30:57,277 - INFO - Start to get meteo data.
/data00/chenjiajun/20250711/daily_test/jiangsu_power_cronjob_v1/api/io/mysql.py:27: UserWarning: pandas only supports SQLAlchemy connectable (engine/connection) or database string URI or sqlite3 DBAPI2 connection. Other DBAPI2 objects are not tested. Please consider using SQLAlchemy.
  df = pd.read_sql(
2026-03-11 07:30:59,949 - data.py[line:1459] - INFO: Finish getting meteo data.
2026-03-11 07:30:59,949 - INFO - Finish getting meteo data.
2026-03-11 07:30:59,961 - INFO - 样本数量:288
2026-03-11 07:30:59,961 - INFO - 读取模型文件: /data00/chenjiajun/20250711/daily_test/jiangsu_power_cronjob_v1/local/checkpoints/new_energy_wind_ahead-ahead-by_day-noa-unweighted.json
2026-03-11 07:31:01,100 - INFO - Finish predicting new_energy_wind_ahead
2026-03-11 07:31:01,526 - INFO - 所有日期处理完成: 原始288条记录 -> 新1152条记录
2026-03-11 07:31:01,529 - INFO - 样本数量:288
2026-03-11 07:31:01,529 - INFO - 读取模型文件: /data00/chenjiajun/20250711/daily_test/jiangsu_power_cronjob_v1/local/checkpoints/new_energy_solar_ahead-ahead-by_day-noa-unweighted.json
2026-03-11 07:31:01,662 - INFO - Finish predicting new_energy_solar_ahead
2026-03-11 07:31:01,846 - INFO - 所有日期处理完成: 原始288条记录 -> 新1152条记录
2026-03-11 07:31:01,972 - INFO - 成功连接到MongoDB
2026-03-11 07:32:14,752 - INFO - 处理完成 - 成功: 1056 条, 失败: 0 条
               date_time create_time  ... version_date  version_time
0    2026-03-11 00:00:00  2026-03-11  ...   2026-03-10      20:00:00
1    2026-03-11 00:15:00  2026-03-11  ...   2026-03-10      20:00:00
2    2026-03-11 00:30:00  2026-03-11  ...   2026-03-10      20:00:00
3    2026-03-11 00:45:00  2026-03-11  ...   2026-03-10      20:00:00
4    2026-03-11 01:00:00  2026-03-11  ...   2026-03-10      20:00:00
...                  ...         ...  ...          ...           ...
1051 2026-03-21 22:45:00  2026-03-11  ...   2026-03-10      20:00:00
1052 2026-03-21 23:00:00  2026-03-11  ...   2026-03-10      20:00:00
1053 2026-03-21 23:15:00  2026-03-11  ...   2026-03-10      20:00:00
1054 2026-03-21 23:30:00  2026-03-11  ...   2026-03-10      20:00:00
1055 2026-03-21 23:45:00  2026-03-11  ...   2026-03-10      20:00:00

[1056 rows x 11 columns]
Current working directory: /data00/chenjiajun/20250711/daily_test/jiangsu_power_cronjob_v1
2026-03-12 07:30:03,706 - INFO - [job] model: xgboost, train: True, labels: ['new_energy_wind_ahead', 'new_energy_solar_ahead'], date: 2025-11-05~2026-03-05, pipeline: 20260312-073003, meteo_source: HRES
2026-03-12 07:30:03,707 - data.py[line:1416] - INFO: Start to get ahead data.
2026-03-12 07:30:03,707 - INFO - Start to get ahead data.
2026-03-12 07:30:08,708 - data.py[line:1425] - INFO: Finish getting ahead data.
2026-03-12 07:30:08,708 - INFO - Finish getting ahead data.
2026-03-12 07:30:08,708 - data.py[line:1428] - INFO: Start to get realtime data.
2026-03-12 07:30:08,708 - INFO - Start to get realtime data.
2026-03-12 07:30:08,708 - data.py[line:1439] - INFO: Finish getting realtime data.
2026-03-12 07:30:08,708 - INFO - Finish getting realtime data.
2026-03-12 07:30:08,710 - data.py[line:1445] - INFO: Start to get meteo data.
2026-03-12 07:30:08,710 - INFO - Start to get meteo data.
/data00/chenjiajun/20250711/daily_test/jiangsu_power_cronjob_v1/api/io/mysql.py:27: UserWarning: pandas only supports SQLAlchemy connectable (engine/connection) or database string URI or sqlite3 DBAPI2 connection. Other DBAPI2 objects are not tested. Please consider using SQLAlchemy.
  df = pd.read_sql(
2026-03-12 07:30:20,450 - data.py[line:1459] - INFO: Finish getting meteo data.
2026-03-12 07:30:20,450 - INFO - Finish getting meteo data.
2026-03-12 07:30:20,569 - INFO - 样本数量:2880
2026-03-12 07:30:20,569 - INFO - 训练模型: new_energy_wind_ahead
2026-03-12 07:31:18,550 - INFO - 保存模型到: /data00/chenjiajun/20250711/daily_test/jiangsu_power_cronjob_v1/local/checkpoints/new_energy_wind_ahead-ahead-by_day-noa-unweighted.json
2026-03-12 07:31:18,591 - INFO - 读取模型文件: /data00/chenjiajun/20250711/daily_test/jiangsu_power_cronjob_v1/local/checkpoints/new_energy_wind_ahead-ahead-by_day-noa-unweighted.json
2026-03-12 07:31:18,730 - INFO - Finish predicting new_energy_wind_ahead
2026-03-12 07:31:18,768 - INFO - 样本数量:2880
2026-03-12 07:31:18,768 - INFO - 训练模型: new_energy_solar_ahead
2026-03-12 07:31:44,643 - INFO - 保存模型到: /data00/chenjiajun/20250711/daily_test/jiangsu_power_cronjob_v1/local/checkpoints/new_energy_solar_ahead-ahead-by_day-noa-unweighted.json
2026-03-12 07:31:44,671 - INFO - 读取模型文件: /data00/chenjiajun/20250711/daily_test/jiangsu_power_cronjob_v1/local/checkpoints/new_energy_solar_ahead-ahead-by_day-noa-unweighted.json
2026-03-12 07:31:44,759 - INFO - Finish predicting new_energy_solar_ahead
2026-03-12 07:31:44,788 - INFO - new_energy_wind_ahead 预测准确率: 0.9736015331409859
2026-03-12 07:31:44,790 - INFO - new_energy_solar_ahead 预测准确率: 0.9933422268456217
2026-03-12 07:31:46,515 - INFO - [job] model: xgboost, train: False, labels: ['new_energy_wind_ahead', 'new_energy_solar_ahead'], date: 2026-03-11~2026-03-23, pipeline: 20260312-073146, meteo_source: HRES
2026-03-12 07:31:46,516 - data.py[line:1445] - INFO: Start to get meteo data.
2026-03-12 07:31:46,516 - INFO - Start to get meteo data.
/data00/chenjiajun/20250711/daily_test/jiangsu_power_cronjob_v1/api/io/mysql.py:27: UserWarning: pandas only supports SQLAlchemy connectable (engine/connection) or database string URI or sqlite3 DBAPI2 connection. Other DBAPI2 objects are not tested. Please consider using SQLAlchemy.
  df = pd.read_sql(
2026-03-12 07:31:49,415 - data.py[line:1459] - INFO: Finish getting meteo data.
2026-03-12 07:31:49,415 - INFO - Finish getting meteo data.
2026-03-12 07:31:49,427 - INFO - 样本数量:288
2026-03-12 07:31:49,428 - INFO - 读取模型文件: /data00/chenjiajun/20250711/daily_test/jiangsu_power_cronjob_v1/local/checkpoints/new_energy_wind_ahead-ahead-by_day-noa-unweighted.json
2026-03-12 07:31:49,695 - INFO - Finish predicting new_energy_wind_ahead
2026-03-12 07:31:50,098 - INFO - 所有日期处理完成: 原始288条记录 -> 新1152条记录
2026-03-12 07:31:50,101 - INFO - 样本数量:288
2026-03-12 07:31:50,101 - INFO - 读取模型文件: /data00/chenjiajun/20250711/daily_test/jiangsu_power_cronjob_v1/local/checkpoints/new_energy_solar_ahead-ahead-by_day-noa-unweighted.json
2026-03-12 07:31:50,253 - INFO - Finish predicting new_energy_solar_ahead
2026-03-12 07:31:50,467 - INFO - 所有日期处理完成: 原始288条记录 -> 新1152条记录
2026-03-12 07:31:50,619 - INFO - 成功连接到MongoDB
2026-03-12 07:33:03,084 - INFO - 处理完成 - 成功: 1056 条, 失败: 0 条
               date_time create_time  ... version_date  version_time
0    2026-03-12 00:00:00  2026-03-12  ...   2026-03-11      20:00:00
1    2026-03-12 00:15:00  2026-03-12  ...   2026-03-11      20:00:00
2    2026-03-12 00:30:00  2026-03-12  ...   2026-03-11      20:00:00
3    2026-03-12 00:45:00  2026-03-12  ...   2026-03-11      20:00:00
4    2026-03-12 01:00:00  2026-03-12  ...   2026-03-11      20:00:00
...                  ...         ...  ...          ...           ...
1051 2026-03-22 22:45:00  2026-03-12  ...   2026-03-11      20:00:00
1052 2026-03-22 23:00:00  2026-03-12  ...   2026-03-11      20:00:00
1053 2026-03-22 23:15:00  2026-03-12  ...   2026-03-11      20:00:00
1054 2026-03-22 23:30:00  2026-03-12  ...   2026-03-11      20:00:00
1055 2026-03-22 23:45:00  2026-03-12  ...   2026-03-11      20:00:00

[1056 rows x 11 columns]
Current working directory: /data00/chenjiajun/20250711/daily_test/jiangsu_power_cronjob_v1
2026-03-13 07:30:03,823 - INFO - [job] model: xgboost, train: True, labels: ['new_energy_wind_ahead', 'new_energy_solar_ahead'], date: 2025-11-06~2026-03-06, pipeline: 20260313-073003, meteo_source: HRES
2026-03-13 07:30:03,824 - data.py[line:1416] - INFO: Start to get ahead data.
2026-03-13 07:30:03,824 - INFO - Start to get ahead data.
2026-03-13 07:30:08,807 - data.py[line:1425] - INFO: Finish getting ahead data.
2026-03-13 07:30:08,807 - INFO - Finish getting ahead data.
2026-03-13 07:30:08,808 - data.py[line:1428] - INFO: Start to get realtime data.
2026-03-13 07:30:08,808 - INFO - Start to get realtime data.
2026-03-13 07:30:08,808 - data.py[line:1439] - INFO: Finish getting realtime data.
2026-03-13 07:30:08,808 - INFO - Finish getting realtime data.
2026-03-13 07:30:08,810 - data.py[line:1445] - INFO: Start to get meteo data.
2026-03-13 07:30:08,810 - INFO - Start to get meteo data.
/data00/chenjiajun/20250711/daily_test/jiangsu_power_cronjob_v1/api/io/mysql.py:27: UserWarning: pandas only supports SQLAlchemy connectable (engine/connection) or database string URI or sqlite3 DBAPI2 connection. Other DBAPI2 objects are not tested. Please consider using SQLAlchemy.
  df = pd.read_sql(
2026-03-13 07:30:18,862 - data.py[line:1459] - INFO: Finish getting meteo data.
2026-03-13 07:30:18,862 - INFO - Finish getting meteo data.
2026-03-13 07:30:18,987 - INFO - 样本数量:2880
2026-03-13 07:30:18,987 - INFO - 训练模型: new_energy_wind_ahead
2026-03-13 07:31:23,958 - INFO - 保存模型到: /data00/chenjiajun/20250711/daily_test/jiangsu_power_cronjob_v1/local/checkpoints/new_energy_wind_ahead-ahead-by_day-noa-unweighted.json
2026-03-13 07:31:24,002 - INFO - 读取模型文件: /data00/chenjiajun/20250711/daily_test/jiangsu_power_cronjob_v1/local/checkpoints/new_energy_wind_ahead-ahead-by_day-noa-unweighted.json
2026-03-13 07:31:24,135 - INFO - Finish predicting new_energy_wind_ahead
2026-03-13 07:31:24,175 - INFO - 样本数量:2880
2026-03-13 07:31:24,175 - INFO - 训练模型: new_energy_solar_ahead
2026-03-13 07:31:25,608 - INFO - 保存模型到: /data00/chenjiajun/20250711/daily_test/jiangsu_power_cronjob_v1/local/checkpoints/new_energy_solar_ahead-ahead-by_day-noa-unweighted.json
2026-03-13 07:31:25,636 - INFO - 读取模型文件: /data00/chenjiajun/20250711/daily_test/jiangsu_power_cronjob_v1/local/checkpoints/new_energy_solar_ahead-ahead-by_day-noa-unweighted.json
2026-03-13 07:31:25,727 - INFO - Finish predicting new_energy_solar_ahead
2026-03-13 07:31:25,756 - INFO - new_energy_wind_ahead 预测准确率: 0.9735524706229117
2026-03-13 07:31:25,759 - INFO - new_energy_solar_ahead 预测准确率: 0.9932930739578261
2026-03-13 07:31:27,720 - INFO - [job] model: xgboost, train: False, labels: ['new_energy_wind_ahead', 'new_energy_solar_ahead'], date: 2026-03-12~2026-03-24, pipeline: 20260313-073127, meteo_source: HRES
2026-03-13 07:31:27,721 - data.py[line:1445] - INFO: Start to get meteo data.
2026-03-13 07:31:27,721 - INFO - Start to get meteo data.
/data00/chenjiajun/20250711/daily_test/jiangsu_power_cronjob_v1/api/io/mysql.py:27: UserWarning: pandas only supports SQLAlchemy connectable (engine/connection) or database string URI or sqlite3 DBAPI2 connection. Other DBAPI2 objects are not tested. Please consider using SQLAlchemy.
  df = pd.read_sql(
2026-03-13 07:31:30,469 - data.py[line:1459] - INFO: Finish getting meteo data.
2026-03-13 07:31:30,469 - INFO - Finish getting meteo data.
2026-03-13 07:31:30,482 - INFO - 样本数量:288
2026-03-13 07:31:30,482 - INFO - 读取模型文件: /data00/chenjiajun/20250711/daily_test/jiangsu_power_cronjob_v1/local/checkpoints/new_energy_wind_ahead-ahead-by_day-noa-unweighted.json
2026-03-13 07:31:31,576 - INFO - Finish predicting new_energy_wind_ahead
2026-03-13 07:31:31,925 - INFO - 所有日期处理完成: 原始288条记录 -> 新1152条记录
2026-03-13 07:31:31,927 - INFO - 样本数量:288
2026-03-13 07:31:31,927 - INFO - 读取模型文件: /data00/chenjiajun/20250711/daily_test/jiangsu_power_cronjob_v1/local/checkpoints/new_energy_solar_ahead-ahead-by_day-noa-unweighted.json
2026-03-13 07:31:32,037 - INFO - Finish predicting new_energy_solar_ahead
2026-03-13 07:31:32,207 - INFO - 所有日期处理完成: 原始288条记录 -> 新1152条记录
2026-03-13 07:31:32,332 - INFO - 成功连接到MongoDB
2026-03-13 07:32:45,403 - INFO - 处理完成 - 成功: 1056 条, 失败: 0 条
               date_time create_time  ... version_date  version_time
0    2026-03-13 00:00:00  2026-03-13  ...   2026-03-12      20:00:00
1    2026-03-13 00:15:00  2026-03-13  ...   2026-03-12      20:00:00
2    2026-03-13 00:30:00  2026-03-13  ...   2026-03-12      20:00:00
3    2026-03-13 00:45:00  2026-03-13  ...   2026-03-12      20:00:00
4    2026-03-13 01:00:00  2026-03-13  ...   2026-03-12      20:00:00
...                  ...         ...  ...          ...           ...
1051 2026-03-23 22:45:00  2026-03-13  ...   2026-03-12      20:00:00
1052 2026-03-23 23:00:00  2026-03-13  ...   2026-03-12      20:00:00
1053 2026-03-23 23:15:00  2026-03-13  ...   2026-03-12      20:00:00
1054 2026-03-23 23:30:00  2026-03-13  ...   2026-03-12      20:00:00
1055 2026-03-23 23:45:00  2026-03-13  ...   2026-03-12      20:00:00

[1056 rows x 11 columns]
Current working directory: /data00/chenjiajun/20250711/daily_test/jiangsu_power_cronjob_v1
2026-03-14 07:30:03,755 - INFO - [job] model: xgboost, train: True, labels: ['new_energy_wind_ahead', 'new_energy_solar_ahead'], date: 2025-11-07~2026-03-07, pipeline: 20260314-073003, meteo_source: HRES
2026-03-14 07:30:03,756 - data.py[line:1416] - INFO: Start to get ahead data.
2026-03-14 07:30:03,756 - INFO - Start to get ahead data.
2026-03-14 07:30:08,748 - data.py[line:1425] - INFO: Finish getting ahead data.
2026-03-14 07:30:08,748 - INFO - Finish getting ahead data.
2026-03-14 07:30:08,748 - data.py[line:1428] - INFO: Start to get realtime data.
2026-03-14 07:30:08,748 - INFO - Start to get realtime data.
2026-03-14 07:30:08,748 - data.py[line:1439] - INFO: Finish getting realtime data.
2026-03-14 07:30:08,748 - INFO - Finish getting realtime data.
2026-03-14 07:30:08,750 - data.py[line:1445] - INFO: Start to get meteo data.
2026-03-14 07:30:08,750 - INFO - Start to get meteo data.
/data00/chenjiajun/20250711/daily_test/jiangsu_power_cronjob_v1/api/io/mysql.py:27: UserWarning: pandas only supports SQLAlchemy connectable (engine/connection) or database string URI or sqlite3 DBAPI2 connection. Other DBAPI2 objects are not tested. Please consider using SQLAlchemy.
  df = pd.read_sql(
2026-03-14 07:30:32,347 - data.py[line:1459] - INFO: Finish getting meteo data.
2026-03-14 07:30:32,347 - INFO - Finish getting meteo data.
2026-03-14 07:30:32,462 - INFO - 样本数量:2880
2026-03-14 07:30:32,462 - INFO - 训练模型: new_energy_wind_ahead
2026-03-14 07:31:22,587 - INFO - 保存模型到: /data00/chenjiajun/20250711/daily_test/jiangsu_power_cronjob_v1/local/checkpoints/new_energy_wind_ahead-ahead-by_day-noa-unweighted.json
2026-03-14 07:31:22,633 - INFO - 读取模型文件: /data00/chenjiajun/20250711/daily_test/jiangsu_power_cronjob_v1/local/checkpoints/new_energy_wind_ahead-ahead-by_day-noa-unweighted.json
2026-03-14 07:31:22,763 - INFO - Finish predicting new_energy_wind_ahead
2026-03-14 07:31:22,806 - INFO - 样本数量:2880
2026-03-14 07:31:22,806 - INFO - 训练模型: new_energy_solar_ahead
2026-03-14 07:31:24,054 - INFO - 保存模型到: /data00/chenjiajun/20250711/daily_test/jiangsu_power_cronjob_v1/local/checkpoints/new_energy_solar_ahead-ahead-by_day-noa-unweighted.json
2026-03-14 07:31:24,084 - INFO - 读取模型文件: /data00/chenjiajun/20250711/daily_test/jiangsu_power_cronjob_v1/local/checkpoints/new_energy_solar_ahead-ahead-by_day-noa-unweighted.json
2026-03-14 07:31:24,174 - INFO - Finish predicting new_energy_solar_ahead
2026-03-14 07:31:24,203 - INFO - new_energy_wind_ahead 预测准确率: 0.9742256924777938
2026-03-14 07:31:24,206 - INFO - new_energy_solar_ahead 预测准确率: 0.9937751544634879
2026-03-14 07:31:26,105 - INFO - [job] model: xgboost, train: False, labels: ['new_energy_wind_ahead', 'new_energy_solar_ahead'], date: 2026-03-13~2026-03-25, pipeline: 20260314-073126, meteo_source: HRES
2026-03-14 07:31:26,105 - data.py[line:1445] - INFO: Start to get meteo data.
2026-03-14 07:31:26,105 - INFO - Start to get meteo data.
/data00/chenjiajun/20250711/daily_test/jiangsu_power_cronjob_v1/api/io/mysql.py:27: UserWarning: pandas only supports SQLAlchemy connectable (engine/connection) or database string URI or sqlite3 DBAPI2 connection. Other DBAPI2 objects are not tested. Please consider using SQLAlchemy.
  df = pd.read_sql(
2026-03-14 07:31:28,894 - data.py[line:1459] - INFO: Finish getting meteo data.
2026-03-14 07:31:28,894 - INFO - Finish getting meteo data.
2026-03-14 07:31:28,906 - INFO - 样本数量:288
2026-03-14 07:31:28,906 - INFO - 读取模型文件: /data00/chenjiajun/20250711/daily_test/jiangsu_power_cronjob_v1/local/checkpoints/new_energy_wind_ahead-ahead-by_day-noa-unweighted.json
2026-03-14 07:31:30,002 - INFO - Finish predicting new_energy_wind_ahead
2026-03-14 07:31:30,341 - INFO - 所有日期处理完成: 原始288条记录 -> 新1152条记录
2026-03-14 07:31:30,343 - INFO - 样本数量:288
2026-03-14 07:31:30,343 - INFO - 读取模型文件: /data00/chenjiajun/20250711/daily_test/jiangsu_power_cronjob_v1/local/checkpoints/new_energy_solar_ahead-ahead-by_day-noa-unweighted.json
2026-03-14 07:31:30,478 - INFO - Finish predicting new_energy_solar_ahead
2026-03-14 07:31:30,649 - INFO - 所有日期处理完成: 原始288条记录 -> 新1152条记录
2026-03-14 07:31:30,769 - INFO - 成功连接到MongoDB
2026-03-14 07:32:44,784 - INFO - 处理完成 - 成功: 1056 条, 失败: 0 条
               date_time create_time  ... version_date  version_time
0    2026-03-14 00:00:00  2026-03-14  ...   2026-03-13      20:00:00
1    2026-03-14 00:15:00  2026-03-14  ...   2026-03-13      20:00:00
2    2026-03-14 00:30:00  2026-03-14  ...   2026-03-13      20:00:00
3    2026-03-14 00:45:00  2026-03-14  ...   2026-03-13      20:00:00
4    2026-03-14 01:00:00  2026-03-14  ...   2026-03-13      20:00:00
...                  ...         ...  ...          ...           ...
1051 2026-03-24 22:45:00  2026-03-14  ...   2026-03-13      20:00:00
1052 2026-03-24 23:00:00  2026-03-14  ...   2026-03-13      20:00:00
1053 2026-03-24 23:15:00  2026-03-14  ...   2026-03-13      20:00:00
1054 2026-03-24 23:30:00  2026-03-14  ...   2026-03-13      20:00:00
1055 2026-03-24 23:45:00  2026-03-14  ...   2026-03-13      20:00:00

[1056 rows x 11 columns]
Current working directory: /data00/chenjiajun/20250711/daily_test/jiangsu_power_cronjob_v1
2026-03-15 07:30:04,513 - INFO - [job] model: xgboost, train: True, labels: ['new_energy_wind_ahead', 'new_energy_solar_ahead'], date: 2025-11-08~2026-03-08, pipeline: 20260315-073004, meteo_source: HRES
2026-03-15 07:30:04,514 - data.py[line:1416] - INFO: Start to get ahead data.
2026-03-15 07:30:04,514 - INFO - Start to get ahead data.
2026-03-15 07:30:09,474 - data.py[line:1425] - INFO: Finish getting ahead data.
2026-03-15 07:30:09,474 - INFO - Finish getting ahead data.
2026-03-15 07:30:09,475 - data.py[line:1428] - INFO: Start to get realtime data.
2026-03-15 07:30:09,475 - INFO - Start to get realtime data.
2026-03-15 07:30:09,475 - data.py[line:1439] - INFO: Finish getting realtime data.
2026-03-15 07:30:09,475 - INFO - Finish getting realtime data.
2026-03-15 07:30:09,477 - data.py[line:1445] - INFO: Start to get meteo data.
2026-03-15 07:30:09,477 - INFO - Start to get meteo data.
/data00/chenjiajun/20250711/daily_test/jiangsu_power_cronjob_v1/api/io/mysql.py:27: UserWarning: pandas only supports SQLAlchemy connectable (engine/connection) or database string URI or sqlite3 DBAPI2 connection. Other DBAPI2 objects are not tested. Please consider using SQLAlchemy.
  df = pd.read_sql(
2026-03-15 07:30:44,849 - data.py[line:1459] - INFO: Finish getting meteo data.
2026-03-15 07:30:44,849 - INFO - Finish getting meteo data.
2026-03-15 07:30:44,960 - INFO - 样本数量:2880
2026-03-15 07:30:44,960 - INFO - 训练模型: new_energy_wind_ahead
2026-03-15 07:31:51,382 - INFO - 保存模型到: /data00/chenjiajun/20250711/daily_test/jiangsu_power_cronjob_v1/local/checkpoints/new_energy_wind_ahead-ahead-by_day-noa-unweighted.json
2026-03-15 07:31:51,424 - INFO - 读取模型文件: /data00/chenjiajun/20250711/daily_test/jiangsu_power_cronjob_v1/local/checkpoints/new_energy_wind_ahead-ahead-by_day-noa-unweighted.json
2026-03-15 07:31:51,560 - INFO - Finish predicting new_energy_wind_ahead
2026-03-15 07:31:51,605 - INFO - 样本数量:2880
2026-03-15 07:31:51,605 - INFO - 训练模型: new_energy_solar_ahead
2026-03-15 07:31:52,891 - INFO - 保存模型到: /data00/chenjiajun/20250711/daily_test/jiangsu_power_cronjob_v1/local/checkpoints/new_energy_solar_ahead-ahead-by_day-noa-unweighted.json
2026-03-15 07:31:52,919 - INFO - 读取模型文件: /data00/chenjiajun/20250711/daily_test/jiangsu_power_cronjob_v1/local/checkpoints/new_energy_solar_ahead-ahead-by_day-noa-unweighted.json
2026-03-15 07:31:53,006 - INFO - Finish predicting new_energy_solar_ahead
2026-03-15 07:31:53,036 - INFO - new_energy_wind_ahead 预测准确率: 0.9739031240319291
2026-03-15 07:31:53,038 - INFO - new_energy_solar_ahead 预测准确率: 0.9937554558469563
2026-03-15 07:31:55,005 - INFO - [job] model: xgboost, train: False, labels: ['new_energy_wind_ahead', 'new_energy_solar_ahead'], date: 2026-03-14~2026-03-26, pipeline: 20260315-073155, meteo_source: HRES
2026-03-15 07:31:55,005 - data.py[line:1445] - INFO: Start to get meteo data.
2026-03-15 07:31:55,005 - INFO - Start to get meteo data.
/data00/chenjiajun/20250711/daily_test/jiangsu_power_cronjob_v1/api/io/mysql.py:27: UserWarning: pandas only supports SQLAlchemy connectable (engine/connection) or database string URI or sqlite3 DBAPI2 connection. Other DBAPI2 objects are not tested. Please consider using SQLAlchemy.
  df = pd.read_sql(
2026-03-15 07:31:58,439 - data.py[line:1459] - INFO: Finish getting meteo data.
2026-03-15 07:31:58,439 - INFO - Finish getting meteo data.
2026-03-15 07:31:58,452 - INFO - 样本数量:288
2026-03-15 07:31:58,452 - INFO - 读取模型文件: /data00/chenjiajun/20250711/daily_test/jiangsu_power_cronjob_v1/local/checkpoints/new_energy_wind_ahead-ahead-by_day-noa-unweighted.json
2026-03-15 07:31:59,545 - INFO - Finish predicting new_energy_wind_ahead
2026-03-15 07:31:59,890 - INFO - 所有日期处理完成: 原始288条记录 -> 新1152条记录
2026-03-15 07:31:59,892 - INFO - 样本数量:288
2026-03-15 07:31:59,892 - INFO - 读取模型文件: /data00/chenjiajun/20250711/daily_test/jiangsu_power_cronjob_v1/local/checkpoints/new_energy_solar_ahead-ahead-by_day-noa-unweighted.json
2026-03-15 07:32:00,003 - INFO - Finish predicting new_energy_solar_ahead
2026-03-15 07:32:00,187 - INFO - 所有日期处理完成: 原始288条记录 -> 新1152条记录
2026-03-15 07:32:00,321 - INFO - 成功连接到MongoDB
2026-03-15 07:33:23,409 - INFO - 处理完成 - 成功: 1056 条, 失败: 0 条
               date_time create_time  ... version_date  version_time
0    2026-03-15 00:00:00  2026-03-15  ...   2026-03-14      20:00:00
1    2026-03-15 00:15:00  2026-03-15  ...   2026-03-14      20:00:00
2    2026-03-15 00:30:00  2026-03-15  ...   2026-03-14      20:00:00
3    2026-03-15 00:45:00  2026-03-15  ...   2026-03-14      20:00:00
4    2026-03-15 01:00:00  2026-03-15  ...   2026-03-14      20:00:00
...                  ...         ...  ...          ...           ...
1051 2026-03-25 22:45:00  2026-03-15  ...   2026-03-14      20:00:00
1052 2026-03-25 23:00:00  2026-03-15  ...   2026-03-14      20:00:00
1053 2026-03-25 23:15:00  2026-03-15  ...   2026-03-14      20:00:00
1054 2026-03-25 23:30:00  2026-03-15  ...   2026-03-14      20:00:00
1055 2026-03-25 23:45:00  2026-03-15  ...   2026-03-14      20:00:00

[1056 rows x 11 columns]
Current working directory: /data00/chenjiajun/20250711/daily_test/jiangsu_power_cronjob_v1
2026-03-16 07:30:03,676 - INFO - [job] model: xgboost, train: True, labels: ['new_energy_wind_ahead', 'new_energy_solar_ahead'], date: 2025-11-09~2026-03-09, pipeline: 20260316-073003, meteo_source: HRES
2026-03-16 07:30:03,678 - data.py[line:1416] - INFO: Start to get ahead data.
2026-03-16 07:30:03,678 - INFO - Start to get ahead data.
2026-03-16 07:30:08,726 - data.py[line:1425] - INFO: Finish getting ahead data.
2026-03-16 07:30:08,726 - INFO - Finish getting ahead data.
2026-03-16 07:30:08,726 - data.py[line:1428] - INFO: Start to get realtime data.
2026-03-16 07:30:08,726 - INFO - Start to get realtime data.
2026-03-16 07:30:08,726 - data.py[line:1439] - INFO: Finish getting realtime data.
2026-03-16 07:30:08,726 - INFO - Finish getting realtime data.
2026-03-16 07:30:08,729 - data.py[line:1445] - INFO: Start to get meteo data.
2026-03-16 07:30:08,729 - INFO - Start to get meteo data.
/data00/chenjiajun/20250711/daily_test/jiangsu_power_cronjob_v1/api/io/mysql.py:27: UserWarning: pandas only supports SQLAlchemy connectable (engine/connection) or database string URI or sqlite3 DBAPI2 connection. Other DBAPI2 objects are not tested. Please consider using SQLAlchemy.
  df = pd.read_sql(
2026-03-16 07:30:39,534 - data.py[line:1459] - INFO: Finish getting meteo data.
2026-03-16 07:30:39,534 - INFO - Finish getting meteo data.
2026-03-16 07:30:39,663 - INFO - 样本数量:2880
2026-03-16 07:30:39,663 - INFO - 训练模型: new_energy_wind_ahead
2026-03-16 07:31:23,540 - INFO - 保存模型到: /data00/chenjiajun/20250711/daily_test/jiangsu_power_cronjob_v1/local/checkpoints/new_energy_wind_ahead-ahead-by_day-noa-unweighted.json
2026-03-16 07:31:23,582 - INFO - 读取模型文件: /data00/chenjiajun/20250711/daily_test/jiangsu_power_cronjob_v1/local/checkpoints/new_energy_wind_ahead-ahead-by_day-noa-unweighted.json
2026-03-16 07:31:23,712 - INFO - Finish predicting new_energy_wind_ahead
2026-03-16 07:31:23,754 - INFO - 样本数量:2880
2026-03-16 07:31:23,754 - INFO - 训练模型: new_energy_solar_ahead
2026-03-16 07:31:25,031 - INFO - 保存模型到: /data00/chenjiajun/20250711/daily_test/jiangsu_power_cronjob_v1/local/checkpoints/new_energy_solar_ahead-ahead-by_day-noa-unweighted.json
2026-03-16 07:31:25,058 - INFO - 读取模型文件: /data00/chenjiajun/20250711/daily_test/jiangsu_power_cronjob_v1/local/checkpoints/new_energy_solar_ahead-ahead-by_day-noa-unweighted.json
2026-03-16 07:31:25,157 - INFO - Finish predicting new_energy_solar_ahead
2026-03-16 07:31:25,192 - INFO - new_energy_wind_ahead 预测准确率: 0.9735541789558594
2026-03-16 07:31:25,196 - INFO - new_energy_solar_ahead 预测准确率: 0.9934803742160411
2026-03-16 07:31:27,018 - INFO - [job] model: xgboost, train: False, labels: ['new_energy_wind_ahead', 'new_energy_solar_ahead'], date: 2026-03-15~2026-03-27, pipeline: 20260316-073127, meteo_source: HRES
2026-03-16 07:31:27,019 - data.py[line:1445] - INFO: Start to get meteo data.
2026-03-16 07:31:27,019 - INFO - Start to get meteo data.
/data00/chenjiajun/20250711/daily_test/jiangsu_power_cronjob_v1/api/io/mysql.py:27: UserWarning: pandas only supports SQLAlchemy connectable (engine/connection) or database string URI or sqlite3 DBAPI2 connection. Other DBAPI2 objects are not tested. Please consider using SQLAlchemy.
  df = pd.read_sql(
2026-03-16 07:31:30,630 - data.py[line:1459] - INFO: Finish getting meteo data.
2026-03-16 07:31:30,630 - INFO - Finish getting meteo data.
2026-03-16 07:31:30,644 - INFO - 样本数量:288
2026-03-16 07:31:30,645 - INFO - 读取模型文件: /data00/chenjiajun/20250711/daily_test/jiangsu_power_cronjob_v1/local/checkpoints/new_energy_wind_ahead-ahead-by_day-noa-unweighted.json
2026-03-16 07:31:31,834 - INFO - Finish predicting new_energy_wind_ahead
2026-03-16 07:31:32,262 - INFO - 所有日期处理完成: 原始288条记录 -> 新1152条记录
2026-03-16 07:31:32,265 - INFO - 样本数量:288
2026-03-16 07:31:32,265 - INFO - 读取模型文件: /data00/chenjiajun/20250711/daily_test/jiangsu_power_cronjob_v1/local/checkpoints/new_energy_solar_ahead-ahead-by_day-noa-unweighted.json
2026-03-16 07:31:32,413 - INFO - Finish predicting new_energy_solar_ahead
2026-03-16 07:31:32,603 - INFO - 所有日期处理完成: 原始288条记录 -> 新1152条记录
2026-03-16 07:31:32,720 - INFO - 成功连接到MongoDB
2026-03-16 07:32:57,026 - INFO - 处理完成 - 成功: 1056 条, 失败: 0 条
               date_time create_time  ... version_date  version_time
0    2026-03-16 00:00:00  2026-03-16  ...   2026-03-15      20:00:00
1    2026-03-16 00:15:00  2026-03-16  ...   2026-03-15      20:00:00
2    2026-03-16 00:30:00  2026-03-16  ...   2026-03-15      20:00:00
3    2026-03-16 00:45:00  2026-03-16  ...   2026-03-15      20:00:00
4    2026-03-16 01:00:00  2026-03-16  ...   2026-03-15      20:00:00
...                  ...         ...  ...          ...           ...
1051 2026-03-26 22:45:00  2026-03-16  ...   2026-03-15      20:00:00
1052 2026-03-26 23:00:00  2026-03-16  ...   2026-03-15      20:00:00
1053 2026-03-26 23:15:00  2026-03-16  ...   2026-03-15      20:00:00
1054 2026-03-26 23:30:00  2026-03-16  ...   2026-03-15      20:00:00
1055 2026-03-26 23:45:00  2026-03-16  ...   2026-03-15      20:00:00

[1056 rows x 11 columns]
Current working directory: /data00/chenjiajun/20250711/daily_test/jiangsu_power_cronjob_v1
2026-03-17 07:30:03,978 - INFO - [job] model: xgboost, train: True, labels: ['new_energy_wind_ahead', 'new_energy_solar_ahead'], date: 2025-11-10~2026-03-10, pipeline: 20260317-073003, meteo_source: HRES
2026-03-17 07:30:03,979 - data.py[line:1416] - INFO: Start to get ahead data.
2026-03-17 07:30:03,979 - INFO - Start to get ahead data.
2026-03-17 07:30:08,853 - data.py[line:1425] - INFO: Finish getting ahead data.
2026-03-17 07:30:08,853 - INFO - Finish getting ahead data.
2026-03-17 07:30:08,853 - data.py[line:1428] - INFO: Start to get realtime data.
2026-03-17 07:30:08,853 - INFO - Start to get realtime data.
2026-03-17 07:30:08,853 - data.py[line:1439] - INFO: Finish getting realtime data.
2026-03-17 07:30:08,853 - INFO - Finish getting realtime data.
2026-03-17 07:30:08,855 - data.py[line:1445] - INFO: Start to get meteo data.
2026-03-17 07:30:08,855 - INFO - Start to get meteo data.
/data00/chenjiajun/20250711/daily_test/jiangsu_power_cronjob_v1/api/io/mysql.py:27: UserWarning: pandas only supports SQLAlchemy connectable (engine/connection) or database string URI or sqlite3 DBAPI2 connection. Other DBAPI2 objects are not tested. Please consider using SQLAlchemy.
  df = pd.read_sql(
2026-03-17 07:30:24,598 - data.py[line:1459] - INFO: Finish getting meteo data.
2026-03-17 07:30:24,598 - INFO - Finish getting meteo data.
2026-03-17 07:30:24,703 - INFO - 样本数量:2880
2026-03-17 07:30:24,703 - INFO - 训练模型: new_energy_wind_ahead
2026-03-17 07:31:33,155 - INFO - 保存模型到: /data00/chenjiajun/20250711/daily_test/jiangsu_power_cronjob_v1/local/checkpoints/new_energy_wind_ahead-ahead-by_day-noa-unweighted.json
2026-03-17 07:31:33,197 - INFO - 读取模型文件: /data00/chenjiajun/20250711/daily_test/jiangsu_power_cronjob_v1/local/checkpoints/new_energy_wind_ahead-ahead-by_day-noa-unweighted.json
2026-03-17 07:31:33,334 - INFO - Finish predicting new_energy_wind_ahead
2026-03-17 07:31:33,382 - INFO - 样本数量:2880
2026-03-17 07:31:33,382 - INFO - 训练模型: new_energy_solar_ahead
2026-03-17 07:31:59,093 - INFO - 保存模型到: /data00/chenjiajun/20250711/daily_test/jiangsu_power_cronjob_v1/local/checkpoints/new_energy_solar_ahead-ahead-by_day-noa-unweighted.json
2026-03-17 07:31:59,121 - INFO - 读取模型文件: /data00/chenjiajun/20250711/daily_test/jiangsu_power_cronjob_v1/local/checkpoints/new_energy_solar_ahead-ahead-by_day-noa-unweighted.json
2026-03-17 07:31:59,208 - INFO - Finish predicting new_energy_solar_ahead
2026-03-17 07:31:59,238 - INFO - new_energy_wind_ahead 预测准确率: 0.9748923115718723
2026-03-17 07:31:59,241 - INFO - new_energy_solar_ahead 预测准确率: 0.9937626608715558
2026-03-17 07:32:01,272 - INFO - [job] model: xgboost, train: False, labels: ['new_energy_wind_ahead', 'new_energy_solar_ahead'], date: 2026-03-16~2026-03-28, pipeline: 20260317-073201, meteo_source: HRES
2026-03-17 07:32:01,273 - data.py[line:1445] - INFO: Start to get meteo data.
2026-03-17 07:32:01,273 - INFO - Start to get meteo data.
/data00/chenjiajun/20250711/daily_test/jiangsu_power_cronjob_v1/api/io/mysql.py:27: UserWarning: pandas only supports SQLAlchemy connectable (engine/connection) or database string URI or sqlite3 DBAPI2 connection. Other DBAPI2 objects are not tested. Please consider using SQLAlchemy.
  df = pd.read_sql(
2026-03-17 07:32:03,788 - data.py[line:1459] - INFO: Finish getting meteo data.
2026-03-17 07:32:03,788 - INFO - Finish getting meteo data.
2026-03-17 07:32:03,801 - INFO - 样本数量:288
2026-03-17 07:32:03,801 - INFO - 读取模型文件: /data00/chenjiajun/20250711/daily_test/jiangsu_power_cronjob_v1/local/checkpoints/new_energy_wind_ahead-ahead-by_day-noa-unweighted.json
2026-03-17 07:32:05,023 - INFO - Finish predicting new_energy_wind_ahead
2026-03-17 07:32:05,466 - INFO - 所有日期处理完成: 原始288条记录 -> 新1152条记录
2026-03-17 07:32:05,469 - INFO - 样本数量:288
2026-03-17 07:32:05,469 - INFO - 读取模型文件: /data00/chenjiajun/20250711/daily_test/jiangsu_power_cronjob_v1/local/checkpoints/new_energy_solar_ahead-ahead-by_day-noa-unweighted.json
2026-03-17 07:32:05,606 - INFO - Finish predicting new_energy_solar_ahead
2026-03-17 07:32:05,831 - INFO - 所有日期处理完成: 原始288条记录 -> 新1152条记录
2026-03-17 07:32:05,973 - INFO - 成功连接到MongoDB
2026-03-17 07:33:22,397 - INFO - 处理完成 - 成功: 1056 条, 失败: 0 条
               date_time create_time  ... version_date  version_time
0    2026-03-17 00:00:00  2026-03-17  ...   2026-03-16      20:00:00
1    2026-03-17 00:15:00  2026-03-17  ...   2026-03-16      20:00:00
2    2026-03-17 00:30:00  2026-03-17  ...   2026-03-16      20:00:00
3    2026-03-17 00:45:00  2026-03-17  ...   2026-03-16      20:00:00
4    2026-03-17 01:00:00  2026-03-17  ...   2026-03-16      20:00:00
...                  ...         ...  ...          ...           ...
1051 2026-03-27 22:45:00  2026-03-17  ...   2026-03-16      20:00:00
1052 2026-03-27 23:00:00  2026-03-17  ...   2026-03-16      20:00:00
1053 2026-03-27 23:15:00  2026-03-17  ...   2026-03-16      20:00:00
1054 2026-03-27 23:30:00  2026-03-17  ...   2026-03-16      20:00:00
1055 2026-03-27 23:45:00  2026-03-17  ...   2026-03-16      20:00:00

[1056 rows x 11 columns]
Current working directory: /data00/chenjiajun/20250711/daily_test/jiangsu_power_cronjob_v1
2026-03-18 07:30:03,399 - INFO - [job] model: xgboost, train: True, labels: ['new_energy_wind_ahead', 'new_energy_solar_ahead'], date: 2025-11-11~2026-03-11, pipeline: 20260318-073003, meteo_source: HRES
2026-03-18 07:30:03,400 - data.py[line:1416] - INFO: Start to get ahead data.
2026-03-18 07:30:03,400 - INFO - Start to get ahead data.
2026-03-18 07:30:08,468 - data.py[line:1425] - INFO: Finish getting ahead data.
2026-03-18 07:30:08,468 - INFO - Finish getting ahead data.
2026-03-18 07:30:08,468 - data.py[line:1428] - INFO: Start to get realtime data.
2026-03-18 07:30:08,468 - INFO - Start to get realtime data.
2026-03-18 07:30:08,468 - data.py[line:1439] - INFO: Finish getting realtime data.
2026-03-18 07:30:08,468 - INFO - Finish getting realtime data.
2026-03-18 07:30:08,470 - data.py[line:1445] - INFO: Start to get meteo data.
2026-03-18 07:30:08,470 - INFO - Start to get meteo data.
/data00/chenjiajun/20250711/daily_test/jiangsu_power_cronjob_v1/api/io/mysql.py:27: UserWarning: pandas only supports SQLAlchemy connectable (engine/connection) or database string URI or sqlite3 DBAPI2 connection. Other DBAPI2 objects are not tested. Please consider using SQLAlchemy.
  df = pd.read_sql(
2026-03-18 07:30:28,938 - data.py[line:1459] - INFO: Finish getting meteo data.
2026-03-18 07:30:28,938 - INFO - Finish getting meteo data.
2026-03-18 07:30:29,049 - INFO - 样本数量:2880
2026-03-18 07:30:29,049 - INFO - 训练模型: new_energy_wind_ahead
2026-03-18 07:31:19,465 - INFO - 保存模型到: /data00/chenjiajun/20250711/daily_test/jiangsu_power_cronjob_v1/local/checkpoints/new_energy_wind_ahead-ahead-by_day-noa-unweighted.json
2026-03-18 07:31:19,511 - INFO - 读取模型文件: /data00/chenjiajun/20250711/daily_test/jiangsu_power_cronjob_v1/local/checkpoints/new_energy_wind_ahead-ahead-by_day-noa-unweighted.json
2026-03-18 07:31:19,649 - INFO - Finish predicting new_energy_wind_ahead
2026-03-18 07:31:19,697 - INFO - 样本数量:2880
2026-03-18 07:31:19,697 - INFO - 训练模型: new_energy_solar_ahead
2026-03-18 07:31:44,741 - INFO - 保存模型到: /data00/chenjiajun/20250711/daily_test/jiangsu_power_cronjob_v1/local/checkpoints/new_energy_solar_ahead-ahead-by_day-noa-unweighted.json
2026-03-18 07:31:44,791 - INFO - 读取模型文件: /data00/chenjiajun/20250711/daily_test/jiangsu_power_cronjob_v1/local/checkpoints/new_energy_solar_ahead-ahead-by_day-noa-unweighted.json
2026-03-18 07:31:44,896 - INFO - Finish predicting new_energy_solar_ahead
2026-03-18 07:31:44,929 - INFO - new_energy_wind_ahead 预测准确率: 0.9734356285901298
2026-03-18 07:31:44,932 - INFO - new_energy_solar_ahead 预测准确率: 0.9934844253329803
2026-03-18 07:31:46,410 - INFO - [job] model: xgboost, train: False, labels: ['new_energy_wind_ahead', 'new_energy_solar_ahead'], date: 2026-03-17~2026-03-29, pipeline: 20260318-073146, meteo_source: HRES
2026-03-18 07:31:46,410 - data.py[line:1445] - INFO: Start to get meteo data.
2026-03-18 07:31:46,410 - INFO - Start to get meteo data.
/data00/chenjiajun/20250711/daily_test/jiangsu_power_cronjob_v1/api/io/mysql.py:27: UserWarning: pandas only supports SQLAlchemy connectable (engine/connection) or database string URI or sqlite3 DBAPI2 connection. Other DBAPI2 objects are not tested. Please consider using SQLAlchemy.
  df = pd.read_sql(
2026-03-18 07:31:48,774 - data.py[line:1459] - INFO: Finish getting meteo data.
2026-03-18 07:31:48,774 - INFO - Finish getting meteo data.
2026-03-18 07:31:48,787 - INFO - 样本数量:288
2026-03-18 07:31:48,787 - INFO - 读取模型文件: /data00/chenjiajun/20250711/daily_test/jiangsu_power_cronjob_v1/local/checkpoints/new_energy_wind_ahead-ahead-by_day-noa-unweighted.json
2026-03-18 07:31:49,912 - INFO - Finish predicting new_energy_wind_ahead
2026-03-18 07:31:50,351 - INFO - 所有日期处理完成: 原始288条记录 -> 新1152条记录
2026-03-18 07:31:50,354 - INFO - 样本数量:288
2026-03-18 07:31:50,354 - INFO - 读取模型文件: /data00/chenjiajun/20250711/daily_test/jiangsu_power_cronjob_v1/local/checkpoints/new_energy_solar_ahead-ahead-by_day-noa-unweighted.json
2026-03-18 07:31:50,498 - INFO - Finish predicting new_energy_solar_ahead
2026-03-18 07:31:50,699 - INFO - 所有日期处理完成: 原始288条记录 -> 新1152条记录
2026-03-18 07:31:50,837 - INFO - 成功连接到MongoDB
2026-03-18 07:33:11,332 - INFO - 处理完成 - 成功: 1056 条, 失败: 0 条
               date_time create_time  ... version_date  version_time
0    2026-03-18 00:00:00  2026-03-18  ...   2026-03-17      20:00:00
1    2026-03-18 00:15:00  2026-03-18  ...   2026-03-17      20:00:00
2    2026-03-18 00:30:00  2026-03-18  ...   2026-03-17      20:00:00
3    2026-03-18 00:45:00  2026-03-18  ...   2026-03-17      20:00:00
4    2026-03-18 01:00:00  2026-03-18  ...   2026-03-17      20:00:00
...                  ...         ...  ...          ...           ...
1051 2026-03-28 22:45:00  2026-03-18  ...   2026-03-17      20:00:00
1052 2026-03-28 23:00:00  2026-03-18  ...   2026-03-17      20:00:00
1053 2026-03-28 23:15:00  2026-03-18  ...   2026-03-17      20:00:00
1054 2026-03-28 23:30:00  2026-03-18  ...   2026-03-17      20:00:00
1055 2026-03-28 23:45:00  2026-03-18  ...   2026-03-17      20:00:00

[1056 rows x 11 columns]
Current working directory: /data00/chenjiajun/20250711/daily_test/jiangsu_power_cronjob_v1
2026-03-19 07:30:03,932 - INFO - [job] model: xgboost, train: True, labels: ['new_energy_wind_ahead', 'new_energy_solar_ahead'], date: 2025-11-12~2026-03-12, pipeline: 20260319-073003, meteo_source: HRES
2026-03-19 07:30:03,934 - data.py[line:1416] - INFO: Start to get ahead data.
2026-03-19 07:30:03,934 - INFO - Start to get ahead data.
2026-03-19 07:30:08,799 - data.py[line:1425] - INFO: Finish getting ahead data.
2026-03-19 07:30:08,799 - INFO - Finish getting ahead data.
2026-03-19 07:30:08,800 - data.py[line:1428] - INFO: Start to get realtime data.
2026-03-19 07:30:08,800 - INFO - Start to get realtime data.
2026-03-19 07:30:08,800 - data.py[line:1439] - INFO: Finish getting realtime data.
2026-03-19 07:30:08,800 - INFO - Finish getting realtime data.
2026-03-19 07:30:08,802 - data.py[line:1445] - INFO: Start to get meteo data.
2026-03-19 07:30:08,802 - INFO - Start to get meteo data.
/data00/chenjiajun/20250711/daily_test/jiangsu_power_cronjob_v1/api/io/mysql.py:27: UserWarning: pandas only supports SQLAlchemy connectable (engine/connection) or database string URI or sqlite3 DBAPI2 connection. Other DBAPI2 objects are not tested. Please consider using SQLAlchemy.
  df = pd.read_sql(
2026-03-19 07:30:39,094 - data.py[line:1459] - INFO: Finish getting meteo data.
2026-03-19 07:30:39,094 - INFO - Finish getting meteo data.
2026-03-19 07:30:39,207 - INFO - 样本数量:2880
2026-03-19 07:30:39,208 - INFO - 训练模型: new_energy_wind_ahead
2026-03-19 07:31:51,294 - INFO - 保存模型到: /data00/chenjiajun/20250711/daily_test/jiangsu_power_cronjob_v1/local/checkpoints/new_energy_wind_ahead-ahead-by_day-noa-unweighted.json
2026-03-19 07:31:51,333 - INFO - 读取模型文件: /data00/chenjiajun/20250711/daily_test/jiangsu_power_cronjob_v1/local/checkpoints/new_energy_wind_ahead-ahead-by_day-noa-unweighted.json
2026-03-19 07:31:51,466 - INFO - Finish predicting new_energy_wind_ahead
2026-03-19 07:31:51,512 - INFO - 样本数量:2880
2026-03-19 07:31:51,512 - INFO - 训练模型: new_energy_solar_ahead
2026-03-19 07:31:52,931 - INFO - 保存模型到: /data00/chenjiajun/20250711/daily_test/jiangsu_power_cronjob_v1/local/checkpoints/new_energy_solar_ahead-ahead-by_day-noa-unweighted.json
2026-03-19 07:31:52,959 - INFO - 读取模型文件: /data00/chenjiajun/20250711/daily_test/jiangsu_power_cronjob_v1/local/checkpoints/new_energy_solar_ahead-ahead-by_day-noa-unweighted.json
2026-03-19 07:31:53,046 - INFO - Finish predicting new_energy_solar_ahead
2026-03-19 07:31:53,076 - INFO - new_energy_wind_ahead 预测准确率: 0.9740281270499596
2026-03-19 07:31:53,079 - INFO - new_energy_solar_ahead 预测准确率: 0.9935161431472275
2026-03-19 07:31:54,535 - INFO - [job] model: xgboost, train: False, labels: ['new_energy_wind_ahead', 'new_energy_solar_ahead'], date: 2026-03-18~2026-03-30, pipeline: 20260319-073154, meteo_source: HRES
2026-03-19 07:31:54,535 - data.py[line:1445] - INFO: Start to get meteo data.
2026-03-19 07:31:54,535 - INFO - Start to get meteo data.
/data00/chenjiajun/20250711/daily_test/jiangsu_power_cronjob_v1/api/io/mysql.py:27: UserWarning: pandas only supports SQLAlchemy connectable (engine/connection) or database string URI or sqlite3 DBAPI2 connection. Other DBAPI2 objects are not tested. Please consider using SQLAlchemy.
  df = pd.read_sql(
2026-03-19 07:31:57,384 - data.py[line:1459] - INFO: Finish getting meteo data.
2026-03-19 07:31:57,384 - INFO - Finish getting meteo data.
2026-03-19 07:31:57,397 - INFO - 样本数量:288
2026-03-19 07:31:57,397 - INFO - 读取模型文件: /data00/chenjiajun/20250711/daily_test/jiangsu_power_cronjob_v1/local/checkpoints/new_energy_wind_ahead-ahead-by_day-noa-unweighted.json
2026-03-19 07:31:58,503 - INFO - Finish predicting new_energy_wind_ahead
2026-03-19 07:31:58,855 - INFO - 所有日期处理完成: 原始288条记录 -> 新1152条记录
2026-03-19 07:31:58,857 - INFO - 样本数量:288
2026-03-19 07:31:58,857 - INFO - 读取模型文件: /data00/chenjiajun/20250711/daily_test/jiangsu_power_cronjob_v1/local/checkpoints/new_energy_solar_ahead-ahead-by_day-noa-unweighted.json
2026-03-19 07:31:58,980 - INFO - Finish predicting new_energy_solar_ahead
2026-03-19 07:31:59,147 - INFO - 所有日期处理完成: 原始288条记录 -> 新1152条记录
2026-03-19 07:31:59,249 - INFO - 成功连接到MongoDB
2026-03-19 07:33:20,969 - INFO - 处理完成 - 成功: 1056 条, 失败: 0 条
Current working directory: /data00/chenjiajun/20250711/daily_test/jiangsu_power_cronjob_v1
2026-03-20 07:30:03,850 - INFO - [job] model: xgboost, train: True, labels: ['new_energy_wind_ahead', 'new_energy_solar_ahead'], date: 2025-11-13~2026-03-13, pipeline: 20260320-073003, meteo_source: HRES
2026-03-20 07:30:03,851 - data.py[line:1416] - INFO: Start to get ahead data.
2026-03-20 07:30:03,851 - INFO - Start to get ahead data.
2026-03-20 07:30:09,038 - data.py[line:1425] - INFO: Finish getting ahead data.
2026-03-20 07:30:09,038 - INFO - Finish getting ahead data.
2026-03-20 07:30:09,038 - data.py[line:1428] - INFO: Start to get realtime data.
2026-03-20 07:30:09,038 - INFO - Start to get realtime data.
2026-03-20 07:30:09,038 - data.py[line:1439] - INFO: Finish getting realtime data.
2026-03-20 07:30:09,038 - INFO - Finish getting realtime data.
2026-03-20 07:30:09,040 - data.py[line:1445] - INFO: Start to get meteo data.
2026-03-20 07:30:09,040 - INFO - Start to get meteo data.
/data00/chenjiajun/20250711/daily_test/jiangsu_power_cronjob_v1/api/io/mysql.py:27: UserWarning: pandas only supports SQLAlchemy connectable (engine/connection) or database string URI or sqlite3 DBAPI2 connection. Other DBAPI2 objects are not tested. Please consider using SQLAlchemy.
  df = pd.read_sql(
2026-03-20 07:30:19,566 - data.py[line:1459] - INFO: Finish getting meteo data.
2026-03-20 07:30:19,566 - INFO - Finish getting meteo data.
2026-03-20 07:30:19,683 - INFO - 样本数量:2880
2026-03-20 07:30:19,684 - INFO - 训练模型: new_energy_wind_ahead
2026-03-20 07:31:23,060 - INFO - 保存模型到: /data00/chenjiajun/20250711/daily_test/jiangsu_power_cronjob_v1/local/checkpoints/new_energy_wind_ahead-ahead-by_day-noa-unweighted.json
2026-03-20 07:31:23,105 - INFO - 读取模型文件: /data00/chenjiajun/20250711/daily_test/jiangsu_power_cronjob_v1/local/checkpoints/new_energy_wind_ahead-ahead-by_day-noa-unweighted.json
2026-03-20 07:31:23,280 - INFO - Finish predicting new_energy_wind_ahead
2026-03-20 07:31:23,321 - INFO - 样本数量:2880
2026-03-20 07:31:23,321 - INFO - 训练模型: new_energy_solar_ahead
2026-03-20 07:31:24,766 - INFO - 保存模型到: /data00/chenjiajun/20250711/daily_test/jiangsu_power_cronjob_v1/local/checkpoints/new_energy_solar_ahead-ahead-by_day-noa-unweighted.json
2026-03-20 07:31:24,796 - INFO - 读取模型文件: /data00/chenjiajun/20250711/daily_test/jiangsu_power_cronjob_v1/local/checkpoints/new_energy_solar_ahead-ahead-by_day-noa-unweighted.json
2026-03-20 07:31:24,886 - INFO - Finish predicting new_energy_solar_ahead
2026-03-20 07:31:24,915 - INFO - new_energy_wind_ahead 预测准确率: 0.9731684503218474
2026-03-20 07:31:24,918 - INFO - new_energy_solar_ahead 预测准确率: 0.9933793571724661
2026-03-20 07:31:26,392 - INFO - [job] model: xgboost, train: False, labels: ['new_energy_wind_ahead', 'new_energy_solar_ahead'], date: 2026-03-19~2026-03-31, pipeline: 20260320-073126, meteo_source: HRES
2026-03-20 07:31:26,392 - data.py[line:1445] - INFO: Start to get meteo data.
2026-03-20 07:31:26,392 - INFO - Start to get meteo data.
/data00/chenjiajun/20250711/daily_test/jiangsu_power_cronjob_v1/api/io/mysql.py:27: UserWarning: pandas only supports SQLAlchemy connectable (engine/connection) or database string URI or sqlite3 DBAPI2 connection. Other DBAPI2 objects are not tested. Please consider using SQLAlchemy.
  df = pd.read_sql(
2026-03-20 07:31:28,442 - data.py[line:1459] - INFO: Finish getting meteo data.
2026-03-20 07:31:28,442 - INFO - Finish getting meteo data.
2026-03-20 07:31:28,458 - INFO - 样本数量:288
2026-03-20 07:31:28,458 - INFO - 读取模型文件: /data00/chenjiajun/20250711/daily_test/jiangsu_power_cronjob_v1/local/checkpoints/new_energy_wind_ahead-ahead-by_day-noa-unweighted.json
2026-03-20 07:31:29,531 - INFO - Finish predicting new_energy_wind_ahead
2026-03-20 07:31:29,865 - INFO - 所有日期处理完成: 原始288条记录 -> 新1152条记录
2026-03-20 07:31:29,867 - INFO - 样本数量:288
2026-03-20 07:31:29,867 - INFO - 读取模型文件: /data00/chenjiajun/20250711/daily_test/jiangsu_power_cronjob_v1/local/checkpoints/new_energy_solar_ahead-ahead-by_day-noa-unweighted.json
2026-03-20 07:31:30,005 - INFO - Finish predicting new_energy_solar_ahead
2026-03-20 07:31:30,185 - INFO - 所有日期处理完成: 原始288条记录 -> 新1152条记录
2026-03-20 07:31:30,306 - INFO - 成功连接到MongoDB
2026-03-20 07:33:11,455 - INFO - 处理完成 - 成功: 1056 条, 失败: 0 条
Current working directory: /data00/chenjiajun/20250711/daily_test/jiangsu_power_cronjob_v1
2026-03-21 07:30:03,749 - INFO - [job] model: xgboost, train: True, labels: ['new_energy_wind_ahead', 'new_energy_solar_ahead'], date: 2025-11-14~2026-03-14, pipeline: 20260321-073003, meteo_source: HRES
2026-03-21 07:30:03,751 - data.py[line:1416] - INFO: Start to get ahead data.
2026-03-21 07:30:03,751 - INFO - Start to get ahead data.
2026-03-21 07:30:08,789 - data.py[line:1425] - INFO: Finish getting ahead data.
2026-03-21 07:30:08,789 - INFO - Finish getting ahead data.
2026-03-21 07:30:08,790 - data.py[line:1428] - INFO: Start to get realtime data.
2026-03-21 07:30:08,790 - INFO - Start to get realtime data.
2026-03-21 07:30:08,790 - data.py[line:1439] - INFO: Finish getting realtime data.
2026-03-21 07:30:08,790 - INFO - Finish getting realtime data.
2026-03-21 07:30:08,792 - data.py[line:1445] - INFO: Start to get meteo data.
2026-03-21 07:30:08,792 - INFO - Start to get meteo data.
/data00/chenjiajun/20250711/daily_test/jiangsu_power_cronjob_v1/api/io/mysql.py:27: UserWarning: pandas only supports SQLAlchemy connectable (engine/connection) or database string URI or sqlite3 DBAPI2 connection. Other DBAPI2 objects are not tested. Please consider using SQLAlchemy.
  df = pd.read_sql(
2026-03-21 07:30:31,722 - data.py[line:1459] - INFO: Finish getting meteo data.
2026-03-21 07:30:31,722 - INFO - Finish getting meteo data.
2026-03-21 07:30:31,825 - INFO - 样本数量:2880
2026-03-21 07:30:31,825 - INFO - 训练模型: new_energy_wind_ahead
2026-03-21 07:31:23,047 - INFO - 保存模型到: /data00/chenjiajun/20250711/daily_test/jiangsu_power_cronjob_v1/local/checkpoints/new_energy_wind_ahead-ahead-by_day-noa-unweighted.json
2026-03-21 07:31:23,102 - INFO - 读取模型文件: /data00/chenjiajun/20250711/daily_test/jiangsu_power_cronjob_v1/local/checkpoints/new_energy_wind_ahead-ahead-by_day-noa-unweighted.json
2026-03-21 07:31:23,236 - INFO - Finish predicting new_energy_wind_ahead
2026-03-21 07:31:23,279 - INFO - 样本数量:2880
2026-03-21 07:31:23,279 - INFO - 训练模型: new_energy_solar_ahead
2026-03-21 07:31:24,517 - INFO - 保存模型到: /data00/chenjiajun/20250711/daily_test/jiangsu_power_cronjob_v1/local/checkpoints/new_energy_solar_ahead-ahead-by_day-noa-unweighted.json
2026-03-21 07:31:24,543 - INFO - 读取模型文件: /data00/chenjiajun/20250711/daily_test/jiangsu_power_cronjob_v1/local/checkpoints/new_energy_solar_ahead-ahead-by_day-noa-unweighted.json
2026-03-21 07:31:24,631 - INFO - Finish predicting new_energy_solar_ahead
2026-03-21 07:31:24,658 - INFO - new_energy_wind_ahead 预测准确率: 0.9722597519586567
2026-03-21 07:31:24,661 - INFO - new_energy_solar_ahead 预测准确率: 0.9935285697418108
2026-03-21 07:31:26,139 - INFO - [job] model: xgboost, train: False, labels: ['new_energy_wind_ahead', 'new_energy_solar_ahead'], date: 2026-03-20~2026-04-01, pipeline: 20260321-073126, meteo_source: HRES
2026-03-21 07:31:26,140 - data.py[line:1445] - INFO: Start to get meteo data.
2026-03-21 07:31:26,140 - INFO - Start to get meteo data.
/data00/chenjiajun/20250711/daily_test/jiangsu_power_cronjob_v1/api/io/mysql.py:27: UserWarning: pandas only supports SQLAlchemy connectable (engine/connection) or database string URI or sqlite3 DBAPI2 connection. Other DBAPI2 objects are not tested. Please consider using SQLAlchemy.
  df = pd.read_sql(
2026-03-21 07:31:28,424 - data.py[line:1459] - INFO: Finish getting meteo data.
2026-03-21 07:31:28,424 - INFO - Finish getting meteo data.
2026-03-21 07:31:28,436 - INFO - 样本数量:288
2026-03-21 07:31:28,436 - INFO - 读取模型文件: /data00/chenjiajun/20250711/daily_test/jiangsu_power_cronjob_v1/local/checkpoints/new_energy_wind_ahead-ahead-by_day-noa-unweighted.json
2026-03-21 07:31:29,610 - INFO - Finish predicting new_energy_wind_ahead
2026-03-21 07:31:30,043 - INFO - 所有日期处理完成: 原始288条记录 -> 新1152条记录
2026-03-21 07:31:30,046 - INFO - 样本数量:288
2026-03-21 07:31:30,046 - INFO - 读取模型文件: /data00/chenjiajun/20250711/daily_test/jiangsu_power_cronjob_v1/local/checkpoints/new_energy_solar_ahead-ahead-by_day-noa-unweighted.json
2026-03-21 07:31:30,171 - INFO - Finish predicting new_energy_solar_ahead
2026-03-21 07:31:30,371 - INFO - 所有日期处理完成: 原始288条记录 -> 新1152条记录
2026-03-21 07:31:30,499 - INFO - 成功连接到MongoDB
2026-03-21 07:32:55,947 - INFO - 处理完成 - 成功: 1056 条, 失败: 0 条
Current working directory: /data00/chenjiajun/20250711/daily_test/jiangsu_power_cronjob_v1
2026-03-22 07:30:03,730 - INFO - [job] model: xgboost, train: True, labels: ['new_energy_wind_ahead', 'new_energy_solar_ahead'], date: 2025-11-15~2026-03-15, pipeline: 20260322-073003, meteo_source: HRES
2026-03-22 07:30:03,731 - data.py[line:1416] - INFO: Start to get ahead data.
2026-03-22 07:30:03,731 - INFO - Start to get ahead data.
2026-03-22 07:30:08,788 - data.py[line:1425] - INFO: Finish getting ahead data.
2026-03-22 07:30:08,788 - INFO - Finish getting ahead data.
2026-03-22 07:30:08,788 - data.py[line:1428] - INFO: Start to get realtime data.
2026-03-22 07:30:08,788 - INFO - Start to get realtime data.
2026-03-22 07:30:08,788 - data.py[line:1439] - INFO: Finish getting realtime data.
2026-03-22 07:30:08,788 - INFO - Finish getting realtime data.
2026-03-22 07:30:08,791 - data.py[line:1445] - INFO: Start to get meteo data.
2026-03-22 07:30:08,791 - INFO - Start to get meteo data.
/data00/chenjiajun/20250711/daily_test/jiangsu_power_cronjob_v1/api/io/mysql.py:27: UserWarning: pandas only supports SQLAlchemy connectable (engine/connection) or database string URI or sqlite3 DBAPI2 connection. Other DBAPI2 objects are not tested. Please consider using SQLAlchemy.
  df = pd.read_sql(
2026-03-22 07:30:34,836 - data.py[line:1459] - INFO: Finish getting meteo data.
2026-03-22 07:30:34,836 - INFO - Finish getting meteo data.
2026-03-22 07:30:34,952 - INFO - 样本数量:2880
2026-03-22 07:30:34,952 - INFO - 训练模型: new_energy_wind_ahead
2026-03-22 07:31:51,377 - INFO - 保存模型到: /data00/chenjiajun/20250711/daily_test/jiangsu_power_cronjob_v1/local/checkpoints/new_energy_wind_ahead-ahead-by_day-noa-unweighted.json
2026-03-22 07:31:51,439 - INFO - 读取模型文件: /data00/chenjiajun/20250711/daily_test/jiangsu_power_cronjob_v1/local/checkpoints/new_energy_wind_ahead-ahead-by_day-noa-unweighted.json
2026-03-22 07:31:51,578 - INFO - Finish predicting new_energy_wind_ahead
2026-03-22 07:31:51,620 - INFO - 样本数量:2880
2026-03-22 07:31:51,620 - INFO - 训练模型: new_energy_solar_ahead
2026-03-22 07:31:53,001 - INFO - 保存模型到: /data00/chenjiajun/20250711/daily_test/jiangsu_power_cronjob_v1/local/checkpoints/new_energy_solar_ahead-ahead-by_day-noa-unweighted.json
2026-03-22 07:31:53,029 - INFO - 读取模型文件: /data00/chenjiajun/20250711/daily_test/jiangsu_power_cronjob_v1/local/checkpoints/new_energy_solar_ahead-ahead-by_day-noa-unweighted.json
2026-03-22 07:31:53,129 - INFO - Finish predicting new_energy_solar_ahead
2026-03-22 07:31:53,158 - INFO - new_energy_wind_ahead 预测准确率: 0.9735577944029896
2026-03-22 07:31:53,161 - INFO - new_energy_solar_ahead 预测准确率: 0.993434434004654
2026-03-22 07:31:54,684 - INFO - [job] model: xgboost, train: False, labels: ['new_energy_wind_ahead', 'new_energy_solar_ahead'], date: 2026-03-21~2026-04-02, pipeline: 20260322-073154, meteo_source: HRES
2026-03-22 07:31:54,684 - data.py[line:1445] - INFO: Start to get meteo data.
2026-03-22 07:31:54,684 - INFO - Start to get meteo data.
/data00/chenjiajun/20250711/daily_test/jiangsu_power_cronjob_v1/api/io/mysql.py:27: UserWarning: pandas only supports SQLAlchemy connectable (engine/connection) or database string URI or sqlite3 DBAPI2 connection. Other DBAPI2 objects are not tested. Please consider using SQLAlchemy.
  df = pd.read_sql(
2026-03-22 07:31:56,938 - data.py[line:1459] - INFO: Finish getting meteo data.
2026-03-22 07:31:56,938 - INFO - Finish getting meteo data.
2026-03-22 07:31:56,950 - INFO - 样本数量:288
2026-03-22 07:31:56,950 - INFO - 读取模型文件: /data00/chenjiajun/20250711/daily_test/jiangsu_power_cronjob_v1/local/checkpoints/new_energy_wind_ahead-ahead-by_day-noa-unweighted.json
2026-03-22 07:31:58,057 - INFO - Finish predicting new_energy_wind_ahead
2026-03-22 07:31:58,407 - INFO - 所有日期处理完成: 原始288条记录 -> 新1152条记录
2026-03-22 07:31:58,409 - INFO - 样本数量:288
2026-03-22 07:31:58,409 - INFO - 读取模型文件: /data00/chenjiajun/20250711/daily_test/jiangsu_power_cronjob_v1/local/checkpoints/new_energy_solar_ahead-ahead-by_day-noa-unweighted.json
2026-03-22 07:31:58,512 - INFO - Finish predicting new_energy_solar_ahead
2026-03-22 07:31:58,680 - INFO - 所有日期处理完成: 原始288条记录 -> 新1152条记录
2026-03-22 07:31:58,795 - INFO - 成功连接到MongoDB
2026-03-22 07:33:33,282 - INFO - 处理完成 - 成功: 1056 条, 失败: 0 条
Current working directory: /data00/chenjiajun/20250711/daily_test/jiangsu_power_cronjob_v1
2026-03-23 07:30:04,021 - INFO - [job] model: xgboost, train: True, labels: ['new_energy_wind_ahead', 'new_energy_solar_ahead'], date: 2025-11-16~2026-03-16, pipeline: 20260323-073004, meteo_source: HRES
2026-03-23 07:30:04,023 - data.py[line:1416] - INFO: Start to get ahead data.
2026-03-23 07:30:04,023 - INFO - Start to get ahead data.
2026-03-23 07:30:09,016 - data.py[line:1425] - INFO: Finish getting ahead data.
2026-03-23 07:30:09,016 - INFO - Finish getting ahead data.
2026-03-23 07:30:09,016 - data.py[line:1428] - INFO: Start to get realtime data.
2026-03-23 07:30:09,016 - INFO - Start to get realtime data.
2026-03-23 07:30:09,016 - data.py[line:1439] - INFO: Finish getting realtime data.
2026-03-23 07:30:09,016 - INFO - Finish getting realtime data.
2026-03-23 07:30:09,019 - data.py[line:1445] - INFO: Start to get meteo data.
2026-03-23 07:30:09,019 - INFO - Start to get meteo data.
/data00/chenjiajun/20250711/daily_test/jiangsu_power_cronjob_v1/api/io/mysql.py:27: UserWarning: pandas only supports SQLAlchemy connectable (engine/connection) or database string URI or sqlite3 DBAPI2 connection. Other DBAPI2 objects are not tested. Please consider using SQLAlchemy.
  df = pd.read_sql(
2026-03-23 07:30:40,386 - data.py[line:1459] - INFO: Finish getting meteo data.
2026-03-23 07:30:40,386 - INFO - Finish getting meteo data.
2026-03-23 07:30:40,500 - INFO - 样本数量:2880
2026-03-23 07:30:40,501 - INFO - 训练模型: new_energy_wind_ahead
2026-03-23 07:31:29,236 - INFO - 保存模型到: /data00/chenjiajun/20250711/daily_test/jiangsu_power_cronjob_v1/local/checkpoints/new_energy_wind_ahead-ahead-by_day-noa-unweighted.json
2026-03-23 07:31:29,279 - INFO - 读取模型文件: /data00/chenjiajun/20250711/daily_test/jiangsu_power_cronjob_v1/local/checkpoints/new_energy_wind_ahead-ahead-by_day-noa-unweighted.json
2026-03-23 07:31:29,428 - INFO - Finish predicting new_energy_wind_ahead
2026-03-23 07:31:29,470 - INFO - 样本数量:2880
2026-03-23 07:31:29,470 - INFO - 训练模型: new_energy_solar_ahead
2026-03-23 07:31:30,934 - INFO - 保存模型到: /data00/chenjiajun/20250711/daily_test/jiangsu_power_cronjob_v1/local/checkpoints/new_energy_solar_ahead-ahead-by_day-noa-unweighted.json
2026-03-23 07:31:30,963 - INFO - 读取模型文件: /data00/chenjiajun/20250711/daily_test/jiangsu_power_cronjob_v1/local/checkpoints/new_energy_solar_ahead-ahead-by_day-noa-unweighted.json
2026-03-23 07:31:31,083 - INFO - Finish predicting new_energy_solar_ahead
2026-03-23 07:31:31,111 - INFO - new_energy_wind_ahead 预测准确率: 0.974298090279597
2026-03-23 07:31:31,114 - INFO - new_energy_solar_ahead 预测准确率: 0.993560240444063
2026-03-23 07:31:32,619 - INFO - [job] model: xgboost, train: False, labels: ['new_energy_wind_ahead', 'new_energy_solar_ahead'], date: 2026-03-22~2026-04-03, pipeline: 20260323-073132, meteo_source: HRES
2026-03-23 07:31:32,620 - data.py[line:1445] - INFO: Start to get meteo data.
2026-03-23 07:31:32,620 - INFO - Start to get meteo data.
/data00/chenjiajun/20250711/daily_test/jiangsu_power_cronjob_v1/api/io/mysql.py:27: UserWarning: pandas only supports SQLAlchemy connectable (engine/connection) or database string URI or sqlite3 DBAPI2 connection. Other DBAPI2 objects are not tested. Please consider using SQLAlchemy.
  df = pd.read_sql(
2026-03-23 07:31:35,299 - data.py[line:1459] - INFO: Finish getting meteo data.
2026-03-23 07:31:35,299 - INFO - Finish getting meteo data.
2026-03-23 07:31:35,312 - INFO - 样本数量:288
2026-03-23 07:31:35,312 - INFO - 读取模型文件: /data00/chenjiajun/20250711/daily_test/jiangsu_power_cronjob_v1/local/checkpoints/new_energy_wind_ahead-ahead-by_day-noa-unweighted.json
2026-03-23 07:31:36,478 - INFO - Finish predicting new_energy_wind_ahead
2026-03-23 07:31:36,826 - INFO - 所有日期处理完成: 原始288条记录 -> 新1152条记录
2026-03-23 07:31:36,828 - INFO - 样本数量:288
2026-03-23 07:31:36,828 - INFO - 读取模型文件: /data00/chenjiajun/20250711/daily_test/jiangsu_power_cronjob_v1/local/checkpoints/new_energy_solar_ahead-ahead-by_day-noa-unweighted.json
2026-03-23 07:31:36,960 - INFO - Finish predicting new_energy_solar_ahead
2026-03-23 07:31:37,169 - INFO - 所有日期处理完成: 原始288条记录 -> 新1152条记录
2026-03-23 07:31:37,265 - INFO - 成功连接到MongoDB
2026-03-23 07:33:03,456 - INFO - 处理完成 - 成功: 1056 条, 失败: 0 条
Current working directory: /data00/chenjiajun/20250711/daily_test/jiangsu_power_cronjob_v1
2026-03-24 07:30:04,212 - INFO - [job] model: xgboost, train: True, labels: ['new_energy_wind_ahead', 'new_energy_solar_ahead'], date: 2025-11-17~2026-03-17, pipeline: 20260324-073004, meteo_source: HRES
2026-03-24 07:30:04,213 - data.py[line:1416] - INFO: Start to get ahead data.
2026-03-24 07:30:04,213 - INFO - Start to get ahead data.
2026-03-24 07:30:09,164 - data.py[line:1425] - INFO: Finish getting ahead data.
2026-03-24 07:30:09,164 - INFO - Finish getting ahead data.
2026-03-24 07:30:09,165 - data.py[line:1428] - INFO: Start to get realtime data.
2026-03-24 07:30:09,165 - INFO - Start to get realtime data.
2026-03-24 07:30:09,165 - data.py[line:1439] - INFO: Finish getting realtime data.
2026-03-24 07:30:09,165 - INFO - Finish getting realtime data.
2026-03-24 07:30:09,167 - data.py[line:1445] - INFO: Start to get meteo data.
2026-03-24 07:30:09,167 - INFO - Start to get meteo data.
/data00/chenjiajun/20250711/daily_test/jiangsu_power_cronjob_v1/api/io/mysql.py:27: UserWarning: pandas only supports SQLAlchemy connectable (engine/connection) or database string URI or sqlite3 DBAPI2 connection. Other DBAPI2 objects are not tested. Please consider using SQLAlchemy.
  df = pd.read_sql(
2026-03-24 07:30:32,959 - data.py[line:1459] - INFO: Finish getting meteo data.
2026-03-24 07:30:32,959 - INFO - Finish getting meteo data.
2026-03-24 07:30:33,069 - INFO - 样本数量:2880
2026-03-24 07:30:33,069 - INFO - 训练模型: new_energy_wind_ahead
2026-03-24 07:31:18,661 - INFO - 保存模型到: /data00/chenjiajun/20250711/daily_test/jiangsu_power_cronjob_v1/local/checkpoints/new_energy_wind_ahead-ahead-by_day-noa-unweighted.json
2026-03-24 07:31:18,706 - INFO - 读取模型文件: /data00/chenjiajun/20250711/daily_test/jiangsu_power_cronjob_v1/local/checkpoints/new_energy_wind_ahead-ahead-by_day-noa-unweighted.json
2026-03-24 07:31:18,853 - INFO - Finish predicting new_energy_wind_ahead
2026-03-24 07:31:18,897 - INFO - 样本数量:2880
2026-03-24 07:31:18,897 - INFO - 训练模型: new_energy_solar_ahead
2026-03-24 07:31:38,401 - INFO - 保存模型到: /data00/chenjiajun/20250711/daily_test/jiangsu_power_cronjob_v1/local/checkpoints/new_energy_solar_ahead-ahead-by_day-noa-unweighted.json
2026-03-24 07:31:38,433 - INFO - 读取模型文件: /data00/chenjiajun/20250711/daily_test/jiangsu_power_cronjob_v1/local/checkpoints/new_energy_solar_ahead-ahead-by_day-noa-unweighted.json
2026-03-24 07:31:38,600 - INFO - Finish predicting new_energy_solar_ahead
2026-03-24 07:31:38,629 - INFO - new_energy_wind_ahead 预测准确率: 0.9722255793790141
2026-03-24 07:31:38,632 - INFO - new_energy_solar_ahead 预测准确率: 0.9934495967157507
2026-03-24 07:31:40,173 - INFO - [job] model: xgboost, train: False, labels: ['new_energy_wind_ahead', 'new_energy_solar_ahead'], date: 2026-03-23~2026-04-04, pipeline: 20260324-073140, meteo_source: HRES
2026-03-24 07:31:40,174 - data.py[line:1445] - INFO: Start to get meteo data.
2026-03-24 07:31:40,174 - INFO - Start to get meteo data.
/data00/chenjiajun/20250711/daily_test/jiangsu_power_cronjob_v1/api/io/mysql.py:27: UserWarning: pandas only supports SQLAlchemy connectable (engine/connection) or database string URI or sqlite3 DBAPI2 connection. Other DBAPI2 objects are not tested. Please consider using SQLAlchemy.
  df = pd.read_sql(
2026-03-24 07:31:42,617 - data.py[line:1459] - INFO: Finish getting meteo data.
2026-03-24 07:31:42,617 - INFO - Finish getting meteo data.
2026-03-24 07:31:42,629 - INFO - 样本数量:288
2026-03-24 07:31:42,629 - INFO - 读取模型文件: /data00/chenjiajun/20250711/daily_test/jiangsu_power_cronjob_v1/local/checkpoints/new_energy_wind_ahead-ahead-by_day-noa-unweighted.json
2026-03-24 07:31:43,734 - INFO - Finish predicting new_energy_wind_ahead
2026-03-24 07:31:44,092 - INFO - 所有日期处理完成: 原始288条记录 -> 新1152条记录
2026-03-24 07:31:44,094 - INFO - 样本数量:288
2026-03-24 07:31:44,094 - INFO - 读取模型文件: /data00/chenjiajun/20250711/daily_test/jiangsu_power_cronjob_v1/local/checkpoints/new_energy_solar_ahead-ahead-by_day-noa-unweighted.json
2026-03-24 07:31:44,189 - INFO - Finish predicting new_energy_solar_ahead
2026-03-24 07:31:44,368 - INFO - 所有日期处理完成: 原始288条记录 -> 新1152条记录
2026-03-24 07:31:44,484 - INFO - 成功连接到MongoDB
2026-03-24 07:33:12,842 - INFO - 处理完成 - 成功: 1056 条, 失败: 0 条
Current working directory: /data00/chenjiajun/20250711/daily_test/jiangsu_power_cronjob_v1
2026-03-25 07:30:03,667 - INFO - [job] model: xgboost, train: True, labels: ['new_energy_wind_ahead', 'new_energy_solar_ahead'], date: 2025-11-18~2026-03-18, pipeline: 20260325-073003, meteo_source: HRES
2026-03-25 07:30:03,668 - data.py[line:1416] - INFO: Start to get ahead data.
2026-03-25 07:30:03,668 - INFO - Start to get ahead data.
2026-03-25 07:30:08,586 - data.py[line:1425] - INFO: Finish getting ahead data.
2026-03-25 07:30:08,586 - INFO - Finish getting ahead data.
2026-03-25 07:30:08,587 - data.py[line:1428] - INFO: Start to get realtime data.
2026-03-25 07:30:08,587 - INFO - Start to get realtime data.
2026-03-25 07:30:08,587 - data.py[line:1439] - INFO: Finish getting realtime data.
2026-03-25 07:30:08,587 - INFO - Finish getting realtime data.
2026-03-25 07:30:08,589 - data.py[line:1445] - INFO: Start to get meteo data.
2026-03-25 07:30:08,589 - INFO - Start to get meteo data.
/data00/chenjiajun/20250711/daily_test/jiangsu_power_cronjob_v1/api/io/mysql.py:27: UserWarning: pandas only supports SQLAlchemy connectable (engine/connection) or database string URI or sqlite3 DBAPI2 connection. Other DBAPI2 objects are not tested. Please consider using SQLAlchemy.
  df = pd.read_sql(
2026-03-25 07:30:34,689 - data.py[line:1459] - INFO: Finish getting meteo data.
2026-03-25 07:30:34,689 - INFO - Finish getting meteo data.
2026-03-25 07:30:34,792 - INFO - 样本数量:2880
2026-03-25 07:30:34,792 - INFO - 训练模型: new_energy_wind_ahead
2026-03-25 07:31:49,730 - INFO - 保存模型到: /data00/chenjiajun/20250711/daily_test/jiangsu_power_cronjob_v1/local/checkpoints/new_energy_wind_ahead-ahead-by_day-noa-unweighted.json
2026-03-25 07:31:49,797 - INFO - 读取模型文件: /data00/chenjiajun/20250711/daily_test/jiangsu_power_cronjob_v1/local/checkpoints/new_energy_wind_ahead-ahead-by_day-noa-unweighted.json
2026-03-25 07:31:49,942 - INFO - Finish predicting new_energy_wind_ahead
2026-03-25 07:31:49,993 - INFO - 样本数量:2880
2026-03-25 07:31:49,993 - INFO - 训练模型: new_energy_solar_ahead
2026-03-25 07:31:51,440 - INFO - 保存模型到: /data00/chenjiajun/20250711/daily_test/jiangsu_power_cronjob_v1/local/checkpoints/new_energy_solar_ahead-ahead-by_day-noa-unweighted.json
2026-03-25 07:31:51,468 - INFO - 读取模型文件: /data00/chenjiajun/20250711/daily_test/jiangsu_power_cronjob_v1/local/checkpoints/new_energy_solar_ahead-ahead-by_day-noa-unweighted.json
2026-03-25 07:31:51,605 - INFO - Finish predicting new_energy_solar_ahead
2026-03-25 07:31:51,636 - INFO - new_energy_wind_ahead 预测准确率: 0.9724179693488998
2026-03-25 07:31:51,639 - INFO - new_energy_solar_ahead 预测准确率: 0.9936371686707038
2026-03-25 07:31:53,178 - INFO - [job] model: xgboost, train: False, labels: ['new_energy_wind_ahead', 'new_energy_solar_ahead'], date: 2026-03-24~2026-04-05, pipeline: 20260325-073153, meteo_source: HRES
2026-03-25 07:31:53,178 - data.py[line:1445] - INFO: Start to get meteo data.
2026-03-25 07:31:53,178 - INFO - Start to get meteo data.
/data00/chenjiajun/20250711/daily_test/jiangsu_power_cronjob_v1/api/io/mysql.py:27: UserWarning: pandas only supports SQLAlchemy connectable (engine/connection) or database string URI or sqlite3 DBAPI2 connection. Other DBAPI2 objects are not tested. Please consider using SQLAlchemy.
  df = pd.read_sql(
2026-03-25 07:31:55,792 - data.py[line:1459] - INFO: Finish getting meteo data.
2026-03-25 07:31:55,792 - INFO - Finish getting meteo data.
2026-03-25 07:31:55,805 - INFO - 样本数量:288
2026-03-25 07:31:55,805 - INFO - 读取模型文件: /data00/chenjiajun/20250711/daily_test/jiangsu_power_cronjob_v1/local/checkpoints/new_energy_wind_ahead-ahead-by_day-noa-unweighted.json
2026-03-25 07:31:56,859 - INFO - Finish predicting new_energy_wind_ahead
2026-03-25 07:31:57,203 - INFO - 所有日期处理完成: 原始288条记录 -> 新1152条记录
2026-03-25 07:31:57,205 - INFO - 样本数量:288
2026-03-25 07:31:57,205 - INFO - 读取模型文件: /data00/chenjiajun/20250711/daily_test/jiangsu_power_cronjob_v1/local/checkpoints/new_energy_solar_ahead-ahead-by_day-noa-unweighted.json
2026-03-25 07:31:57,324 - INFO - Finish predicting new_energy_solar_ahead
2026-03-25 07:31:57,491 - INFO - 所有日期处理完成: 原始288条记录 -> 新1152条记录
2026-03-25 07:31:57,613 - INFO - 成功连接到MongoDB
2026-03-25 07:33:23,507 - INFO - 处理完成 - 成功: 1056 条, 失败: 0 条
Current working directory: /data00/chenjiajun/20250711/daily_test/jiangsu_power_cronjob_v1
2026-03-26 07:30:03,292 - INFO - [job] model: xgboost, train: True, labels: ['new_energy_wind_ahead', 'new_energy_solar_ahead'], date: 2025-11-19~2026-03-19, pipeline: 20260326-073003, meteo_source: HRES
2026-03-26 07:30:03,293 - data.py[line:1416] - INFO: Start to get ahead data.
2026-03-26 07:30:03,293 - INFO - Start to get ahead data.
2026-03-26 07:30:08,287 - data.py[line:1425] - INFO: Finish getting ahead data.
2026-03-26 07:30:08,287 - INFO - Finish getting ahead data.
2026-03-26 07:30:08,287 - data.py[line:1428] - INFO: Start to get realtime data.
2026-03-26 07:30:08,287 - INFO - Start to get realtime data.
2026-03-26 07:30:08,287 - data.py[line:1439] - INFO: Finish getting realtime data.
2026-03-26 07:30:08,287 - INFO - Finish getting realtime data.
2026-03-26 07:30:08,289 - data.py[line:1445] - INFO: Start to get meteo data.
2026-03-26 07:30:08,289 - INFO - Start to get meteo data.
/data00/chenjiajun/20250711/daily_test/jiangsu_power_cronjob_v1/api/io/mysql.py:27: UserWarning: pandas only supports SQLAlchemy connectable (engine/connection) or database string URI or sqlite3 DBAPI2 connection. Other DBAPI2 objects are not tested. Please consider using SQLAlchemy.
  df = pd.read_sql(
2026-03-26 07:30:16,787 - data.py[line:1459] - INFO: Finish getting meteo data.
2026-03-26 07:30:16,787 - INFO - Finish getting meteo data.
2026-03-26 07:30:16,902 - INFO - 样本数量:2880
2026-03-26 07:30:16,903 - INFO - 训练模型: new_energy_wind_ahead
2026-03-26 07:31:28,187 - INFO - 保存模型到: /data00/chenjiajun/20250711/daily_test/jiangsu_power_cronjob_v1/local/checkpoints/new_energy_wind_ahead-ahead-by_day-noa-unweighted.json
2026-03-26 07:31:28,226 - INFO - 读取模型文件: /data00/chenjiajun/20250711/daily_test/jiangsu_power_cronjob_v1/local/checkpoints/new_energy_wind_ahead-ahead-by_day-noa-unweighted.json
2026-03-26 07:31:28,363 - INFO - Finish predicting new_energy_wind_ahead
2026-03-26 07:31:28,402 - INFO - 样本数量:2880
2026-03-26 07:31:28,402 - INFO - 训练模型: new_energy_solar_ahead
2026-03-26 07:31:29,747 - INFO - 保存模型到: /data00/chenjiajun/20250711/daily_test/jiangsu_power_cronjob_v1/local/checkpoints/new_energy_solar_ahead-ahead-by_day-noa-unweighted.json
2026-03-26 07:31:29,775 - INFO - 读取模型文件: /data00/chenjiajun/20250711/daily_test/jiangsu_power_cronjob_v1/local/checkpoints/new_energy_solar_ahead-ahead-by_day-noa-unweighted.json
2026-03-26 07:31:29,886 - INFO - Finish predicting new_energy_solar_ahead
2026-03-26 07:31:29,917 - INFO - new_energy_wind_ahead 预测准确率: 0.972051108112442
2026-03-26 07:31:29,920 - INFO - new_energy_solar_ahead 预测准确率: 0.9933916704491058
2026-03-26 07:31:31,393 - INFO - [job] model: xgboost, train: False, labels: ['new_energy_wind_ahead', 'new_energy_solar_ahead'], date: 2026-03-25~2026-04-06, pipeline: 20260326-073131, meteo_source: HRES
2026-03-26 07:31:31,393 - data.py[line:1445] - INFO: Start to get meteo data.
2026-03-26 07:31:31,393 - INFO - Start to get meteo data.
/data00/chenjiajun/20250711/daily_test/jiangsu_power_cronjob_v1/api/io/mysql.py:27: UserWarning: pandas only supports SQLAlchemy connectable (engine/connection) or database string URI or sqlite3 DBAPI2 connection. Other DBAPI2 objects are not tested. Please consider using SQLAlchemy.
  df = pd.read_sql(
2026-03-26 07:31:33,964 - data.py[line:1459] - INFO: Finish getting meteo data.
2026-03-26 07:31:33,964 - INFO - Finish getting meteo data.
2026-03-26 07:31:33,976 - INFO - 样本数量:288
2026-03-26 07:31:33,976 - INFO - 读取模型文件: /data00/chenjiajun/20250711/daily_test/jiangsu_power_cronjob_v1/local/checkpoints/new_energy_wind_ahead-ahead-by_day-noa-unweighted.json
2026-03-26 07:31:35,062 - INFO - Finish predicting new_energy_wind_ahead
2026-03-26 07:31:35,432 - INFO - 所有日期处理完成: 原始288条记录 -> 新1152条记录
2026-03-26 07:31:35,434 - INFO - 样本数量:288
2026-03-26 07:31:35,434 - INFO - 读取模型文件: /data00/chenjiajun/20250711/daily_test/jiangsu_power_cronjob_v1/local/checkpoints/new_energy_solar_ahead-ahead-by_day-noa-unweighted.json
2026-03-26 07:31:35,606 - INFO - Finish predicting new_energy_solar_ahead
2026-03-26 07:31:35,782 - INFO - 所有日期处理完成: 原始288条记录 -> 新1152条记录
2026-03-26 07:31:35,884 - INFO - 成功连接到MongoDB
2026-03-26 07:33:02,492 - INFO - 处理完成 - 成功: 1056 条, 失败: 0 条
Current working directory: /data00/chenjiajun/20250711/daily_test/jiangsu_power_cronjob_v1
2026-03-27 07:30:03,821 - INFO - [job] model: xgboost, train: True, labels: ['new_energy_wind_ahead', 'new_energy_solar_ahead'], date: 2025-11-20~2026-03-20, pipeline: 20260327-073003, meteo_source: HRES
2026-03-27 07:30:03,823 - data.py[line:1416] - INFO: Start to get ahead data.
2026-03-27 07:30:03,823 - INFO - Start to get ahead data.
2026-03-27 07:30:08,813 - data.py[line:1425] - INFO: Finish getting ahead data.
2026-03-27 07:30:08,813 - INFO - Finish getting ahead data.
2026-03-27 07:30:08,814 - data.py[line:1428] - INFO: Start to get realtime data.
2026-03-27 07:30:08,814 - INFO - Start to get realtime data.
2026-03-27 07:30:08,814 - data.py[line:1439] - INFO: Finish getting realtime data.
2026-03-27 07:30:08,814 - INFO - Finish getting realtime data.
2026-03-27 07:30:08,816 - data.py[line:1445] - INFO: Start to get meteo data.
2026-03-27 07:30:08,816 - INFO - Start to get meteo data.
/data00/chenjiajun/20250711/daily_test/jiangsu_power_cronjob_v1/api/io/mysql.py:27: UserWarning: pandas only supports SQLAlchemy connectable (engine/connection) or database string URI or sqlite3 DBAPI2 connection. Other DBAPI2 objects are not tested. Please consider using SQLAlchemy.
  df = pd.read_sql(
2026-03-27 07:30:23,038 - data.py[line:1459] - INFO: Finish getting meteo data.
2026-03-27 07:30:23,038 - INFO - Finish getting meteo data.
2026-03-27 07:30:23,154 - INFO - 样本数量:2880
2026-03-27 07:30:23,154 - INFO - 训练模型: new_energy_wind_ahead
2026-03-27 07:30:59,646 - INFO - 保存模型到: /data00/chenjiajun/20250711/daily_test/jiangsu_power_cronjob_v1/local/checkpoints/new_energy_wind_ahead-ahead-by_day-noa-unweighted.json
2026-03-27 07:30:59,687 - INFO - 读取模型文件: /data00/chenjiajun/20250711/daily_test/jiangsu_power_cronjob_v1/local/checkpoints/new_energy_wind_ahead-ahead-by_day-noa-unweighted.json
2026-03-27 07:30:59,832 - INFO - Finish predicting new_energy_wind_ahead
2026-03-27 07:30:59,874 - INFO - 样本数量:2880
2026-03-27 07:30:59,874 - INFO - 训练模型: new_energy_solar_ahead
2026-03-27 07:31:27,981 - INFO - 保存模型到: /data00/chenjiajun/20250711/daily_test/jiangsu_power_cronjob_v1/local/checkpoints/new_energy_solar_ahead-ahead-by_day-noa-unweighted.json
2026-03-27 07:31:28,011 - INFO - 读取模型文件: /data00/chenjiajun/20250711/daily_test/jiangsu_power_cronjob_v1/local/checkpoints/new_energy_solar_ahead-ahead-by_day-noa-unweighted.json
2026-03-27 07:31:28,106 - INFO - Finish predicting new_energy_solar_ahead
2026-03-27 07:31:28,134 - INFO - new_energy_wind_ahead 预测准确率: 0.9705427948945609
2026-03-27 07:31:28,137 - INFO - new_energy_solar_ahead 预测准确率: 0.9932834477283506
2026-03-27 07:31:29,606 - INFO - [job] model: xgboost, train: False, labels: ['new_energy_wind_ahead', 'new_energy_solar_ahead'], date: 2026-03-26~2026-04-07, pipeline: 20260327-073129, meteo_source: HRES
2026-03-27 07:31:29,607 - data.py[line:1445] - INFO: Start to get meteo data.
2026-03-27 07:31:29,607 - INFO - Start to get meteo data.
/data00/chenjiajun/20250711/daily_test/jiangsu_power_cronjob_v1/api/io/mysql.py:27: UserWarning: pandas only supports SQLAlchemy connectable (engine/connection) or database string URI or sqlite3 DBAPI2 connection. Other DBAPI2 objects are not tested. Please consider using SQLAlchemy.
  df = pd.read_sql(
2026-03-27 07:31:33,113 - data.py[line:1459] - INFO: Finish getting meteo data.
2026-03-27 07:31:33,113 - INFO - Finish getting meteo data.
2026-03-27 07:31:33,126 - INFO - 样本数量:288
2026-03-27 07:31:33,126 - INFO - 读取模型文件: /data00/chenjiajun/20250711/daily_test/jiangsu_power_cronjob_v1/local/checkpoints/new_energy_wind_ahead-ahead-by_day-noa-unweighted.json
2026-03-27 07:31:34,215 - INFO - Finish predicting new_energy_wind_ahead
2026-03-27 07:31:34,557 - INFO - 所有日期处理完成: 原始288条记录 -> 新1152条记录
2026-03-27 07:31:34,559 - INFO - 样本数量:288
2026-03-27 07:31:34,559 - INFO - 读取模型文件: /data00/chenjiajun/20250711/daily_test/jiangsu_power_cronjob_v1/local/checkpoints/new_energy_solar_ahead-ahead-by_day-noa-unweighted.json
2026-03-27 07:31:34,668 - INFO - Finish predicting new_energy_solar_ahead
2026-03-27 07:31:34,842 - INFO - 所有日期处理完成: 原始288条记录 -> 新1152条记录
2026-03-27 07:31:34,947 - INFO - 成功连接到MongoDB
2026-03-27 07:33:11,584 - INFO - 处理完成 - 成功: 1056 条, 失败: 0 条
Current working directory: /data00/chenjiajun/20250711/daily_test/jiangsu_power_cronjob_v1
2026-03-28 07:30:03,603 - INFO - [job] model: xgboost, train: True, labels: ['new_energy_wind_ahead', 'new_energy_solar_ahead'], date: 2025-11-21~2026-03-21, pipeline: 20260328-073003, meteo_source: HRES
2026-03-28 07:30:03,604 - data.py[line:1416] - INFO: Start to get ahead data.
2026-03-28 07:30:03,604 - INFO - Start to get ahead data.
2026-03-28 07:30:08,528 - data.py[line:1425] - INFO: Finish getting ahead data.
2026-03-28 07:30:08,528 - INFO - Finish getting ahead data.
2026-03-28 07:30:08,529 - data.py[line:1428] - INFO: Start to get realtime data.
2026-03-28 07:30:08,529 - INFO - Start to get realtime data.
2026-03-28 07:30:08,529 - data.py[line:1439] - INFO: Finish getting realtime data.
2026-03-28 07:30:08,529 - INFO - Finish getting realtime data.
2026-03-28 07:30:08,531 - data.py[line:1445] - INFO: Start to get meteo data.
2026-03-28 07:30:08,531 - INFO - Start to get meteo data.
/data00/chenjiajun/20250711/daily_test/jiangsu_power_cronjob_v1/api/io/mysql.py:27: UserWarning: pandas only supports SQLAlchemy connectable (engine/connection) or database string URI or sqlite3 DBAPI2 connection. Other DBAPI2 objects are not tested. Please consider using SQLAlchemy.
  df = pd.read_sql(
2026-03-28 07:30:35,991 - data.py[line:1459] - INFO: Finish getting meteo data.
2026-03-28 07:30:35,991 - INFO - Finish getting meteo data.
2026-03-28 07:30:36,095 - INFO - 样本数量:2880
2026-03-28 07:30:36,095 - INFO - 训练模型: new_energy_wind_ahead
2026-03-28 07:31:22,908 - INFO - 保存模型到: /data00/chenjiajun/20250711/daily_test/jiangsu_power_cronjob_v1/local/checkpoints/new_energy_wind_ahead-ahead-by_day-noa-unweighted.json
2026-03-28 07:31:22,952 - INFO - 读取模型文件: /data00/chenjiajun/20250711/daily_test/jiangsu_power_cronjob_v1/local/checkpoints/new_energy_wind_ahead-ahead-by_day-noa-unweighted.json
2026-03-28 07:31:23,088 - INFO - Finish predicting new_energy_wind_ahead
2026-03-28 07:31:23,129 - INFO - 样本数量:2880
2026-03-28 07:31:23,129 - INFO - 训练模型: new_energy_solar_ahead
2026-03-28 07:31:48,842 - INFO - 保存模型到: /data00/chenjiajun/20250711/daily_test/jiangsu_power_cronjob_v1/local/checkpoints/new_energy_solar_ahead-ahead-by_day-noa-unweighted.json
2026-03-28 07:31:48,873 - INFO - 读取模型文件: /data00/chenjiajun/20250711/daily_test/jiangsu_power_cronjob_v1/local/checkpoints/new_energy_solar_ahead-ahead-by_day-noa-unweighted.json
2026-03-28 07:31:48,967 - INFO - Finish predicting new_energy_solar_ahead
2026-03-28 07:31:48,995 - INFO - new_energy_wind_ahead 预测准确率: 0.9733841358990689
2026-03-28 07:31:48,998 - INFO - new_energy_solar_ahead 预测准确率: 0.993595962529685
2026-03-28 07:31:50,496 - INFO - [job] model: xgboost, train: False, labels: ['new_energy_wind_ahead', 'new_energy_solar_ahead'], date: 2026-03-27~2026-04-08, pipeline: 20260328-073150, meteo_source: HRES
2026-03-28 07:31:50,497 - data.py[line:1445] - INFO: Start to get meteo data.
2026-03-28 07:31:50,497 - INFO - Start to get meteo data.
/data00/chenjiajun/20250711/daily_test/jiangsu_power_cronjob_v1/api/io/mysql.py:27: UserWarning: pandas only supports SQLAlchemy connectable (engine/connection) or database string URI or sqlite3 DBAPI2 connection. Other DBAPI2 objects are not tested. Please consider using SQLAlchemy.
  df = pd.read_sql(
2026-03-28 07:31:52,953 - data.py[line:1459] - INFO: Finish getting meteo data.
2026-03-28 07:31:52,953 - INFO - Finish getting meteo data.
2026-03-28 07:31:52,966 - INFO - 样本数量:288
2026-03-28 07:31:52,966 - INFO - 读取模型文件: /data00/chenjiajun/20250711/daily_test/jiangsu_power_cronjob_v1/local/checkpoints/new_energy_wind_ahead-ahead-by_day-noa-unweighted.json
2026-03-28 07:31:54,109 - INFO - Finish predicting new_energy_wind_ahead
2026-03-28 07:31:54,539 - INFO - 所有日期处理完成: 原始288条记录 -> 新1152条记录
2026-03-28 07:31:54,542 - INFO - 样本数量:288
2026-03-28 07:31:54,542 - INFO - 读取模型文件: /data00/chenjiajun/20250711/daily_test/jiangsu_power_cronjob_v1/local/checkpoints/new_energy_solar_ahead-ahead-by_day-noa-unweighted.json
2026-03-28 07:31:54,692 - INFO - Finish predicting new_energy_solar_ahead
2026-03-28 07:31:54,894 - INFO - 所有日期处理完成: 原始288条记录 -> 新1152条记录
2026-03-28 07:31:55,020 - INFO - 成功连接到MongoDB
2026-03-28 07:33:27,087 - INFO - 处理完成 - 成功: 1056 条, 失败: 0 条
Current working directory: /data00/chenjiajun/20250711/daily_test/jiangsu_power_cronjob_v1
2026-03-29 07:30:03,638 - INFO - [job] model: xgboost, train: True, labels: ['new_energy_wind_ahead', 'new_energy_solar_ahead'], date: 2025-11-22~2026-03-22, pipeline: 20260329-073003, meteo_source: HRES
2026-03-29 07:30:03,639 - data.py[line:1416] - INFO: Start to get ahead data.
2026-03-29 07:30:03,639 - INFO - Start to get ahead data.
2026-03-29 07:30:08,688 - data.py[line:1425] - INFO: Finish getting ahead data.
2026-03-29 07:30:08,688 - INFO - Finish getting ahead data.
2026-03-29 07:30:08,689 - data.py[line:1428] - INFO: Start to get realtime data.
2026-03-29 07:30:08,689 - INFO - Start to get realtime data.
2026-03-29 07:30:08,689 - data.py[line:1439] - INFO: Finish getting realtime data.
2026-03-29 07:30:08,689 - INFO - Finish getting realtime data.
2026-03-29 07:30:08,691 - data.py[line:1445] - INFO: Start to get meteo data.
2026-03-29 07:30:08,691 - INFO - Start to get meteo data.
/data00/chenjiajun/20250711/daily_test/jiangsu_power_cronjob_v1/api/io/mysql.py:27: UserWarning: pandas only supports SQLAlchemy connectable (engine/connection) or database string URI or sqlite3 DBAPI2 connection. Other DBAPI2 objects are not tested. Please consider using SQLAlchemy.
  df = pd.read_sql(
2026-03-29 07:30:42,292 - data.py[line:1459] - INFO: Finish getting meteo data.
2026-03-29 07:30:42,292 - INFO - Finish getting meteo data.
2026-03-29 07:30:42,407 - INFO - 样本数量:2880
2026-03-29 07:30:42,407 - INFO - 训练模型: new_energy_wind_ahead
2026-03-29 07:31:45,568 - INFO - 保存模型到: /data00/chenjiajun/20250711/daily_test/jiangsu_power_cronjob_v1/local/checkpoints/new_energy_wind_ahead-ahead-by_day-noa-unweighted.json
2026-03-29 07:31:45,610 - INFO - 读取模型文件: /data00/chenjiajun/20250711/daily_test/jiangsu_power_cronjob_v1/local/checkpoints/new_energy_wind_ahead-ahead-by_day-noa-unweighted.json
2026-03-29 07:31:45,746 - INFO - Finish predicting new_energy_wind_ahead
2026-03-29 07:31:45,786 - INFO - 样本数量:2880
2026-03-29 07:31:45,787 - INFO - 训练模型: new_energy_solar_ahead
2026-03-29 07:32:10,246 - INFO - 保存模型到: /data00/chenjiajun/20250711/daily_test/jiangsu_power_cronjob_v1/local/checkpoints/new_energy_solar_ahead-ahead-by_day-noa-unweighted.json
2026-03-29 07:32:10,274 - INFO - 读取模型文件: /data00/chenjiajun/20250711/daily_test/jiangsu_power_cronjob_v1/local/checkpoints/new_energy_solar_ahead-ahead-by_day-noa-unweighted.json
2026-03-29 07:32:10,366 - INFO - Finish predicting new_energy_solar_ahead
2026-03-29 07:32:10,397 - INFO - new_energy_wind_ahead 预测准确率: 0.9728061025936714
2026-03-29 07:32:10,400 - INFO - new_energy_solar_ahead 预测准确率: 0.9936071763099034
2026-03-29 07:32:11,912 - INFO - [job] model: xgboost, train: False, labels: ['new_energy_wind_ahead', 'new_energy_solar_ahead'], date: 2026-03-28~2026-04-09, pipeline: 20260329-073211, meteo_source: HRES
2026-03-29 07:32:11,913 - data.py[line:1445] - INFO: Start to get meteo data.
2026-03-29 07:32:11,913 - INFO - Start to get meteo data.
/data00/chenjiajun/20250711/daily_test/jiangsu_power_cronjob_v1/api/io/mysql.py:27: UserWarning: pandas only supports SQLAlchemy connectable (engine/connection) or database string URI or sqlite3 DBAPI2 connection. Other DBAPI2 objects are not tested. Please consider using SQLAlchemy.
  df = pd.read_sql(
2026-03-29 07:32:14,591 - data.py[line:1459] - INFO: Finish getting meteo data.
2026-03-29 07:32:14,591 - INFO - Finish getting meteo data.
2026-03-29 07:32:14,604 - INFO - 样本数量:288
2026-03-29 07:32:14,604 - INFO - 读取模型文件: /data00/chenjiajun/20250711/daily_test/jiangsu_power_cronjob_v1/local/checkpoints/new_energy_wind_ahead-ahead-by_day-noa-unweighted.json
2026-03-29 07:32:15,816 - INFO - Finish predicting new_energy_wind_ahead
2026-03-29 07:32:16,228 - INFO - 所有日期处理完成: 原始288条记录 -> 新1152条记录
2026-03-29 07:32:16,231 - INFO - 样本数量:288
2026-03-29 07:32:16,231 - INFO - 读取模型文件: /data00/chenjiajun/20250711/daily_test/jiangsu_power_cronjob_v1/local/checkpoints/new_energy_solar_ahead-ahead-by_day-noa-unweighted.json
2026-03-29 07:32:16,366 - INFO - Finish predicting new_energy_solar_ahead
2026-03-29 07:32:16,569 - INFO - 所有日期处理完成: 原始288条记录 -> 新1152条记录
2026-03-29 07:32:16,688 - INFO - 成功连接到MongoDB
2026-03-29 07:33:59,012 - INFO - 处理完成 - 成功: 1056 条, 失败: 0 条
Current working directory: /data00/chenjiajun/20250711/daily_test/jiangsu_power_cronjob_v1
2026-03-30 07:30:04,063 - INFO - [job] model: xgboost, train: True, labels: ['new_energy_wind_ahead', 'new_energy_solar_ahead'], date: 2025-11-23~2026-03-23, pipeline: 20260330-073004, meteo_source: HRES
2026-03-30 07:30:04,064 - data.py[line:1416] - INFO: Start to get ahead data.
2026-03-30 07:30:04,064 - INFO - Start to get ahead data.
2026-03-30 07:30:09,121 - data.py[line:1425] - INFO: Finish getting ahead data.
2026-03-30 07:30:09,121 - INFO - Finish getting ahead data.
2026-03-30 07:30:09,121 - data.py[line:1428] - INFO: Start to get realtime data.
2026-03-30 07:30:09,121 - INFO - Start to get realtime data.
2026-03-30 07:30:09,122 - data.py[line:1439] - INFO: Finish getting realtime data.
2026-03-30 07:30:09,122 - INFO - Finish getting realtime data.
2026-03-30 07:30:09,124 - data.py[line:1445] - INFO: Start to get meteo data.
2026-03-30 07:30:09,124 - INFO - Start to get meteo data.
/data00/chenjiajun/20250711/daily_test/jiangsu_power_cronjob_v1/api/io/mysql.py:27: UserWarning: pandas only supports SQLAlchemy connectable (engine/connection) or database string URI or sqlite3 DBAPI2 connection. Other DBAPI2 objects are not tested. Please consider using SQLAlchemy.
  df = pd.read_sql(
2026-03-30 07:30:37,448 - data.py[line:1459] - INFO: Finish getting meteo data.
2026-03-30 07:30:37,448 - INFO - Finish getting meteo data.
2026-03-30 07:30:37,558 - INFO - 样本数量:2880
2026-03-30 07:30:37,558 - INFO - 训练模型: new_energy_wind_ahead
2026-03-30 07:31:48,116 - INFO - 保存模型到: /data00/chenjiajun/20250711/daily_test/jiangsu_power_cronjob_v1/local/checkpoints/new_energy_wind_ahead-ahead-by_day-noa-unweighted.json
2026-03-30 07:31:48,157 - INFO - 读取模型文件: /data00/chenjiajun/20250711/daily_test/jiangsu_power_cronjob_v1/local/checkpoints/new_energy_wind_ahead-ahead-by_day-noa-unweighted.json
2026-03-30 07:31:48,289 - INFO - Finish predicting new_energy_wind_ahead
2026-03-30 07:31:48,331 - INFO - 样本数量:2880
2026-03-30 07:31:48,331 - INFO - 训练模型: new_energy_solar_ahead
2026-03-30 07:31:49,820 - INFO - 保存模型到: /data00/chenjiajun/20250711/daily_test/jiangsu_power_cronjob_v1/local/checkpoints/new_energy_solar_ahead-ahead-by_day-noa-unweighted.json
2026-03-30 07:31:49,849 - INFO - 读取模型文件: /data00/chenjiajun/20250711/daily_test/jiangsu_power_cronjob_v1/local/checkpoints/new_energy_solar_ahead-ahead-by_day-noa-unweighted.json
2026-03-30 07:31:49,942 - INFO - Finish predicting new_energy_solar_ahead
2026-03-30 07:31:49,971 - INFO - new_energy_wind_ahead 预测准确率: 0.9719827601375901
2026-03-30 07:31:49,974 - INFO - new_energy_solar_ahead 预测准确率: 0.9932252359938146
2026-03-30 07:31:51,464 - INFO - [job] model: xgboost, train: False, labels: ['new_energy_wind_ahead', 'new_energy_solar_ahead'], date: 2026-03-29~2026-04-10, pipeline: 20260330-073151, meteo_source: HRES
2026-03-30 07:31:51,465 - data.py[line:1445] - INFO: Start to get meteo data.
2026-03-30 07:31:51,465 - INFO - Start to get meteo data.
/data00/chenjiajun/20250711/daily_test/jiangsu_power_cronjob_v1/api/io/mysql.py:27: UserWarning: pandas only supports SQLAlchemy connectable (engine/connection) or database string URI or sqlite3 DBAPI2 connection. Other DBAPI2 objects are not tested. Please consider using SQLAlchemy.
  df = pd.read_sql(
2026-03-30 07:31:53,581 - data.py[line:1459] - INFO: Finish getting meteo data.
2026-03-30 07:31:53,581 - INFO - Finish getting meteo data.
2026-03-30 07:31:53,593 - INFO - 样本数量:288
2026-03-30 07:31:53,593 - INFO - 读取模型文件: /data00/chenjiajun/20250711/daily_test/jiangsu_power_cronjob_v1/local/checkpoints/new_energy_wind_ahead-ahead-by_day-noa-unweighted.json
2026-03-30 07:31:54,740 - INFO - Finish predicting new_energy_wind_ahead
2026-03-30 07:31:55,116 - INFO - 所有日期处理完成: 原始288条记录 -> 新1152条记录
2026-03-30 07:31:55,119 - INFO - 样本数量:288
2026-03-30 07:31:55,119 - INFO - 读取模型文件: /data00/chenjiajun/20250711/daily_test/jiangsu_power_cronjob_v1/local/checkpoints/new_energy_solar_ahead-ahead-by_day-noa-unweighted.json
2026-03-30 07:31:55,250 - INFO - Finish predicting new_energy_solar_ahead
2026-03-30 07:31:55,471 - INFO - 所有日期处理完成: 原始288条记录 -> 新1152条记录
2026-03-30 07:31:55,595 - INFO - 成功连接到MongoDB
2026-03-30 07:33:42,664 - INFO - 处理完成 - 成功: 1056 条, 失败: 0 条
Current working directory: /data00/chenjiajun/20250711/daily_test/jiangsu_power_cronjob_v1
2026-03-31 07:30:03,784 - INFO - [job] model: xgboost, train: True, labels: ['new_energy_wind_ahead', 'new_energy_solar_ahead'], date: 2025-11-24~2026-03-24, pipeline: 20260331-073003, meteo_source: HRES
2026-03-31 07:30:03,785 - data.py[line:1416] - INFO: Start to get ahead data.
2026-03-31 07:30:03,785 - INFO - Start to get ahead data.
2026-03-31 07:30:48,972 - data.py[line:1425] - INFO: Finish getting ahead data.
2026-03-31 07:30:48,972 - INFO - Finish getting ahead data.
2026-03-31 07:30:48,972 - data.py[line:1428] - INFO: Start to get realtime data.
2026-03-31 07:30:48,972 - INFO - Start to get realtime data.
2026-03-31 07:30:48,972 - data.py[line:1439] - INFO: Finish getting realtime data.
2026-03-31 07:30:48,972 - INFO - Finish getting realtime data.
2026-03-31 07:30:48,974 - data.py[line:1445] - INFO: Start to get meteo data.
2026-03-31 07:30:48,974 - INFO - Start to get meteo data.
/data00/chenjiajun/20250711/daily_test/jiangsu_power_cronjob_v1/api/io/mysql.py:27: UserWarning: pandas only supports SQLAlchemy connectable (engine/connection) or database string URI or sqlite3 DBAPI2 connection. Other DBAPI2 objects are not tested. Please consider using SQLAlchemy.
  df = pd.read_sql(
2026-03-31 07:31:18,796 - data.py[line:1459] - INFO: Finish getting meteo data.
2026-03-31 07:31:18,796 - INFO - Finish getting meteo data.
2026-03-31 07:31:18,921 - INFO - 样本数量:2880
2026-03-31 07:31:18,921 - INFO - 训练模型: new_energy_wind_ahead
2026-03-31 07:32:05,607 - INFO - 保存模型到: /data00/chenjiajun/20250711/daily_test/jiangsu_power_cronjob_v1/local/checkpoints/new_energy_wind_ahead-ahead-by_day-noa-unweighted.json
2026-03-31 07:32:05,654 - INFO - 读取模型文件: /data00/chenjiajun/20250711/daily_test/jiangsu_power_cronjob_v1/local/checkpoints/new_energy_wind_ahead-ahead-by_day-noa-unweighted.json
2026-03-31 07:32:05,806 - INFO - Finish predicting new_energy_wind_ahead
2026-03-31 07:32:05,847 - INFO - 样本数量:2880
2026-03-31 07:32:05,848 - INFO - 训练模型: new_energy_solar_ahead
2026-03-31 07:32:11,895 - INFO - 保存模型到: /data00/chenjiajun/20250711/daily_test/jiangsu_power_cronjob_v1/local/checkpoints/new_energy_solar_ahead-ahead-by_day-noa-unweighted.json
2026-03-31 07:32:11,923 - INFO - 读取模型文件: /data00/chenjiajun/20250711/daily_test/jiangsu_power_cronjob_v1/local/checkpoints/new_energy_solar_ahead-ahead-by_day-noa-unweighted.json
2026-03-31 07:32:12,010 - INFO - Finish predicting new_energy_solar_ahead
2026-03-31 07:32:12,040 - INFO - new_energy_wind_ahead 预测准确率: 0.972199232419076
2026-03-31 07:32:12,043 - INFO - new_energy_solar_ahead 预测准确率: 0.992908716975318
2026-03-31 07:32:13,581 - INFO - [job] model: xgboost, train: False, labels: ['new_energy_wind_ahead', 'new_energy_solar_ahead'], date: 2026-03-30~2026-04-11, pipeline: 20260331-073213, meteo_source: HRES
2026-03-31 07:32:13,582 - data.py[line:1445] - INFO: Start to get meteo data.
2026-03-31 07:32:13,582 - INFO - Start to get meteo data.
/data00/chenjiajun/20250711/daily_test/jiangsu_power_cronjob_v1/api/io/mysql.py:27: UserWarning: pandas only supports SQLAlchemy connectable (engine/connection) or database string URI or sqlite3 DBAPI2 connection. Other DBAPI2 objects are not tested. Please consider using SQLAlchemy.
  df = pd.read_sql(
2026-03-31 07:32:16,603 - data.py[line:1459] - INFO: Finish getting meteo data.
2026-03-31 07:32:16,603 - INFO - Finish getting meteo data.
2026-03-31 07:32:16,617 - INFO - 样本数量:288
2026-03-31 07:32:16,617 - INFO - 读取模型文件: /data00/chenjiajun/20250711/daily_test/jiangsu_power_cronjob_v1/local/checkpoints/new_energy_wind_ahead-ahead-by_day-noa-unweighted.json
2026-03-31 07:32:17,796 - INFO - Finish predicting new_energy_wind_ahead
2026-03-31 07:32:18,235 - INFO - 所有日期处理完成: 原始288条记录 -> 新1152条记录
2026-03-31 07:32:18,238 - INFO - 样本数量:288
2026-03-31 07:32:18,238 - INFO - 读取模型文件: /data00/chenjiajun/20250711/daily_test/jiangsu_power_cronjob_v1/local/checkpoints/new_energy_solar_ahead-ahead-by_day-noa-unweighted.json
2026-03-31 07:32:18,361 - INFO - Finish predicting new_energy_solar_ahead
2026-03-31 07:32:18,571 - INFO - 所有日期处理完成: 原始288条记录 -> 新1152条记录
2026-03-31 07:32:19,415 - INFO - 成功连接到MongoDB
/data00/chenjiajun/20250711/daily_test/jiangsu_power_cronjob_v1/run.sh: line 22: 2064691 Killed                  python jiangsu_power.py predict
